Nonimmigrant Visa Issuances by Nationality                                                      April 2024 (FY 2024),,
Nationality,Visa Class,Issuances
Afghanistan,B1,2
Afghanistan,B1/B2,166
Afghanistan,F1,4
Afghanistan,G4,11
Afghanistan,J1,1
Afghanistan,J2,4
Afghanistan,K1,18
Albania,A2,16
Albania,B1/B2,"2,761"
Albania,C1,1
Albania,C1/D,8
Albania,F1,3
Albania,F2,1
Albania,G2,2
Albania,G4,9
Albania,H1B,2
Albania,J1,119
Albania,K1,7
Albania,L1,1
Albania,NATO2,22
Albania,NATO6,1
Albania,P3,5
Algeria,A2,14
Algeria,B1/B2,"1,610"
Algeria,C1,2
Algeria,D,22
Algeria,F1,14
Algeria,F2,1
Algeria,G1,1
Algeria,G2,4
Algeria,G4,5
Algeria,H4,2
Algeria,I,3
Algeria,J1,13
Algeria,K1,12
Algeria,L1,4
Algeria,L2,4
Algeria,O1,1
Andorra,G2,1
Andorra,J1,1
Andorra,L2,2
Angola,A1,17
Angola,A2,114
Angola,B1,3
Angola,B1/B2,492
Angola,C1/D,19
Angola,F1,24
Angola,F2,3
Angola,G2,6
Angola,G4,2
Angola,I,5
Angola,J1,5
Angola,K1,1
Angola,L1,1
Angola,L2,3
Anguilla,B1/B2,3
Antigua and Barbuda,A1,1
Antigua and Barbuda,A2,1
Antigua and Barbuda,B1/B2,312
Antigua and Barbuda,C1/D,1
Antigua and Barbuda,F1,1
Antigua and Barbuda,H1B,2
Antigua and Barbuda,H2B,3
Antigua and Barbuda,J1,7
Antigua and Barbuda,P3,2
Argentina,A1,4
Argentina,A2,43
Argentina,A3,1
Argentina,B1,5
Argentina,B1/B2,"24,716"
Argentina,B2,66
Argentina,C1,8
Argentina,C1/D,142
Argentina,C3,1
Argentina,E1,1
Argentina,E2,57
Argentina,F1,102
Argentina,F2,12
Argentina,G1,1
Argentina,G2,10
Argentina,G4,28
Argentina,H1B,16
Argentina,H2A,3
Argentina,H2B,20
Argentina,H3,1
Argentina,H4,10
Argentina,I,32
Argentina,J1,278
Argentina,J2,22
Argentina,K1,13
Argentina,L1,50
Argentina,L2,54
Argentina,M1,1
Argentina,O1,30
Argentina,O2,8
Argentina,O3,20
Argentina,P1,47
Argentina,P3,7
Argentina,P4,16
Argentina,R1,7
Armenia,A1,3
Armenia,A2,33
Armenia,B1,1
Armenia,B1/B2,"1,076"
Armenia,E2,3
Armenia,F1,5
Armenia,G2,7
Armenia,G4,3
Armenia,H1B,1
Armenia,I,2
Armenia,J1,49
Armenia,K1,14
Armenia,O1,3
Armenia,O2,1
Armenia,P1,8
Armenia,R1,1
Armenia,R2,4
Australia,A1,13
Australia,A2,452
Australia,B1,3
Australia,B1/B2,982
Australia,B2,1
Australia,C1,6
Australia,C1/D,200
Australia,C3,5
Australia,E1,1
Australia,E2,30
Australia,E3,370
Australia,E3D,224
Australia,E3R,254
Australia,F1,125
Australia,F2,2
Australia,G1,3
Australia,G2,9
Australia,G4,15
Australia,H1B,35
Australia,H2A,6
Australia,H2B,7
Australia,H3,4
Australia,H4,11
Australia,I,33
Australia,J1,578
Australia,J2,22
Australia,K1,18
Australia,L1,84
Australia,L2,89
Australia,M1,6
Australia,O1,54
Australia,O2,30
Australia,O3,11
Australia,P1,33
Australia,P2,1
Australia,R1,8
Australia,R2,1
Australia,TD,2
Austria,A1,2
Austria,A2,59
Austria,B1/B2,287
Austria,C1/D,101
Austria,E1,3
Austria,E2,26
Austria,F1,22
Austria,F2,4
Austria,G1,2
Austria,G2,4
Austria,G4,8
Austria,H1B,4
Austria,H4,1
Austria,I,4
Austria,J1,90
Austria,J2,4
Austria,K1,2
Austria,L1,42
Austria,L2,6
Austria,M1,2
Austria,O1,7
Austria,O2,6
Austria,O3,1
Austria,P1,3
Austria,P3,1
Azerbaijan,A1,9
Azerbaijan,A2,30
Azerbaijan,B1,6
Azerbaijan,B1/B2,870
Azerbaijan,C1/D,25
Azerbaijan,E2,1
Azerbaijan,F1,49
Azerbaijan,F2,2
Azerbaijan,G1,1
Azerbaijan,G2,54
Azerbaijan,G4,8
Azerbaijan,H1B,2
Azerbaijan,H4,8
Azerbaijan,J1,71
Azerbaijan,J2,1
Azerbaijan,K1,1
Azerbaijan,L1,1
"Bahamas, The",A1,7
"Bahamas, The",A2,9
"Bahamas, The",B1/B2,"1,526"
"Bahamas, The",B2,6
"Bahamas, The",C1/D,7
"Bahamas, The",C3,4
"Bahamas, The",F1,48
"Bahamas, The",F2,2
"Bahamas, The",G1,4
"Bahamas, The",H1B,5
"Bahamas, The",J1,8
"Bahamas, The",L1,3
"Bahamas, The",L2,3
"Bahamas, The",M1,4
"Bahamas, The",O3,1
"Bahamas, The",P1,7
"Bahamas, The",R1,2
Bahrain,A2,31
Bahrain,B1/B2,292
Bahrain,C1/D,3
Bahrain,F1,2
Bahrain,G1,5
Bahrain,G2,3
Bahrain,G4,1
Bahrain,H1B,1
Bahrain,H4,1
Bahrain,J1,17
Bahrain,J2,3
Bahrain,K2,1
Bahrain,L1,1
Bahrain,M1,1
Bangladesh,A1,5
Bangladesh,A2,64
Bangladesh,B1,10
Bangladesh,B1/B2,"3,492"
Bangladesh,C1,3
Bangladesh,C1/D,85
Bangladesh,C2,2
Bangladesh,CW1,1
Bangladesh,F1,677
Bangladesh,F2,260
Bangladesh,G1,11
Bangladesh,G2,13
Bangladesh,G4,40
Bangladesh,H1B,25
Bangladesh,H4,9
Bangladesh,I,16
Bangladesh,J1,37
Bangladesh,J2,7
Bangladesh,K1,7
Bangladesh,L1,8
Bangladesh,L2,10
Bangladesh,M1,1
Bangladesh,O1,2
Bangladesh,P3,2
Bangladesh,TD,1
Barbados,A2,9
Barbados,B1,1
Barbados,B1/B2,832
Barbados,C1/D,2
Barbados,C3,3
Barbados,F1,6
Barbados,G4,2
Barbados,H1B,2
Barbados,H2B,6
Barbados,J1,9
Barbados,K1,1
Barbados,M1,1
Barbados,P1,1
Belarus,A1,1
Belarus,B1/B2,600
Belarus,C1/D,36
Belarus,F1,13
Belarus,G1,1
Belarus,G4,14
Belarus,H1B,2
Belarus,H4,3
Belarus,J1,96
Belarus,K1,10
Belarus,K2,2
Belarus,L1,5
Belarus,L2,5
Belarus,O1,5
Belarus,O2,1
Belarus,O3,3
Belarus,P1,4
Belgium,A2,14
Belgium,B1,3
Belgium,B1/B2,281
Belgium,C1/D,91
Belgium,E1,4
Belgium,E2,14
Belgium,F1,34
Belgium,G1,2
Belgium,G2,3
Belgium,G4,13
Belgium,H1B,4
Belgium,H2A,1
Belgium,H2B,2
Belgium,H4,3
Belgium,I,7
Belgium,J1,50
Belgium,J2,7
Belgium,K1,3
Belgium,L1,20
Belgium,L2,14
Belgium,M1,2
Belgium,NATO2,55
Belgium,NATO4,6
Belgium,O1,8
Belgium,O2,4
Belgium,O3,2
Belgium,P1,8
Belgium,P3,1
Belize,A2,14
Belize,B1,5
Belize,B1/B2,860
Belize,C1,5
Belize,C3,13
Belize,F1,7
Belize,G4,1
Belize,H2A,3
Belize,H2B,6
Belize,J1,10
Belize,J2,1
Belize,K1,4
Belize,K2,8
Benin,A1,1
Benin,A2,3
Benin,B1,1
Benin,B1/B2,197
Benin,F1,21
Benin,G1,3
Benin,G2,18
Benin,G4,12
Benin,H1B,1
Benin,J1,3
Benin,J2,1
Benin,K1,3
Benin,R1,1
Bermuda,B1/B2,13
Bermuda,H1B,1
Bermuda,I,1
Bermuda,J1,1
Bermuda,O1,1
Bermuda,P1,1
Bhutan,A2,11
Bhutan,B1/B2,45
Bhutan,C1/D,1
Bhutan,F1,5
Bhutan,G2,5
Bhutan,G4,4
Bhutan,H1B,1
Bhutan,K1,1
Bolivia,A1,7
Bolivia,A2,4
Bolivia,B1,6
Bolivia,B1/B2,"2,277"
Bolivia,B2,1
Bolivia,C1,2
Bolivia,C1/D,26
Bolivia,E1,1
Bolivia,E2,1
Bolivia,E3D,4
Bolivia,F1,33
Bolivia,F2,1
Bolivia,G2,5
Bolivia,G4,15
Bolivia,H1B,4
Bolivia,H4,2
Bolivia,I,3
Bolivia,J1,49
Bolivia,K1,12
Bolivia,K2,5
Bolivia,L1,1
Bolivia,L2,1
Bolivia,O1,1
Bolivia,O3,1
Bolivia,P1,17
Bolivia,R1,1
Bosnia-Herzegovina,A1,1
Bosnia-Herzegovina,A2,9
Bosnia-Herzegovina,B1,16
Bosnia-Herzegovina,B1/B2,266
Bosnia-Herzegovina,C1/D,14
Bosnia-Herzegovina,E2,10
Bosnia-Herzegovina,G1,3
Bosnia-Herzegovina,G2,6
Bosnia-Herzegovina,G4,1
Bosnia-Herzegovina,H1B,1
Bosnia-Herzegovina,H2B,2
Bosnia-Herzegovina,I,2
Bosnia-Herzegovina,J1,396
Bosnia-Herzegovina,K1,5
Bosnia-Herzegovina,K2,2
Bosnia-Herzegovina,L1,1
Bosnia-Herzegovina,L2,1
Bosnia-Herzegovina,M1,1
Bosnia-Herzegovina,O1,1
Bosnia-Herzegovina,P3,8
Botswana,A1,4
Botswana,A2,72
Botswana,B1/B2,115
Botswana,C1/D,1
Botswana,F1,1
Botswana,G1,5
Botswana,G2,2
Botswana,G4,6
Botswana,H2A,3
Botswana,I,2
Botswana,J1,53
Botswana,K1,1
Botswana,Q1,5
Brazil,A1,11
Brazil,A2,391
Brazil,B1,232
Brazil,B1/B2,"112,809"
Brazil,B2,3
Brazil,C1,38
Brazil,C1/D,535
Brazil,C3,18
Brazil,E2,9
Brazil,E3D,1
Brazil,F1,521
Brazil,F2,129
Brazil,G1,7
Brazil,G2,66
Brazil,G3,1
Brazil,G4,62
Brazil,H1B,99
Brazil,H2A,31
Brazil,H2B,46
Brazil,H3,2
Brazil,H4,70
Brazil,I,54
Brazil,J1,856
Brazil,J2,124
Brazil,K1,120
Brazil,K2,22
Brazil,L1,367
Brazil,L2,413
Brazil,M1,16
Brazil,O1,130
Brazil,O2,72
Brazil,O3,43
Brazil,P1,73
Brazil,P3,15
Brazil,P4,9
Brazil,Q1,1
Brazil,R1,15
Brazil,R2,10
Brazil,TD,1
Brazil,U3,2
British National Overseas (Hong Kong) Passport,B1/B2,236
British National Overseas (Hong Kong) Passport,C1/D,1
British National Overseas (Hong Kong) Passport,F1,3
British National Overseas (Hong Kong) Passport,G4,1
British National Overseas (Hong Kong) Passport,H1B,2
British National Overseas (Hong Kong) Passport,I,1
British National Overseas (Hong Kong) Passport,O1,1
British Virgin Islands,B1/B2,5
Brunei,A2,10
Brunei,B1/B2,2
Brunei,C3,1
Brunei,J1,13
Bulgaria,A2,15
Bulgaria,B1,4
Bulgaria,B1/B2,"1,423"
Bulgaria,B2,2
Bulgaria,C1/D,85
Bulgaria,E2,5
Bulgaria,F1,5
Bulgaria,G2,2
Bulgaria,G3,1
Bulgaria,G4,7
Bulgaria,H1B,3
Bulgaria,H2A,1
Bulgaria,H2B,42
Bulgaria,H3,4
Bulgaria,H4,1
Bulgaria,J1,"1,782"
Bulgaria,K1,1
Bulgaria,L1,2
Bulgaria,L2,4
Bulgaria,NATO2,8
Bulgaria,NATO4,1
Bulgaria,O1,2
Bulgaria,P3,1
Burkina Faso,A1,1
Burkina Faso,A2,11
Burkina Faso,B1/B2,320
Burkina Faso,F1,19
Burkina Faso,G2,11
Burkina Faso,G4,12
Burkina Faso,H1B,1
Burkina Faso,J1,5
Burkina Faso,L1,1
Burkina Faso,R1,1
Burma,A1,13
Burma,A2,1
Burma,B1,12
Burma,B1/B2,406
Burma,B2,7
Burma,C1,151
Burma,D,375
Burma,F1,258
Burma,F2,6
Burma,G4,11
Burma,H1B,1
Burma,H4,2
Burma,J1,20
Burma,K1,21
Burma,M1,3
Burma,O1,1
Burma,R1,1
Burma,R2,4
Burundi,A1,1
Burundi,A2,1
Burundi,B1,1
Burundi,B1/B2,110
Burundi,C1,1
Burundi,C2,1
Burundi,C3,1
Burundi,F1,3
Burundi,G1,3
Burundi,G2,6
Burundi,G4,9
Burundi,J1,2
Burundi,P1,1
Cabo Verde,A2,3
Cabo Verde,B1/B2,299
Cabo Verde,C1/D,2
Cabo Verde,C3,2
Cabo Verde,F1,1
Cabo Verde,G2,3
Cabo Verde,G4,1
Cabo Verde,K1,31
Cabo Verde,K2,8
Cabo Verde,M1,1
Cabo Verde,O2,1
Cabo Verde,P3,11
Cambodia,A1,2
Cambodia,A2,32
Cambodia,B1,3
Cambodia,B1/B2,927
Cambodia,C1,5
Cambodia,C3,1
Cambodia,D,6
Cambodia,E2,1
Cambodia,F1,21
Cambodia,G1,1
Cambodia,G2,25
Cambodia,G4,18
Cambodia,J1,23
Cambodia,K1,33
Cambodia,K2,4
Cambodia,M1,1
Cameroon,A1,6
Cameroon,A2,17
Cameroon,B1/B2,"1,048"
Cameroon,C1/D,6
Cameroon,C3,1
Cameroon,F1,33
Cameroon,F2,1
Cameroon,G1,6
Cameroon,G2,25
Cameroon,G4,49
Cameroon,H1B,3
Cameroon,H4,2
Cameroon,J1,21
Cameroon,J2,6
Cameroon,K1,10
Cameroon,K2,1
Cameroon,L1,2
Cameroon,L2,4
Cameroon,O1,2
Cameroon,O3,1
Cameroon,P3,2
Cameroon,R1,3
Cameroon,TD,1
Canada,A1,18
Canada,A2,1
Canada,B1,1
Canada,B1/B2,17
Canada,C1/D,2
Canada,E1,130
Canada,E2,580
Canada,E3D,3
Canada,F1,19
Canada,G1,2
Canada,G4,38
Canada,H1B,5
Canada,H2A,11
Canada,H2B,3
Canada,H4,27
Canada,I,4
Canada,J1,11
Canada,J2,1
Canada,K1,46
Canada,K2,3
Canada,L1,5
Canada,L2,13
Canada,NATO2,81
Canada,NATO6,4
Canada,O1,4
Canada,O2,1
Canada,P1,1
Canada,R1,2
Canada,TD,3
Canada,TN,3
Cayman Islands,B1/B2,91
Cayman Islands,C1/D,1
Cayman Islands,F1,2
Central African Republic,A2,2
Central African Republic,B1/B2,8
Central African Republic,F1,1
Central African Republic,G1,2
Central African Republic,G2,7
Central African Republic,J1,1
Central African Republic,R1,1
Chad,A2,2
Chad,B1/B2,80
Chad,C1,2
Chad,F1,4
Chad,G2,21
Chad,G4,13
Chad,J1,1
Chile,A2,79
Chile,B1,22
Chile,B1/B2,782
Chile,B2,2
Chile,C1,1
Chile,C1/D,65
Chile,C3,7
Chile,E2,13
Chile,E3D,1
Chile,F1,111
Chile,F2,28
Chile,G2,2
Chile,G4,14
Chile,H1B,38
Chile,H1B1,166
Chile,H2A,8
Chile,H2B,1
Chile,H4,172
Chile,I,9
Chile,J1,112
Chile,J2,29
Chile,K1,7
Chile,K2,1
Chile,L1,53
Chile,L2,65
Chile,M1,3
Chile,O1,9
Chile,O3,1
Chile,P1,4
Chile,P4,3
Chile,R1,2
China - mainland,A1,13
China - mainland,A2,74
China - mainland,B1,201
China - mainland,B1/B2,"61,889"
China - mainland,B2,23
China - mainland,C1,49
China - mainland,C1/D,"1,118"
China - mainland,CW1,13
China - mainland,E1,1
China - mainland,E2,10
China - mainland,E2C,1
China - mainland,E3D,5
China - mainland,F1,"5,637"
China - mainland,F2,167
China - mainland,G1,8
China - mainland,G2,85
China - mainland,G4,100
China - mainland,H1B,"1,900"
China - mainland,H3,1
China - mainland,H4,289
China - mainland,I,11
China - mainland,J1,"1,389"
China - mainland,J2,187
China - mainland,K1,28
China - mainland,K2,3
China - mainland,L1,395
China - mainland,L2,254
China - mainland,M1,12
China - mainland,M2,2
China - mainland,O1,100
China - mainland,O2,7
China - mainland,O3,29
China - mainland,P1,22
China - mainland,P3,48
China - mainland,R1,9
China - mainland,R2,11
China - mainland,TD,6
Colombia,A1,2
Colombia,A2,727
Colombia,B1,33
Colombia,B1/B2,"42,440"
Colombia,B2,1
Colombia,BBBCC,3
Colombia,C1,10
Colombia,C1/D,294
Colombia,C3,1
Colombia,E1,8
Colombia,E2,36
Colombia,F1,259
Colombia,F2,22
Colombia,G1,1
Colombia,G2,5
Colombia,G4,46
Colombia,G5,1
Colombia,H1B,32
Colombia,H2A,24
Colombia,H2B,120
Colombia,H4,24
Colombia,I,27
Colombia,J1,"3,913"
Colombia,J2,45
Colombia,K1,122
Colombia,K2,25
Colombia,L1,73
Colombia,L2,66
Colombia,M1,3
Colombia,O1,32
Colombia,O2,71
Colombia,O3,24
Colombia,P1,19
Colombia,P3,5
Colombia,P4,2
Colombia,R1,8
Colombia,R2,4
Colombia,TD,8
Comoros,A2,1
Comoros,B1/B2,3
Comoros,G2,2
Comoros,J1,3
"Congo, Democratic Republic of the",A1,2
"Congo, Democratic Republic of the",A2,10
"Congo, Democratic Republic of the",B1,3
"Congo, Democratic Republic of the",B1/B2,880
"Congo, Democratic Republic of the",E2,2
"Congo, Democratic Republic of the",F1,43
"Congo, Democratic Republic of the",F2,2
"Congo, Democratic Republic of the",G2,20
"Congo, Democratic Republic of the",G4,11
"Congo, Democratic Republic of the",H1B,1
"Congo, Democratic Republic of the",H4,1
"Congo, Democratic Republic of the",J1,7
"Congo, Democratic Republic of the",J2,1
"Congo, Democratic Republic of the",K1,10
"Congo, Democratic Republic of the",K2,3
"Congo, Democratic Republic of the",M1,1
"Congo, Democratic Republic of the",O2,1
"Congo, Democratic Republic of the",R1,2
"Congo, Democratic Republic of the",T4,1
"Congo, Democratic Republic of the",T5,4
"Congo, Republic of the",A1,1
"Congo, Republic of the",A2,42
"Congo, Republic of the",B1/B2,168
"Congo, Republic of the",F1,3
"Congo, Republic of the",G1,7
"Congo, Republic of the",G2,27
"Congo, Republic of the",G4,1
"Congo, Republic of the",J1,1
"Congo, Republic of the",K1,1
Costa Rica,A2,13
Costa Rica,B1,1
Costa Rica,B1/B2,"7,028"
Costa Rica,B2,2
Costa Rica,C1/D,30
Costa Rica,E2,1
Costa Rica,E3D,1
Costa Rica,F1,41
Costa Rica,F2,1
Costa Rica,G1,1
Costa Rica,G4,3
Costa Rica,H1B,5
Costa Rica,H2A,52
Costa Rica,H2B,82
Costa Rica,H4,1
Costa Rica,J1,32
Costa Rica,J2,2
Costa Rica,K1,7
Costa Rica,L1,30
Costa Rica,L2,19
Costa Rica,M1,1
Costa Rica,O1,1
Costa Rica,O2,2
Costa Rica,R1,1
Cote d'Ivoire,A1,2
Cote d'Ivoire,A2,14
Cote d'Ivoire,B1/B2,963
Cote d'Ivoire,C1/D,7
Cote d'Ivoire,F1,30
Cote d'Ivoire,G1,5
Cote d'Ivoire,G2,35
Cote d'Ivoire,G4,30
Cote d'Ivoire,H1B,2
Cote d'Ivoire,I,6
Cote d'Ivoire,J1,5
Cote d'Ivoire,J2,1
Cote d'Ivoire,K1,6
Cote d'Ivoire,K2,5
Cote d'Ivoire,O1,1
Cote d'Ivoire,O3,1
Cote d'Ivoire,P3,1
Croatia,A2,14
Croatia,B1,14
Croatia,B1/B2,69
Croatia,C1/D,53
Croatia,E1,1
Croatia,E3D,1
Croatia,F1,11
Croatia,G2,3
Croatia,G3,1
Croatia,G4,2
Croatia,H1B,2
Croatia,H2B,9
Croatia,H4,4
Croatia,I,1
Croatia,J1,680
Croatia,J2,2
Croatia,L1,5
Croatia,L2,3
Croatia,NATO2,9
Croatia,NATO4,1
Croatia,O1,3
Croatia,O2,2
Croatia,P1,1
Croatia,P3,7
Cuba,A1,12
Cuba,A2,13
Cuba,A3,1
Cuba,B1,91
Cuba,B1/B2,117
Cuba,B2,633
Cuba,C1,1
Cuba,C1/D,2
Cuba,F1,1
Cuba,F2,1
Cuba,G1,1
Cuba,G2,4
Cuba,G4,1
Cuba,I,1
Cuba,J1,5
Cuba,J2,2
Cuba,K1,38
Cuba,K2,15
Cuba,L1,2
Cuba,O1,2
Cuba,O3,1
Cuba,P1,11
Cuba,P3,7
Cuba,TD,1
Cyprus,A1,2
Cyprus,A2,13
Cyprus,B1/B2,477
Cyprus,C1/D,7
Cyprus,F1,11
Cyprus,G2,4
Cyprus,I,1
Cyprus,J1,15
Cyprus,L1,1
Cyprus,L2,1
Cyprus,O1,3
Cyprus,O3,1
Czech Republic,A1,3
Czech Republic,A2,45
Czech Republic,B1/B2,196
Czech Republic,C1/D,20
Czech Republic,E2,7
Czech Republic,F1,20
Czech Republic,F2,1
Czech Republic,G2,5
Czech Republic,G4,3
Czech Republic,H1B,1
Czech Republic,H2B,6
Czech Republic,I,11
Czech Republic,J1,326
Czech Republic,J2,4
Czech Republic,K1,4
Czech Republic,L1,19
Czech Republic,L2,21
Czech Republic,M1,1
Czech Republic,NATO2,34
Czech Republic,O1,4
Czech Republic,O3,4
Czech Republic,P1,5
Czech Republic,R1,1
Denmark,A2,31
Denmark,B1/B2,198
Denmark,C1/D,46
Denmark,E2,23
Denmark,F1,39
Denmark,G1,4
Denmark,G2,13
Denmark,G4,6
Denmark,H1B,3
Denmark,H2A,1
Denmark,H3,1
Denmark,H4,2
Denmark,I,10
Denmark,J1,165
Denmark,J2,7
Denmark,K1,2
Denmark,L1,29
Denmark,L2,26
Denmark,M1,6
Denmark,NATO2,21
Denmark,NATO6,1
Denmark,O1,9
Denmark,O2,7
Denmark,O3,2
Denmark,P1,10
Denmark,P3,4
Djibouti,A2,4
Djibouti,B1,2
Djibouti,B1/B2,25
Djibouti,G2,6
Djibouti,J1,4
Djibouti,J2,2
Dominica,A1,1
Dominica,A2,3
Dominica,B1/B2,255
Dominica,C1,1
Dominica,C1/D,4
Dominica,F1,5
Dominica,H1B,1
Dominica,J1,6
Dominica,L1,1
Dominican Republic,A1,4
Dominican Republic,A2,50
Dominican Republic,B1,39
Dominican Republic,B1/B2,"11,947"
Dominican Republic,B2,1
Dominican Republic,C1,6
Dominican Republic,C1/D,43
Dominican Republic,C3,12
Dominican Republic,F1,53
Dominican Republic,F2,5
Dominican Republic,G2,3
Dominican Republic,G4,3
Dominican Republic,H1B,14
Dominican Republic,H2A,1
Dominican Republic,H2B,156
Dominican Republic,H4,5
Dominican Republic,I,14
Dominican Republic,J1,"2,710"
Dominican Republic,J2,3
Dominican Republic,K1,152
Dominican Republic,K2,48
Dominican Republic,L1,15
Dominican Republic,L2,20
Dominican Republic,M1,3
Dominican Republic,O1,7
Dominican Republic,O2,13
Dominican Republic,P1,119
Dominican Republic,P4,10
Dominican Republic,Q1,1
Dominican Republic,R1,2
Dominican Republic,R2,3
Ecuador,A1,1
Ecuador,A2,217
Ecuador,B1,22
Ecuador,B1/B2,"22,298"
Ecuador,B2,4
Ecuador,C1,3
Ecuador,C1/D,40
Ecuador,C2,2
Ecuador,C3,4
Ecuador,F1,128
Ecuador,F2,9
Ecuador,G2,11
Ecuador,G4,5
Ecuador,H1B,14
Ecuador,H2A,1
Ecuador,H2B,29
Ecuador,H4,4
Ecuador,I,29
Ecuador,J1,"1,364"
Ecuador,J2,3
Ecuador,K1,26
Ecuador,K2,7
Ecuador,L1,16
Ecuador,L2,21
Ecuador,M1,1
Ecuador,O1,5
Ecuador,O3,1
Ecuador,P1,13
Ecuador,Q1,1
Ecuador,R1,1
Ecuador,R2,1
Ecuador,TD,1
Ecuador,U3,6
Egypt,A1,10
Egypt,A2,180
Egypt,B1,8
Egypt,B1/B2,"6,619"
Egypt,C1/D,168
Egypt,E2,3
Egypt,F1,74
Egypt,F2,20
Egypt,G1,6
Egypt,G2,9
Egypt,G4,15
Egypt,H1B,17
Egypt,H4,11
Egypt,I,7
Egypt,J1,136
Egypt,J2,21
Egypt,K1,27
Egypt,K2,1
Egypt,L1,14
Egypt,L2,14
Egypt,M1,4
Egypt,O1,4
Egypt,R1,1
Egypt,R2,5
Egypt,TD,2
El Salvador,A1,10
El Salvador,A2,46
El Salvador,B1,6
El Salvador,B1/B2,"4,929"
El Salvador,C1,6
El Salvador,C1/D,31
El Salvador,C3,6
El Salvador,E1,1
El Salvador,E3D,1
El Salvador,F1,18
El Salvador,G4,16
El Salvador,H1B,5
El Salvador,H2A,91
El Salvador,H2B,"1,509"
El Salvador,H4,2
El Salvador,J1,13
El Salvador,J2,3
El Salvador,K1,22
El Salvador,K2,4
El Salvador,L1,7
El Salvador,L2,9
El Salvador,P1,4
El Salvador,P3,7
El Salvador,Q1,2
El Salvador,R1,2
El Salvador,T3,1
El Salvador,T4,1
El Salvador,T5,2
El Salvador,TD,2
El Salvador,U2,1
El Salvador,U3,7
El Salvador,U5,2
Equatorial Guinea,A2,11
Equatorial Guinea,B1/B2,18
Equatorial Guinea,G1,1
Equatorial Guinea,G2,2
Equatorial Guinea,J1,1
Eritrea,A1,1
Eritrea,A2,2
Eritrea,B1,5
Eritrea,B1/B2,121
Eritrea,F1,6
Eritrea,G4,1
Eritrea,K1,7
Estonia,A2,10
Estonia,B1/B2,22
Estonia,C1/D,15
Estonia,F1,7
Estonia,F2,3
Estonia,G2,1
Estonia,J1,97
Estonia,K1,1
Estonia,NATO2,31
Estonia,NATO6,1
Estonia,O1,2
Estonia,O2,1
Estonia,P1,1
Eswatini,A2,4
Eswatini,B1/B2,49
Eswatini,C1/D,1
Eswatini,C3,2
Eswatini,F1,2
Eswatini,G1,3
Eswatini,G2,3
Eswatini,G4,1
Eswatini,H1B,1
Eswatini,J1,8
Ethiopia,A1,7
Ethiopia,A2,5
Ethiopia,A3,1
Ethiopia,B1,6
Ethiopia,B1/B2,"1,987"
Ethiopia,C1/D,77
Ethiopia,E2,1
Ethiopia,F1,73
Ethiopia,G2,9
Ethiopia,G4,48
Ethiopia,H1B,8
Ethiopia,H4,10
Ethiopia,J1,25
Ethiopia,J2,6
Ethiopia,K1,77
Ethiopia,K2,2
Ethiopia,L1,2
Ethiopia,L2,1
Ethiopia,R1,1
Fiji,A2,7
Fiji,B1/B2,248
Fiji,C1,2
Fiji,C1/D,12
Fiji,C3,1
Fiji,G1,2
Fiji,G2,2
Fiji,G4,14
Fiji,H1B,1
Fiji,J1,8
Fiji,K1,2
Fiji,O2,1
Fiji,P1,1
Finland,A1,3
Finland,A2,10
Finland,B1,7
Finland,B1/B2,50
Finland,C1/D,91
Finland,E2,7
Finland,F1,3
Finland,G1,1
Finland,G2,11
Finland,G4,2
Finland,H1B,3
Finland,H4,3
Finland,I,6
Finland,J1,39
Finland,K1,3
Finland,L1,25
Finland,L2,14
Finland,NATO2,124
Finland,O1,4
Finland,O2,2
Finland,P1,15
France,A1,17
France,A2,92
France,B1,6
France,B1/B2,"1,140"
France,C1,1
France,C1/D,487
France,E1,25
France,E2,447
France,F1,378
France,F2,8
France,G1,4
France,G2,16
France,G3,1
France,G4,97
France,H1B,44
France,H2A,1
France,H2B,1
France,H4,18
France,I,53
France,J1,970
France,J2,54
France,K1,8
France,L1,295
France,L2,304
France,M1,22
France,M2,5
France,NATO2,63
France,NATO4,4
France,O1,73
France,O2,22
France,O3,25
France,P1,39
France,P2,4
France,P3,17
France,P4,5
France,Q1,21
France,R1,14
France,R2,10
Gabon,A2,26
Gabon,B1/B2,56
Gabon,F1,1
Gabon,G2,9
Gabon,G4,2
Gabon,J1,1
Gabon,L1,1
Gabon,L2,1
"Gambia, The",A2,11
"Gambia, The",B1,1
"Gambia, The",B1/B2,108
"Gambia, The",C1,18
"Gambia, The",C1/D,4
"Gambia, The",F1,9
"Gambia, The",G2,7
"Gambia, The",G4,3
"Gambia, The",J1,2
"Gambia, The",K1,4
Georgia,A2,37
Georgia,B1/B2,512
Georgia,C1,1
Georgia,C1/D,43
Georgia,F1,15
Georgia,G1,1
Georgia,G2,19
Georgia,G4,9
Georgia,G5,2
Georgia,H1B,1
Georgia,I,4
Georgia,J1,46
Georgia,J2,1
Georgia,K1,3
Georgia,K2,3
Georgia,L1,1
Georgia,L2,2
Georgia,O1,1
Germany,A1,35
Germany,A2,138
Germany,B1,4
Germany,B1/B2,"2,475"
Germany,B2,1
Germany,C1/D,761
Germany,C3,2
Germany,E1,19
Germany,E2,383
Germany,F1,415
Germany,F2,5
Germany,G1,6
Germany,G2,18
Germany,G3,1
Germany,G4,58
Germany,H1B,42
Germany,H2A,4
Germany,H2B,4
Germany,H3,2
Germany,H4,7
Germany,I,73
Germany,J1,985
Germany,J2,26
Germany,K1,11
Germany,L1,244
Germany,L2,107
Germany,M1,21
Germany,NATO2,66
Germany,NATO4,6
Germany,NATO6,96
Germany,O1,64
Germany,O2,33
Germany,O3,10
Germany,P1,75
Germany,P3,3
Germany,Q1,6
Germany,R1,6
Germany,R2,3
Germany,TD,2
Ghana,A2,153
Ghana,B1,1
Ghana,B1/B2,"2,312"
Ghana,C1,1
Ghana,C1/D,48
Ghana,C2,2
Ghana,C3,1
Ghana,F1,172
Ghana,F2,50
Ghana,G1,1
Ghana,G2,40
Ghana,G4,27
Ghana,H1B,80
Ghana,H3,1
Ghana,H4,76
Ghana,I,10
Ghana,J1,83
Ghana,J2,34
Ghana,K1,74
Ghana,K2,6
Ghana,L1,4
Ghana,L2,5
Ghana,O1,4
Ghana,O2,2
Ghana,O3,2
Ghana,P1,2
Ghana,P3,5
Ghana,R1,12
Gibraltar,A2,1
Gibraltar,B1/B2,1
Great Britain and Northern Ireland,A1,5
Great Britain and Northern Ireland,A2,465
Great Britain and Northern Ireland,A3,1
Great Britain and Northern Ireland,B1,131
Great Britain and Northern Ireland,B1/B2,"2,109"
Great Britain and Northern Ireland,B2,3
Great Britain and Northern Ireland,C1/D,691
Great Britain and Northern Ireland,C3,13
Great Britain and Northern Ireland,E1,8
Great Britain and Northern Ireland,E2,223
Great Britain and Northern Ireland,E3D,5
Great Britain and Northern Ireland,F1,322
Great Britain and Northern Ireland,F2,7
Great Britain and Northern Ireland,G1,5
Great Britain and Northern Ireland,G2,42
Great Britain and Northern Ireland,G4,51
Great Britain and Northern Ireland,H1B,64
Great Britain and Northern Ireland,H2A,6
Great Britain and Northern Ireland,H2B,32
Great Britain and Northern Ireland,H3,1
Great Britain and Northern Ireland,H4,36
Great Britain and Northern Ireland,I,167
Great Britain and Northern Ireland,J1,"4,296"
Great Britain and Northern Ireland,J2,20
Great Britain and Northern Ireland,K1,79
Great Britain and Northern Ireland,K2,6
Great Britain and Northern Ireland,L1,336
Great Britain and Northern Ireland,L2,220
Great Britain and Northern Ireland,M1,30
Great Britain and Northern Ireland,NATO2,66
Great Britain and Northern Ireland,NATO4,3
Great Britain and Northern Ireland,NATO6,6
Great Britain and Northern Ireland,O1,214
Great Britain and Northern Ireland,O2,273
Great Britain and Northern Ireland,O3,41
Great Britain and Northern Ireland,P1,188
Great Britain and Northern Ireland,P2,1
Great Britain and Northern Ireland,P3,5
Great Britain and Northern Ireland,P4,1
Great Britain and Northern Ireland,Q1,15
Great Britain and Northern Ireland,R1,9
Greece,A1,9
Greece,A2,9
Greece,B1,13
Greece,B1/B2,171
Greece,C1/D,281
Greece,C3,1
Greece,D,2
Greece,E3D,1
Greece,F1,75
Greece,F2,1
Greece,G1,1
Greece,G2,4
Greece,G3,1
Greece,G4,4
Greece,H1B,7
Greece,H2B,4
Greece,H4,1
Greece,J1,81
Greece,J2,5
Greece,K1,5
Greece,L1,16
Greece,L2,12
Greece,NATO2,19
Greece,O1,3
Greece,O2,1
Greece,P1,4
Greece,P3,3
Greece,R1,2
Greece,R2,3
Greece,TD,1
Grenada,A2,3
Grenada,B1/B2,318
Grenada,C1/D,5
Grenada,E2,1
Grenada,F1,4
Grenada,F2,1
Grenada,G1,3
Grenada,H1B,1
Grenada,K1,4
Guatemala,A1,12
Guatemala,A2,82
Guatemala,B1,7
Guatemala,B1/B2,"7,522"
Guatemala,C1,5
Guatemala,C1/D,10
Guatemala,C2,1
Guatemala,C3,16
Guatemala,F1,46
Guatemala,G1,3
Guatemala,G2,11
Guatemala,G4,9
Guatemala,G5,1
Guatemala,H1B,7
Guatemala,H2A,711
Guatemala,H2B,"1,620"
Guatemala,H4,2
Guatemala,I,1
Guatemala,J1,28
Guatemala,J2,1
Guatemala,K1,25
Guatemala,K2,3
Guatemala,L1,8
Guatemala,L2,11
Guatemala,M1,4
Guatemala,Q1,2
Guatemala,R1,5
Guatemala,R2,1
Guatemala,T5,1
Guatemala,U1,1
Guatemala,U3,6
Guinea,A2,3
Guinea,B1/B2,148
Guinea,F1,6
Guinea,G1,1
Guinea,G2,16
Guinea,G4,2
Guinea,H1B,1
Guinea,J1,1
Guinea,K1,2
Guinea,P3,12
Guinea-Bissau,A2,1
Guinea-Bissau,B1/B2,1
Guyana,A2,8
Guyana,B1/B2,"3,047"
Guyana,B2,1
Guyana,C1,1
Guyana,C1/D,11
Guyana,C3,3
Guyana,F1,5
Guyana,G2,1
Guyana,J1,10
Guyana,J2,9
Guyana,K1,10
Guyana,L1,2
Haiti,B1/B2,543
Haiti,B2,1
Haiti,C1,11
Haiti,C1/D,1
Haiti,C3,1
Haiti,F1,6
Haiti,G4,7
Haiti,H1B,1
Haiti,J1,5
Haiti,K1,52
Haiti,K2,7
Haiti,L1,2
Haiti,L2,1
Haiti,R1,1
Honduras,A1,1
Honduras,A2,43
Honduras,B1,3
Honduras,B1/B2,"4,154"
Honduras,C1,1
Honduras,C1/D,116
Honduras,E2,8
Honduras,F1,54
Honduras,F2,2
Honduras,G4,8
Honduras,H1B,7
Honduras,H2A,165
Honduras,H2B,821
Honduras,H4,3
Honduras,I,3
Honduras,J1,69
Honduras,J2,19
Honduras,K1,52
Honduras,K2,11
Honduras,L1,2
Honduras,L2,6
Honduras,O3,1
Honduras,P1,1
Honduras,Q1,1
Honduras,R1,3
Honduras,R2,1
Honduras,U1,1
Honduras,U3,3
Hong Kong S.A.R.,B1,8
Hong Kong S.A.R.,B1/B2,"5,962"
Hong Kong S.A.R.,B2,3
Hong Kong S.A.R.,C1,5
Hong Kong S.A.R.,C1/D,167
Hong Kong S.A.R.,E2,1
Hong Kong S.A.R.,F1,240
Hong Kong S.A.R.,F2,4
Hong Kong S.A.R.,G4,3
Hong Kong S.A.R.,H1B,16
Hong Kong S.A.R.,H4,4
Hong Kong S.A.R.,J1,93
Hong Kong S.A.R.,J2,5
Hong Kong S.A.R.,K1,5
Hong Kong S.A.R.,L1,10
Hong Kong S.A.R.,L2,9
Hong Kong S.A.R.,M1,49
Hong Kong S.A.R.,O1,3
Hong Kong S.A.R.,O2,3
Hong Kong S.A.R.,O3,1
Hong Kong S.A.R.,Q1,1
Hong Kong S.A.R.,R1,3
Hong Kong S.A.R.,R2,3
Hungary,A1,4
Hungary,A2,30
Hungary,B1,9
Hungary,B1/B2,331
Hungary,C1/D,26
Hungary,E2,1
Hungary,F1,17
Hungary,G1,1
Hungary,G2,10
Hungary,G4,2
Hungary,H1B,1
Hungary,H2B,10
Hungary,H4,1
Hungary,I,2
Hungary,J1,405
Hungary,J2,3
Hungary,K1,2
Hungary,L1,14
Hungary,L2,9
Hungary,NATO2,23
Hungary,NATO6,1
Hungary,O1,2
Hungary,P1,4
Iceland,A2,1
Iceland,B1/B2,166
Iceland,C1/D,147
Iceland,F1,8
Iceland,G4,2
Iceland,J1,6
Iceland,J2,2
Iceland,L1,1
Iceland,L2,2
Iceland,M1,4
Iceland,O1,4
Iceland,P1,1
India,A1,3
India,A2,120
India,A3,4
India,B1,47
India,B1/B2,"101,346"
India,B2,9
India,C1,77
India,C1/D,"4,949"
India,C2,1
India,C3,15
India,E2,7
India,E3D,7
India,F1,"1,009"
India,F2,115
India,G2,15
India,G4,119
India,G5,2
India,H1B,"14,753"
India,H2B,1
India,H3,11
India,H4,"11,821"
India,I,78
India,J1,989
India,J2,218
India,K1,81
India,K2,1
India,L1,"1,779"
India,L2,"2,378"
India,M1,120
India,O1,162
India,O2,41
India,O3,60
India,P1,9
India,P2,1
India,P3,271
India,P4,3
India,R1,67
India,R2,58
India,TD,12
India,U1,1
India,U2,4
India,U3,7
Indonesia,A1,10
Indonesia,A2,313
Indonesia,A3,2
Indonesia,B1,50
Indonesia,B1/B2,"4,701"
Indonesia,C1,13
Indonesia,C1/D,992
Indonesia,C3,10
Indonesia,F1,100
Indonesia,F2,14
Indonesia,G1,12
Indonesia,G2,64
Indonesia,G4,23
Indonesia,H1B,19
Indonesia,H4,4
Indonesia,I,5
Indonesia,J1,219
Indonesia,J2,15
Indonesia,K1,29
Indonesia,K2,4
Indonesia,L1,20
Indonesia,L2,25
Indonesia,M1,3
Indonesia,O1,2
Indonesia,O2,2
Indonesia,O3,2
Indonesia,P1,8
Indonesia,P3,3
Indonesia,P4,3
Indonesia,R1,2
Iran,B1/B2,"1,312"
Iran,E2,1
Iran,F1,186
Iran,F2,69
Iran,G1,4
Iran,G2,16
Iran,G4,10
Iran,H1B,3
Iran,H4,1
Iran,J1,83
Iran,J2,44
Iran,K1,46
Iran,K2,3
Iran,L1,2
Iran,L2,2
Iran,M1,1
Iran,O1,3
Iran,O2,10
Iran,O3,1
Iran,P1,1
Iran,TD,1
Iraq,A1,5
Iraq,A2,146
Iraq,B1,62
Iraq,B1/B2,523
Iraq,C1/D,1
Iraq,F1,8
Iraq,F2,3
Iraq,G1,2
Iraq,G2,16
Iraq,G4,3
Iraq,H1B,3
Iraq,H4,2
Iraq,I,3
Iraq,J1,23
Iraq,K1,42
Iraq,L1,1
Iraq,L2,2
Iraq,O1,1
Iraq,P3,1
Ireland,A2,33
Ireland,B1,1
Ireland,B1/B2,224
Ireland,B2,1
Ireland,C1/D,94
Ireland,E1,5
Ireland,E2,15
Ireland,E3,1
Ireland,E3D,4
Ireland,F1,33
Ireland,G2,4
Ireland,G4,4
Ireland,H1B,14
Ireland,H2A,28
Ireland,H2B,4
Ireland,H3,12
Ireland,I,15
Ireland,J1,"1,761"
Ireland,J2,6
Ireland,K1,8
Ireland,L1,79
Ireland,L2,33
Ireland,M1,2
Ireland,O1,13
Ireland,O2,13
Ireland,O3,1
Ireland,P1,13
Ireland,P3,12
Israel,A1,30
Israel,A2,254
Israel,B1/B2,"2,810"
Israel,B2,2
Israel,C1/D,55
Israel,E1,20
Israel,E2,62
Israel,F1,54
Israel,F2,8
Israel,G1,2
Israel,G4,2
Israel,H1B,10
Israel,H4,8
Israel,I,2
Israel,J1,517
Israel,J2,60
Israel,K1,2
Israel,K2,1
Israel,L1,69
Israel,L2,167
Israel,M1,4
Israel,M2,7
Israel,O1,14
Israel,O2,5
Israel,O3,8
Israel,P1,12
Israel,P4,1
Israel,R1,6
Israel,R2,5
Italy,A1,5
Italy,A2,68
Italy,B1,4
Italy,B1/B2,"1,142"
Italy,B2,2
Italy,C1/D,260
Italy,E1,30
Italy,E2,110
Italy,F1,311
Italy,F2,7
Italy,G1,1
Italy,G2,42
Italy,G3,4
Italy,G4,47
Italy,H1B,32
Italy,H2A,1
Italy,H2B,2
Italy,H3,3
Italy,H4,6
Italy,I,27
Italy,J1,903
Italy,J2,18
Italy,K1,10
Italy,L1,134
Italy,L2,62
Italy,M1,12
Italy,NATO2,81
Italy,NATO4,2
Italy,NATO5,1
Italy,NATO6,1
Italy,O1,52
Italy,O2,12
Italy,O3,14
Italy,P1,36
Italy,P3,4
Italy,P4,1
Italy,Q1,20
Italy,R1,1
Jamaica,A1,1
Jamaica,A2,21
Jamaica,B1,13
Jamaica,B1/B2,"5,901"
Jamaica,B2,52
Jamaica,C1,15
Jamaica,C1/D,85
Jamaica,C3,33
Jamaica,F1,30
Jamaica,F2,5
Jamaica,G2,1
Jamaica,G4,7
Jamaica,H1B,25
Jamaica,H2A,464
Jamaica,H2B,"3,320"
Jamaica,H4,33
Jamaica,J1,"3,389"
Jamaica,J2,72
Jamaica,K1,50
Jamaica,K2,12
Jamaica,L1,6
Jamaica,L2,7
Jamaica,O1,2
Jamaica,O3,2
Jamaica,P1,2
Jamaica,P2,1
Jamaica,P3,8
Jamaica,Q1,4
Japan,A1,32
Japan,A2,341
Japan,B1,26
Japan,B1/B2,395
Japan,C1,3
Japan,C1/D,394
Japan,C3,71
Japan,CW1,2
Japan,E1,182
Japan,E2,"1,329"
Japan,E3D,2
Japan,F1,432
Japan,F2,47
Japan,G1,3
Japan,G2,13
Japan,G4,34
Japan,H1B,31
Japan,H3,1
Japan,H4,11
Japan,I,69
Japan,J1,312
Japan,J2,152
Japan,K1,22
Japan,K2,2
Japan,L1,338
Japan,L2,321
Japan,M1,10
Japan,O1,24
Japan,O2,42
Japan,O3,21
Japan,P1,24
Japan,P3,32
Japan,Q1,2
Japan,R1,8
Japan,R2,1
Jordan,A2,184
Jordan,B1,2
Jordan,B1/B2,"2,034"
Jordan,C1/D,35
Jordan,C3,1
Jordan,F1,30
Jordan,F2,2
Jordan,G1,2
Jordan,G2,3
Jordan,G4,12
Jordan,H1B,35
Jordan,H4,10
Jordan,I,2
Jordan,J1,137
Jordan,J2,9
Jordan,K1,4
Jordan,L1,8
Jordan,L2,6
Jordan,O1,3
Kazakhstan,A1,5
Kazakhstan,A2,28
Kazakhstan,B1,1
Kazakhstan,B1/B2,"2,233"
Kazakhstan,C1,6
Kazakhstan,D,14
Kazakhstan,E2,3
Kazakhstan,F1,74
Kazakhstan,F2,15
Kazakhstan,G2,5
Kazakhstan,G4,6
Kazakhstan,H1B,7
Kazakhstan,H4,2
Kazakhstan,J1,"2,636"
Kazakhstan,J2,73
Kazakhstan,K1,5
Kazakhstan,K2,2
Kazakhstan,L1,7
Kazakhstan,L2,9
Kazakhstan,M1,1
Kazakhstan,O1,4
Kazakhstan,O3,2
Kazakhstan,P1,3
Kazakhstan,R1,1
Kazakhstan,TD,1
Kenya,A1,2
Kenya,A2,108
Kenya,B1,33
Kenya,B1/B2,"2,051"
Kenya,B2,88
Kenya,C1,30
Kenya,C1/D,170
Kenya,C3,6
Kenya,F1,125
Kenya,F2,23
Kenya,G1,2
Kenya,G2,25
Kenya,G4,40
Kenya,H1B,20
Kenya,H4,29
Kenya,I,5
Kenya,J1,86
Kenya,J2,24
Kenya,K1,19
Kenya,K2,8
Kenya,L1,2
Kenya,L2,2
Kenya,M1,4
Kenya,P1,5
Kenya,R1,12
Kenya,R2,5
Kiribati,B1/B2,1
Kiribati,J1,4
Kiribati,J2,2
"Korea, South ",A1,3
"Korea, South ",A2,343
"Korea, South ",B1/B2,"1,787"
"Korea, South ",C1/D,476
"Korea, South ",C3,5
"Korea, South ",CW1,14
"Korea, South ",CW2,1
"Korea, South ",E1,3
"Korea, South ",E2,651
"Korea, South ",E2C,3
"Korea, South ",E3D,7
"Korea, South ",F1,"1,113"
"Korea, South ",F2,228
"Korea, South ",G2,4
"Korea, South ",G4,27
"Korea, South ",H1B,131
"Korea, South ",H4,45
"Korea, South ",I,14
"Korea, South ",J1,635
"Korea, South ",J2,401
"Korea, South ",K1,12
"Korea, South ",L1,293
"Korea, South ",L2,347
"Korea, South ",M1,22
"Korea, South ",O1,59
"Korea, South ",O2,37
"Korea, South ",O3,24
"Korea, South ",P1,127
"Korea, South ",P2,1
"Korea, South ",P3,12
"Korea, South ",R1,26
"Korea, South ",R2,21
Kosovo,A1,2
Kosovo,A2,20
Kosovo,B1,1
Kosovo,B1/B2,541
Kosovo,F1,3
Kosovo,G2,7
Kosovo,G4,5
Kosovo,H1B,3
Kosovo,H4,1
Kosovo,J1,155
Kosovo,K1,4
Kosovo,O1,1
Kosovo,P3,4
Kuwait,A1,6
Kuwait,A2,59
Kuwait,B1/B2,"1,125"
Kuwait,C1/D,15
Kuwait,F1,56
Kuwait,F2,9
Kuwait,G1,1
Kuwait,G2,1
Kuwait,J1,11
Kyrgyzstan,A1,2
Kyrgyzstan,A2,20
Kyrgyzstan,B1,2
Kyrgyzstan,B1/B2,"1,037"
Kyrgyzstan,C1,7
Kyrgyzstan,D,9
Kyrgyzstan,F1,65
Kyrgyzstan,F2,2
Kyrgyzstan,G2,18
Kyrgyzstan,G4,9
Kyrgyzstan,H1B,2
Kyrgyzstan,H4,3
Kyrgyzstan,I,2
Kyrgyzstan,J1,99
Kyrgyzstan,J2,3
Kyrgyzstan,K1,5
Kyrgyzstan,L1,1
Kyrgyzstan,M1,1
Kyrgyzstan,P1,3
Laos,A1,1
Laos,A2,18
Laos,B1/B2,157
Laos,F1,2
Laos,G1,2
Laos,G2,21
Laos,J1,22
Laos,K1,35
Laos,K2,1
Laos,P3,16
Latvia,A1,2
Latvia,A2,2
Latvia,B1/B2,106
Latvia,C1/D,76
Latvia,E2,6
Latvia,F1,7
Latvia,G2,6
Latvia,G4,1
Latvia,J1,70
Latvia,K1,3
Latvia,K2,2
Latvia,L1,3
Latvia,L2,4
Latvia,M1,1
Latvia,NATO2,12
Latvia,NATO6,4
Latvia,O1,2
Latvia,O2,1
Latvia,O3,3
Latvia,P1,1
Lebanon,A2,21
Lebanon,B1,6
Lebanon,B1/B2,"1,304"
Lebanon,B2,1
Lebanon,C1/D,35
Lebanon,F1,35
Lebanon,F2,1
Lebanon,G2,2
Lebanon,G4,3
Lebanon,H1B,13
Lebanon,H4,3
Lebanon,I,3
Lebanon,J1,61
Lebanon,J2,11
Lebanon,K1,32
Lebanon,L1,4
Lebanon,L2,4
Lebanon,O1,1
Lebanon,O2,2
Lebanon,P3,3
Lebanon,TD,1
Lesotho,A1,2
Lesotho,A2,15
Lesotho,B1/B2,20
Lesotho,G2,9
Lesotho,J1,3
Lesotho,Q1,1
Liberia,A1,5
Liberia,A2,33
Liberia,B1/B2,139
Liberia,B2,1
Liberia,F1,4
Liberia,G2,18
Liberia,G4,1
Liberia,J1,5
Liberia,K1,11
Liberia,K2,1
Liberia,O1,1
Liberia,P3,1
Liberia,R1,2
Libya,A1,13
Libya,A2,4
Libya,B1/B2,297
Libya,D,2
Libya,F1,4
Libya,F2,1
Libya,G1,4
Libya,G2,17
Libya,H1B,2
Libya,H4,1
Libya,J1,4
Libya,K1,1
Libya,L1,2
Liechtenstein,A2,2
Liechtenstein,B1/B2,1
Liechtenstein,F1,1
Liechtenstein,G2,1
Liechtenstein,L1,1
Lithuania,A2,5
Lithuania,B1,8
Lithuania,B1/B2,48
Lithuania,C1/D,31
Lithuania,E2,4
Lithuania,F1,5
Lithuania,G2,3
Lithuania,G3,1
Lithuania,G4,1
Lithuania,H2B,28
Lithuania,H3,1
Lithuania,H4,2
Lithuania,J1,268
Lithuania,K1,3
Lithuania,L1,6
Lithuania,L2,5
Lithuania,NATO1,4
Lithuania,NATO2,11
Lithuania,O1,1
Lithuania,O3,1
Lithuania,P3,3
Luxembourg,A2,7
Luxembourg,B1/B2,15
Luxembourg,C1/D,2
Luxembourg,F1,3
Luxembourg,G4,2
Luxembourg,J1,7
Luxembourg,NATO6,1
Macau S.A.R.,B1,9
Macau S.A.R.,B1/B2,244
Macau S.A.R.,C1/D,1
Macau S.A.R.,F1,2
Macau S.A.R.,H1B,2
Macau S.A.R.,H4,1
Macau S.A.R.,J1,1
Macau S.A.R.,K1,1
Macau S.A.R.,P1,1
Madagascar,A1,4
Madagascar,A2,10
Madagascar,B1/B2,128
Madagascar,C1,32
Madagascar,C1/D,1
Madagascar,D,12
Madagascar,F1,6
Madagascar,G1,1
Madagascar,G2,19
Madagascar,G4,14
Madagascar,H1B,1
Madagascar,H4,1
Madagascar,J1,17
Madagascar,K1,2
Madagascar,Q1,1
Malawi,A2,67
Malawi,B1/B2,173
Malawi,C1,1
Malawi,C1/D,2
Malawi,F1,14
Malawi,F2,3
Malawi,G2,45
Malawi,G4,4
Malawi,I,8
Malawi,J1,8
Malawi,O1,1
Malawi,Q1,1
Malaysia,A1,6
Malaysia,A2,96
Malaysia,B1,69
Malaysia,B1/B2,"2,759"
Malaysia,C1,4
Malaysia,C1/D,203
Malaysia,C2,1
Malaysia,F1,47
Malaysia,F2,9
Malaysia,G2,20
Malaysia,G4,10
Malaysia,H1B,32
Malaysia,H4,4
Malaysia,I,16
Malaysia,J1,127
Malaysia,K1,5
Malaysia,K2,1
Malaysia,L1,43
Malaysia,L2,16
Malaysia,M1,5
Malaysia,O1,4
Malaysia,O2,8
Malaysia,R1,2
Maldives,A1,4
Maldives,A2,20
Maldives,B1/B2,13
Maldives,C3,1
Maldives,G2,11
Maldives,J1,2
Maldives,M1,1
Mali,A2,7
Mali,B1/B2,161
Mali,C2,1
Mali,F1,6
Mali,G2,4
Mali,G4,10
Mali,J1,1
Mali,J2,2
Mali,O1,1
Mali,O2,11
Mali,P3,1
Malta,A2,3
Malta,B1,1
Malta,B1/B2,14
Malta,C1/D,4
Malta,F1,2
Malta,G1,3
Malta,G2,1
Malta,I,9
Malta,K1,1
Malta,L1,2
Malta,L2,1
Malta,O2,1
Marshall Islands,A1,1
Marshall Islands,A2,3
Marshall Islands,C1,1
Marshall Islands,G2,1
Mauritania,A1,2
Mauritania,A2,8
Mauritania,B1/B2,58
Mauritania,G1,1
Mauritania,G2,9
Mauritania,I,1
Mauritania,K1,1
Mauritania,O3,2
Mauritius,A2,1
Mauritius,B1,1
Mauritius,B1/B2,287
Mauritius,C1/D,100
Mauritius,F1,3
Mauritius,G2,3
Mauritius,G4,2
Mauritius,H1B,1
Mauritius,H2B,1
Mauritius,J1,6
Mauritius,K1,1
Mexico,A1,2
Mexico,A2,190
Mexico,B1,338
Mexico,B1/B2,"2,044"
Mexico,B2,2
Mexico,BBBCC,"141,303"
Mexico,BBBCV,"3,751"
Mexico,C1,14
Mexico,C1/D,437
Mexico,D,4
Mexico,E1,32
Mexico,E2,106
Mexico,E3D,1
Mexico,F1,362
Mexico,F2,26
Mexico,G1,7
Mexico,G2,6
Mexico,G4,29
Mexico,G5,1
Mexico,H1B,106
Mexico,H2A,"45,146"
Mexico,H2B,"23,119"
Mexico,H3,1
Mexico,H4,787
Mexico,I,70
Mexico,J1,"5,004"
Mexico,J2,8
Mexico,K1,359
Mexico,K2,74
Mexico,L1,265
Mexico,L2,276
Mexico,M1,26
Mexico,O1,79
Mexico,O2,271
Mexico,O3,25
Mexico,P1,746
Mexico,P3,100
Mexico,P4,14
Mexico,Q1,14
Mexico,R1,36
Mexico,R2,7
Mexico,T2,4
Mexico,T3,9
Mexico,TD,908
Mexico,TN,"1,205"
Mexico,U1,6
Mexico,U2,5
Mexico,U3,33
Mexico,U4,2
"Micronesia, Federated States of",A1,1
Moldova,A1,1
Moldova,A2,31
Moldova,B1,2
Moldova,B1/B2,290
Moldova,C1/D,11
Moldova,F1,4
Moldova,G1,1
Moldova,G4,2
Moldova,H1B,1
Moldova,H2A,2
Moldova,I,1
Moldova,J1,186
Moldova,K1,1
Moldova,L1,1
Moldova,L2,1
Moldova,O1,1
Monaco,B1/B2,1
Mongolia,A1,1
Mongolia,A2,54
Mongolia,B1/B2,995
Mongolia,B2,4
Mongolia,C1,1
Mongolia,C3,6
Mongolia,E2,6
Mongolia,F1,26
Mongolia,F2,7
Mongolia,G1,2
Mongolia,G2,19
Mongolia,G4,4
Mongolia,H1B,1
Mongolia,I,1
Mongolia,J1,722
Mongolia,J2,1
Mongolia,K1,2
Mongolia,K2,1
Mongolia,P1,4
Mongolia,P4,5
Montenegro,A2,7
Montenegro,B1/B2,319
Montenegro,C1/D,177
Montenegro,F1,4
Montenegro,G2,2
Montenegro,H1B,2
Montenegro,H2B,10
Montenegro,J1,335
Montenegro,K1,1
Montenegro,O1,1
Montserrat,B1/B2,1
Morocco,A1,3
Morocco,A2,133
Morocco,A3,2
Morocco,B1,5
Morocco,B1/B2,"2,613"
Morocco,C1/D,68
Morocco,C3,3
Morocco,E2,1
Morocco,F1,36
Morocco,G2,21
Morocco,G4,12
Morocco,H1B,3
Morocco,I,2
Morocco,J1,68
Morocco,J2,5
Morocco,K1,21
Morocco,K2,3
Morocco,L1,5
Morocco,P1,1
Mozambique,A1,6
Mozambique,A2,48
Mozambique,B1,1
Mozambique,B1/B2,155
Mozambique,B2,3
Mozambique,C1,23
Mozambique,C1/D,2
Mozambique,F1,7
Mozambique,F2,2
Mozambique,G1,2
Mozambique,G2,18
Mozambique,G4,3
Mozambique,H1B,1
Mozambique,I,12
Mozambique,J1,19
Mozambique,L1,1
Mozambique,L2,1
Mozambique,O1,1
Namibia,A2,10
Namibia,B1,4
Namibia,B1/B2,99
Namibia,C1,1
Namibia,C1/D,3
Namibia,C3,2
Namibia,G1,1
Namibia,G2,10
Namibia,G4,1
Namibia,H1B,2
Namibia,J1,12
Namibia,K1,1
Namibia,K2,1
Namibia,Q1,4
Nauru,A1,1
Nauru,A2,12
Nauru,B1,1
Nauru,G2,1
Nauru,J1,1
Nepal,A1,2
Nepal,A2,17
Nepal,B1,3
Nepal,B1/B2,"2,365"
Nepal,B2,2
Nepal,C1,16
Nepal,C1/D,14
Nepal,C2,3
Nepal,CW1,1
Nepal,CW2,1
Nepal,F1,"1,397"
Nepal,F2,40
Nepal,G1,3
Nepal,G2,7
Nepal,G4,42
Nepal,G5,1
Nepal,H1B,66
Nepal,H4,36
Nepal,J1,81
Nepal,J2,16
Nepal,K1,7
Nepal,L1,3
Nepal,L2,4
Nepal,M1,2
Nepal,O1,3
Nepal,O2,2
Nepal,O3,1
Nepal,P1,7
Nepal,P3,6
Nepal,R1,2
Nepal,R2,2
Nepal,T2,1
Nepal,U3,2
Netherlands,A2,65
Netherlands,B1,46
Netherlands,B1/B2,613
Netherlands,B2,2
Netherlands,C1/D,151
Netherlands,E1,3
Netherlands,E2,26
Netherlands,F1,60
Netherlands,G1,3
Netherlands,G2,11
Netherlands,G3,2
Netherlands,G4,20
Netherlands,H1B,12
Netherlands,H2A,5
Netherlands,H2B,15
Netherlands,H4,3
Netherlands,I,30
Netherlands,J1,143
Netherlands,J2,5
Netherlands,K1,9
Netherlands,K2,2
Netherlands,L1,86
Netherlands,L2,56
Netherlands,M1,4
Netherlands,NATO2,8
Netherlands,NATO4,3
Netherlands,NATO6,24
Netherlands,O1,25
Netherlands,O2,7
Netherlands,O3,2
Netherlands,P1,26
Netherlands,P3,1
Netherlands,R1,2
Netherlands,R2,2
New Zealand,A1,4
New Zealand,A2,107
New Zealand,B1/B2,232
New Zealand,C1/D,61
New Zealand,C3,22
New Zealand,E2,5
New Zealand,E3D,6
New Zealand,F1,50
New Zealand,F2,1
New Zealand,G1,3
New Zealand,G2,5
New Zealand,G4,1
New Zealand,H1B,5
New Zealand,H2A,16
New Zealand,H2B,3
New Zealand,H3,2
New Zealand,H4,8
New Zealand,I,11
New Zealand,J1,415
New Zealand,J2,2
New Zealand,K1,4
New Zealand,L1,17
New Zealand,L2,8
New Zealand,M1,1
New Zealand,O1,16
New Zealand,O2,4
New Zealand,P1,9
New Zealand,P4,3
New Zealand,R1,6
Nicaragua,B1,41
Nicaragua,B1/B2,"1,191"
Nicaragua,B2,2
Nicaragua,C1,31
Nicaragua,C1/D,71
Nicaragua,E2,1
Nicaragua,F1,19
Nicaragua,G4,6
Nicaragua,H1B,1
Nicaragua,H2A,67
Nicaragua,H2B,17
Nicaragua,H4,3
Nicaragua,I,1
Nicaragua,J1,10
Nicaragua,J2,3
Nicaragua,K1,9
Nicaragua,K2,7
Nicaragua,L1,3
Nicaragua,L2,2
Nicaragua,P1,3
Nicaragua,TD,1
Niger,A1,1
Niger,A3,1
Niger,B1/B2,104
Niger,F1,11
Niger,G2,19
Niger,G4,9
Niger,J1,3
Niger,K1,1
Nigeria,A1,13
Nigeria,A2,112
Nigeria,A3,1
Nigeria,B1,2
Nigeria,B1/B2,"5,530"
Nigeria,B2,1
Nigeria,C1,12
Nigeria,C1/D,11
Nigeria,C3,7
Nigeria,F1,214
Nigeria,F2,36
Nigeria,G1,4
Nigeria,G2,28
Nigeria,G4,56
Nigeria,H1B,52
Nigeria,H2B,1
Nigeria,H4,26
Nigeria,I,14
Nigeria,J1,65
Nigeria,J2,10
Nigeria,K1,51
Nigeria,K2,2
Nigeria,L1,18
Nigeria,L2,22
Nigeria,M1,7
Nigeria,O1,18
Nigeria,O2,9
Nigeria,O3,10
Nigeria,P1,1
Nigeria,P3,4
Nigeria,P4,1
Nigeria,R1,17
Nigeria,R2,5
*Non-Nationality Based Issuances,A2,1
*Non-Nationality Based Issuances,B1/B2,147
*Non-Nationality Based Issuances,B2,1
*Non-Nationality Based Issuances,C1/D,10
*Non-Nationality Based Issuances,F1,2
*Non-Nationality Based Issuances,G3,1
*Non-Nationality Based Issuances,G4,3
*Non-Nationality Based Issuances,H4,1
*Non-Nationality Based Issuances,J1,2
*Non-Nationality Based Issuances,J2,1
*Non-Nationality Based Issuances,K1,4
*Non-Nationality Based Issuances,P1,1
North Macedonia,A1,2
North Macedonia,A2,23
North Macedonia,B1,1
North Macedonia,B1/B2,426
North Macedonia,C1,2
North Macedonia,C1/D,9
North Macedonia,C3,1
North Macedonia,F1,4
North Macedonia,G2,4
North Macedonia,G4,1
North Macedonia,H2A,1
North Macedonia,H2B,3
North Macedonia,J1,432
North Macedonia,K1,3
North Macedonia,NATO2,12
North Macedonia,O1,1
North Macedonia,P3,1
Norway,A1,5
Norway,A2,12
Norway,B1/B2,250
Norway,C1/D,100
Norway,E1,3
Norway,E2,7
Norway,E3D,1
Norway,F1,59
Norway,F2,2
Norway,G1,3
Norway,G2,4
Norway,G4,6
Norway,H1B,6
Norway,I,9
Norway,J1,123
Norway,J2,12
Norway,K1,3
Norway,L1,8
Norway,L2,9
Norway,M1,4
Norway,NATO1,2
Norway,NATO2,37
Norway,NATO4,1
Norway,O1,9
Norway,O2,8
Norway,P1,5
Norway,Q1,14
Norway,R1,1
Oman,A2,92
Oman,A3,1
Oman,B1,1
Oman,B1/B2,197
Oman,B2,4
Oman,C1/D,11
Oman,F1,5
Oman,G2,2
Oman,G4,1
Oman,H1B,1
Oman,H4,4
Oman,J1,7
Pakistan,A2,121
Pakistan,A3,1
Pakistan,B1,6
Pakistan,B1/B2,"7,804"
Pakistan,B2,7
Pakistan,C1,2
Pakistan,C1/D,32
Pakistan,E1,2
Pakistan,E2,4
Pakistan,E3,1
Pakistan,E3D,3
Pakistan,F1,284
Pakistan,F2,46
Pakistan,G2,7
Pakistan,G4,45
Pakistan,H1B,128
Pakistan,H4,126
Pakistan,I,8
Pakistan,J1,230
Pakistan,J2,75
Pakistan,K1,32
Pakistan,K2,1
Pakistan,L1,32
Pakistan,L2,53
Pakistan,M1,1
Pakistan,O1,2
Pakistan,O3,3
Pakistan,P3,50
Pakistan,R1,2
Pakistan,R2,3
Pakistan,TD,5
Palau,B1/B2,1
Palestinian Authority Travel Document,B1,20
Palestinian Authority Travel Document,B1/B2,613
Palestinian Authority Travel Document,C1/D,1
Palestinian Authority Travel Document,F1,9
Palestinian Authority Travel Document,F2,3
Palestinian Authority Travel Document,G4,1
Palestinian Authority Travel Document,H1B,4
Palestinian Authority Travel Document,H4,4
Palestinian Authority Travel Document,J1,14
Palestinian Authority Travel Document,J2,8
Palestinian Authority Travel Document,K1,7
Palestinian Authority Travel Document,U1,1
Panama,A1,1
Panama,A2,52
Panama,A3,1
Panama,B1,3
Panama,B1/B2,"1,895"
Panama,C1,5
Panama,C1/D,142
Panama,E2,3
Panama,F1,84
Panama,G4,2
Panama,H1B,3
Panama,H2A,4
Panama,H2B,1
Panama,H4,1
Panama,J1,11
Panama,K1,3
Panama,K2,2
Panama,L1,4
Panama,L2,3
Panama,M1,1
Panama,O1,2
Panama,O2,1
Panama,O3,5
Panama,P1,4
Panama,P4,1
Papua New Guinea,A1,5
Papua New Guinea,A2,11
Papua New Guinea,B1,13
Papua New Guinea,B1/B2,36
Papua New Guinea,B2,1
Papua New Guinea,C3,3
Papua New Guinea,F1,4
Papua New Guinea,F2,6
Papua New Guinea,G2,7
Papua New Guinea,G4,2
Papua New Guinea,J1,3
Paraguay,A2,24
Paraguay,B1,8
Paraguay,B1/B2,900
Paraguay,C1/D,1
Paraguay,F1,8
Paraguay,G2,6
Paraguay,G4,1
Paraguay,H1B,1
Paraguay,H4,1
Paraguay,I,1
Paraguay,J1,12
Paraguay,K1,2
Paraguay,L1,2
Paraguay,O1,1
Paraguay,P1,2
Peru,A1,7
Peru,A2,55
Peru,A3,3
Peru,B1,40
Peru,B1/B2,"15,707"
Peru,C1,55
Peru,C1/D,247
Peru,C3,1
Peru,E2,1
Peru,F1,236
Peru,F2,24
Peru,G1,3
Peru,G2,2
Peru,G4,19
Peru,G5,2
Peru,H1B,20
Peru,H2A,86
Peru,H2B,14
Peru,H3,1
Peru,H4,3
Peru,I,14
Peru,J1,118
Peru,J2,2
Peru,K1,38
Peru,K2,3
Peru,L1,16
Peru,L2,13
Peru,M1,7
Peru,O1,9
Peru,O2,7
Peru,P1,7
Peru,P3,13
Peru,P4,2
Peru,R1,7
Peru,U3,1
Philippines,A1,2
Philippines,A2,241
Philippines,A3,17
Philippines,B1,482
Philippines,B1/B2,"13,737"
Philippines,B2,5
Philippines,C1,243
Philippines,C1/D,"9,963"
Philippines,C2,3
Philippines,C3,3
Philippines,CW1,283
Philippines,CW2,49
Philippines,E1,1
Philippines,E2,8
Philippines,F1,72
Philippines,F2,14
Philippines,G1,10
Philippines,G2,30
Philippines,G4,27
Philippines,G5,3
Philippines,H1B,169
Philippines,H2A,1
Philippines,H2B,325
Philippines,H4,141
Philippines,I,14
Philippines,J1,782
Philippines,J2,272
Philippines,K1,847
Philippines,K2,160
Philippines,L1,56
Philippines,L2,63
Philippines,M1,7
Philippines,O1,7
Philippines,O2,15
Philippines,O3,8
Philippines,P1,4
Philippines,R1,12
Philippines,R2,9
Philippines,T3,3
Philippines,TD,1
Poland,A1,1
Poland,A2,47
Poland,B1,4
Poland,B1/B2,745
Poland,C1/D,213
Poland,C3,1
Poland,E1,6
Poland,E2,19
Poland,E3D,2
Poland,F1,36
Poland,F2,1
Poland,G2,6
Poland,G4,9
Poland,H1B,11
Poland,H2A,1
Poland,H2B,14
Poland,H3,1
Poland,H4,6
Poland,I,9
Poland,J1,656
Poland,J2,4
Poland,K1,12
Poland,L1,51
Poland,L2,40
Poland,NATO2,92
Poland,NATO4,1
Poland,NATO6,7
Poland,O1,10
Poland,O2,2
Poland,O3,5
Poland,P1,5
Poland,P3,2
Poland,R1,4
Portugal,A1,2
Portugal,A2,6
Portugal,B1,16
Portugal,B1/B2,487
Portugal,C1,1
Portugal,C1/D,316
Portugal,E2,1
Portugal,F1,30
Portugal,F2,4
Portugal,G1,1
Portugal,G2,7
Portugal,G4,3
Portugal,H1B,11
Portugal,H2B,2
Portugal,H4,1
Portugal,I,5
Portugal,J1,43
Portugal,K1,4
Portugal,L1,23
Portugal,L2,12
Portugal,M1,1
Portugal,NATO2,6
Portugal,NATO4,1
Portugal,O1,3
Portugal,O2,8
Portugal,P1,3
Portugal,P3,7
Portugal,R2,2
Qatar,A1,2
Qatar,A2,133
Qatar,B1/B2,575
Qatar,F1,22
Qatar,G1,7
Qatar,G2,9
Qatar,H1B,1
Qatar,L1,2
Qatar,L2,4
Romania,A1,4
Romania,A2,54
Romania,B1,19
Romania,B1/B2,"9,123"
Romania,C1/D,261
Romania,E2,4
Romania,F1,23
Romania,G1,4
Romania,G2,13
Romania,G4,5
Romania,H1B,7
Romania,H2A,16
Romania,H2B,68
Romania,H4,8
Romania,I,11
Romania,J1,"1,854"
Romania,J2,2
Romania,K1,3
Romania,L1,12
Romania,L2,7
Romania,M1,1
Romania,NATO2,90
Romania,NATO4,1
Romania,NATO6,7
Romania,O1,4
Romania,O2,1
Romania,O3,2
Romania,P1,1
Romania,P3,1
Romania,TD,2
Russia,A1,1
Russia,A2,15
Russia,B1,7
Russia,B1/B2,"4,083"
Russia,B2,2
Russia,C1,2
Russia,C1/D,239
Russia,C2,3
Russia,E2,7
Russia,F1,126
Russia,F2,11
Russia,G1,49
Russia,G2,41
Russia,G4,42
Russia,H1B,17
Russia,H4,23
Russia,I,6
Russia,J1,182
Russia,J2,7
Russia,K1,24
Russia,K2,4
Russia,L1,40
Russia,L2,64
Russia,O1,28
Russia,O2,8
Russia,O3,26
Russia,P1,8
Russia,P3,10
Russia,P4,6
Rwanda,A1,4
Rwanda,A2,29
Rwanda,B1/B2,281
Rwanda,C1/D,1
Rwanda,C3,1
Rwanda,F1,34
Rwanda,G1,1
Rwanda,G2,1
Rwanda,G4,7
Rwanda,H1B,2
Rwanda,J1,15
Rwanda,J2,3
Saint Kitts and Nevis,A1,1
Saint Kitts and Nevis,A2,2
Saint Kitts and Nevis,B1/B2,334
Saint Kitts and Nevis,B2,1
Saint Kitts and Nevis,C1/D,2
Saint Kitts and Nevis,C3,3
Saint Kitts and Nevis,F1,6
Saint Kitts and Nevis,J1,2
Saint Lucia,B1,1
Saint Lucia,B1/B2,353
Saint Lucia,C1/D,24
Saint Lucia,F1,3
Saint Lucia,G4,3
Saint Lucia,J1,6
Saint Lucia,J2,1
Saint Lucia,K1,2
Saint Lucia,K2,1
Saint Lucia,M1,1
Saint Vincent and the Grenadines,A1,1
Saint Vincent and the Grenadines,A2,4
Saint Vincent and the Grenadines,B1,1
Saint Vincent and the Grenadines,B1/B2,216
Saint Vincent and the Grenadines,C1/D,16
Saint Vincent and the Grenadines,C3,2
Saint Vincent and the Grenadines,G1,1
Saint Vincent and the Grenadines,G2,1
Saint Vincent and the Grenadines,H1B,1
Saint Vincent and the Grenadines,J1,4
Samoa,A2,2
Samoa,B1/B2,25
Samoa,C1/D,3
Samoa,C3,6
Samoa,J1,1
Samoa,K1,1
Samoa,P1,2
Samoa,R1,2
San Marino,B1/B2,2
Sao Tome and Principe,A2,3
Sao Tome and Principe,G2,3
Sao Tome and Principe,J1,2
Saudi Arabia,A1,20
Saudi Arabia,A2,540
Saudi Arabia,B1,4
Saudi Arabia,B1/B2,"4,678"
Saudi Arabia,C1,3
Saudi Arabia,D,52
Saudi Arabia,F1,184
Saudi Arabia,F2,85
Saudi Arabia,G1,15
Saudi Arabia,G2,34
Saudi Arabia,G4,5
Saudi Arabia,H1B,16
Saudi Arabia,H3,1
Saudi Arabia,H4,10
Saudi Arabia,I,1
Saudi Arabia,J1,55
Saudi Arabia,J2,6
Saudi Arabia,L1,7
Saudi Arabia,L2,17
Saudi Arabia,M1,37
Saudi Arabia,O1,2
Saudi Arabia,TD,1
Senegal,A1,1
Senegal,A2,6
Senegal,B1/B2,356
Senegal,F1,2
Senegal,G1,1
Senegal,G2,15
Senegal,G4,19
Senegal,H1B,2
Senegal,H4,3
Senegal,I,1
Senegal,J1,10
Senegal,K1,11
Senegal,O1,2
Senegal,O2,1
Senegal,P1,3
Serbia,A1,4
Serbia,A2,14
Serbia,B1,9
Serbia,B1/B2,"1,797"
Serbia,C1,1
Serbia,C1/D,117
Serbia,E2,2
Serbia,F1,25
Serbia,G1,2
Serbia,G2,10
Serbia,G4,6
Serbia,H1B,2
Serbia,H2B,136
Serbia,H4,2
Serbia,I,5
Serbia,J1,459
Serbia,J2,1
Serbia,K1,3
Serbia,L1,13
Serbia,L2,11
Serbia,O1,6
Serbia,P1,1
Seychelles,A1,1
Seychelles,A2,8
Seychelles,B1/B2,15
Seychelles,C1/D,1
Seychelles,G1,2
Seychelles,G2,5
Seychelles,J1,1
Seychelles,M1,2
Sierra Leone,A1,4
Sierra Leone,A2,69
Sierra Leone,B1,9
Sierra Leone,B1/B2,144
Sierra Leone,B2,12
Sierra Leone,C1/D,1
Sierra Leone,F1,10
Sierra Leone,G1,1
Sierra Leone,G2,30
Sierra Leone,G4,1
Sierra Leone,J1,9
Sierra Leone,J2,1
Sierra Leone,K1,11
Sierra Leone,K2,1
Singapore,A1,5
Singapore,A2,193
Singapore,B1,1
Singapore,B1/B2,60
Singapore,C1/D,148
Singapore,C3,1
Singapore,E2,3
Singapore,F1,226
Singapore,F2,6
Singapore,G2,6
Singapore,G4,7
Singapore,H1B,24
Singapore,H1B1,56
Singapore,H2B,1
Singapore,H3,1
Singapore,H4,16
Singapore,I,1
Singapore,J1,82
Singapore,J2,7
Singapore,K1,4
Singapore,L1,21
Singapore,L2,28
Singapore,M1,5
Singapore,O1,3
Singapore,P1,1
Singapore,P3,1
Slovakia,A1,2
Slovakia,A2,10
Slovakia,B1,13
Slovakia,B1/B2,77
Slovakia,C1/D,14
Slovakia,E2,3
Slovakia,F1,6
Slovakia,G2,9
Slovakia,G4,3
Slovakia,H1B,1
Slovakia,H2A,1
Slovakia,H2B,19
Slovakia,H4,1
Slovakia,I,1
Slovakia,J1,635
Slovakia,K1,1
Slovakia,L1,9
Slovakia,L2,12
Slovakia,NATO2,29
Slovakia,O1,2
Slovakia,O2,1
Slovakia,O3,1
Slovenia,A1,1
Slovenia,A2,18
Slovenia,B1,4
Slovenia,B1/B2,47
Slovenia,C1/D,5
Slovenia,E1,1
Slovenia,F1,6
Slovenia,G4,1
Slovenia,I,1
Slovenia,J1,76
Slovenia,J2,3
Slovenia,L2,1
Slovenia,NATO2,20
Slovenia,O1,1
Slovenia,P3,1
Solomon Islands,A2,16
Solomon Islands,B1/B2,8
Solomon Islands,J1,4
Somalia,A2,1
Somalia,B1/B2,8
Somalia,G1,1
Somalia,G2,5
Somalia,G4,2
Somalia,J1,2
Somalia,K1,5
South Africa,A2,34
South Africa,B1,17
South Africa,B1/B2,"4,546"
South Africa,B2,1
South Africa,C1,7
South Africa,C1/D,438
South Africa,C3,3
South Africa,E2,4
South Africa,E3D,3
South Africa,F1,108
South Africa,G2,5
South Africa,G4,23
South Africa,H1B,10
South Africa,H2A,"1,593"
South Africa,H2B,227
South Africa,H4,124
South Africa,I,5
South Africa,J1,471
South Africa,J2,2
South Africa,K1,11
South Africa,K2,1
South Africa,L1,37
South Africa,L2,50
South Africa,M1,1
South Africa,O1,10
South Africa,O2,1
South Africa,O3,7
South Africa,P1,4
South Africa,P3,1
South Africa,Q1,3
South Africa,R1,4
South Africa,R2,7
South Sudan,A2,3
South Sudan,B1,6
South Sudan,B1/B2,12
South Sudan,F1,2
South Sudan,F2,1
South Sudan,G2,21
South Sudan,G4,4
South Sudan,J1,2
South Sudan,O1,8
Spain,A1,13
Spain,A2,27
Spain,B1,2
Spain,B1/B2,"1,335"
Spain,B2,37
Spain,C1/D,368
Spain,C3,5
Spain,E1,6
Spain,E2,116
Spain,F1,194
Spain,F2,12
Spain,G1,6
Spain,G2,8
Spain,G4,36
Spain,H1B,22
Spain,H2B,2
Spain,H4,6
Spain,I,29
Spain,J1,"1,564"
Spain,J2,32
Spain,K1,11
Spain,L1,107
Spain,L2,82
Spain,M1,2
Spain,NATO2,11
Spain,NATO4,5
Spain,O1,25
Spain,O2,47
Spain,O3,4
Spain,P1,78
Spain,P3,3
Spain,P4,6
Spain,R1,3
Sri Lanka,A1,1
Sri Lanka,A2,58
Sri Lanka,A3,1
Sri Lanka,B1,6
Sri Lanka,B1/B2,"1,021"
Sri Lanka,C1,3
Sri Lanka,C1/D,73
Sri Lanka,C3,2
Sri Lanka,F1,39
Sri Lanka,F2,9
Sri Lanka,G1,3
Sri Lanka,G2,10
Sri Lanka,G4,2
Sri Lanka,H1B,15
Sri Lanka,H4,14
Sri Lanka,I,1
Sri Lanka,J1,18
Sri Lanka,J2,4
Sri Lanka,K1,4
Sri Lanka,L1,5
Sri Lanka,L2,11
Sri Lanka,O3,1
Sri Lanka,P1,1
Sri Lanka,R1,1
Sri Lanka,R2,4
Sudan,A1,1
Sudan,A2,7
Sudan,B1,18
Sudan,B1/B2,266
Sudan,D,2
Sudan,F1,5
Sudan,G2,5
Sudan,G4,10
Sudan,H1B,6
Sudan,H4,2
Sudan,J1,11
Sudan,J2,2
Sudan,K1,2
Sudan,L1,2
Sudan,L2,3
Suriname,A2,4
Suriname,B1/B2,494
Suriname,C3,5
Suriname,F1,2
Suriname,G1,1
Suriname,G2,3
Suriname,G4,2
Suriname,K1,1
Suriname,L1,1
Sweden,A1,2
Sweden,A2,145
Sweden,B1,24
Sweden,B1/B2,575
Sweden,B2,4
Sweden,C1/D,73
Sweden,E1,4
Sweden,E2,19
Sweden,F1,55
Sweden,G1,1
Sweden,G2,10
Sweden,G3,1
Sweden,G4,8
Sweden,H1B,8
Sweden,H2B,1
Sweden,H4,1
Sweden,I,19
Sweden,J1,118
Sweden,J2,9
Sweden,K1,6
Sweden,L1,32
Sweden,L2,27
Sweden,O1,20
Sweden,O2,8
Sweden,O3,5
Sweden,P1,16
Sweden,P3,6
Sweden,P4,1
Sweden,R1,3
Sweden,R2,1
Switzerland,A1,7
Switzerland,A2,42
Switzerland,B1,2
Switzerland,B1/B2,402
Switzerland,C1/D,93
Switzerland,E2,33
Switzerland,F1,90
Switzerland,F2,4
Switzerland,G1,4
Switzerland,G2,6
Switzerland,G4,17
Switzerland,H1B,4
Switzerland,H2B,1
Switzerland,H4,4
Switzerland,I,4
Switzerland,J1,119
Switzerland,J2,6
Switzerland,K1,1
Switzerland,L1,32
Switzerland,L2,15
Switzerland,M1,14
Switzerland,O1,17
Switzerland,O2,3
Switzerland,O3,3
Switzerland,P1,4
Syria,A3,1
Syria,B1/B2,365
Syria,C1/D,1
Syria,F1,11
Syria,F2,1
Syria,G1,5
Syria,G2,2
Syria,G4,12
Syria,H1B,2
Syria,H4,1
Syria,J1,11
Syria,K1,20
Syria,K2,1
Syria,L1,1
Syria,NATO2,1
Syria,O2,1
Syria,P3,1
Taiwan,B1,2
Taiwan,B1/B2,747
Taiwan,C1,3
Taiwan,C1/D,337
Taiwan,E1,42
Taiwan,E2,433
Taiwan,F1,237
Taiwan,F2,18
Taiwan,G4,2
Taiwan,H1B,92
Taiwan,H4,18
Taiwan,I,4
Taiwan,J1,229
Taiwan,J2,22
Taiwan,K1,12
Taiwan,L1,83
Taiwan,L2,49
Taiwan,M1,6
Taiwan,O1,15
Taiwan,O2,3
Taiwan,O3,1
Taiwan,P1,11
Taiwan,P3,35
Taiwan,R1,3
Taiwan,R2,4
Tajikistan,A1,4
Tajikistan,A2,17
Tajikistan,B1/B2,248
Tajikistan,C1,1
Tajikistan,D,1
Tajikistan,F1,7
Tajikistan,F2,2
Tajikistan,G1,1
Tajikistan,G2,13
Tajikistan,G4,10
Tajikistan,H4,1
Tajikistan,J1,19
Tajikistan,K1,2
Tanzania,A1,7
Tanzania,A2,53
Tanzania,B1,15
Tanzania,B1/B2,545
Tanzania,B2,1
Tanzania,C1/D,6
Tanzania,C3,2
Tanzania,F1,10
Tanzania,F2,2
Tanzania,G1,4
Tanzania,G2,46
Tanzania,G4,16
Tanzania,H1B,1
Tanzania,J1,13
Tanzania,J2,4
Tanzania,K1,4
Tanzania,P1,8
Tanzania,P3,4
Tanzania,R1,1
Thailand,A1,6
Thailand,A2,233
Thailand,A3,1
Thailand,B1,15
Thailand,B1/B2,"3,744"
Thailand,B2,9
Thailand,C1,8
Thailand,C1/D,276
Thailand,CW1,4
Thailand,CW2,1
Thailand,E1,2
Thailand,E2,36
Thailand,E3D,2
Thailand,F1,114
Thailand,F2,7
Thailand,G1,4
Thailand,G2,27
Thailand,G4,5
Thailand,H1B,15
Thailand,H2A,3
Thailand,H2B,3
Thailand,H3,2
Thailand,H4,2
Thailand,I,1
Thailand,J1,"1,355"
Thailand,J2,6
Thailand,K1,76
Thailand,K2,11
Thailand,L1,12
Thailand,L2,6
Thailand,M1,1
Thailand,O1,5
Thailand,O2,19
Thailand,P1,4
Thailand,P3,4
Thailand,R1,9
Timor-Leste,A2,15
Timor-Leste,B1/B2,3
Timor-Leste,G2,11
Timor-Leste,J1,10
Togo,A2,2
Togo,B1/B2,213
Togo,C1,3
Togo,C3,3
Togo,D,1
Togo,F1,7
Togo,G1,9
Togo,G2,7
Togo,G4,6
Togo,J1,2
Togo,K1,6
Togo,K2,5
Togo,R1,2
Tonga,A1,2
Tonga,A2,6
Tonga,B1/B2,75
Tonga,G2,1
Tonga,J1,9
Tonga,K1,1
Tonga,R1,2
Trinidad and Tobago,A1,2
Trinidad and Tobago,A2,6
Trinidad and Tobago,B1,7
Trinidad and Tobago,B1/B2,"5,609"
Trinidad and Tobago,C1,5
Trinidad and Tobago,C1/D,36
Trinidad and Tobago,C3,3
Trinidad and Tobago,F1,29
Trinidad and Tobago,G2,1
Trinidad and Tobago,G4,6
Trinidad and Tobago,H1B,3
Trinidad and Tobago,H4,4
Trinidad and Tobago,I,3
Trinidad and Tobago,J1,16
Trinidad and Tobago,J2,2
Trinidad and Tobago,K1,3
Trinidad and Tobago,K2,1
Trinidad and Tobago,L1,9
Trinidad and Tobago,L2,4
Trinidad and Tobago,M1,6
Trinidad and Tobago,O1,1
Trinidad and Tobago,P1,4
Trinidad and Tobago,P3,1
Trinidad and Tobago,R1,1
Tunisia,A1,1
Tunisia,A2,65
Tunisia,B1,1
Tunisia,B1/B2,453
Tunisia,C1/D,63
Tunisia,C2,1
Tunisia,F1,13
Tunisia,G2,2
Tunisia,G4,12
Tunisia,H1B,1
Tunisia,I,2
Tunisia,J1,13
Tunisia,J2,1
Tunisia,K1,3
Tunisia,L1,5
Tunisia,L2,3
Tunisia,M1,1
Turkey,A2,157
Turkey,A3,2
Turkey,B1,6
Turkey,B1/B2,"8,350"
Turkey,C1,14
Turkey,C1/D,306
Turkey,C3,1
Turkey,E1,11
Turkey,E2,46
Turkey,F1,195
Turkey,F2,13
Turkey,G1,4
Turkey,G2,4
Turkey,G4,14
Turkey,H1B,31
Turkey,H2B,12
Turkey,H4,13
Turkey,I,20
Turkey,J1,"1,897"
Turkey,J2,41
Turkey,K1,27
Turkey,K2,3
Turkey,L1,32
Turkey,L2,36
Turkey,M1,1
Turkey,NATO2,8
Turkey,NATO4,1
Turkey,NATO6,6
Turkey,O1,7
Turkey,O3,5
Turkey,P3,1
Turkmenistan,A2,13
Turkmenistan,B1,1
Turkmenistan,B1/B2,231
Turkmenistan,F1,11
Turkmenistan,F2,3
Turkmenistan,G2,6
Turkmenistan,H1B,5
Turkmenistan,H4,14
Turkmenistan,J1,21
Turkmenistan,K1,1
Turks and Caicos Islands,B1/B2,18
Turks and Caicos Islands,F1,1
Turks and Caicos Islands,J1,1
Turks and Caicos Islands,M1,1
Tuvalu,B1/B2,2
Tuvalu,C3,1
Tuvalu,J1,3
Uganda,A2,24
Uganda,B1,3
Uganda,B1/B2,738
Uganda,C1,5
Uganda,C1/D,17
Uganda,D,2
Uganda,F1,20
Uganda,F2,2
Uganda,G1,1
Uganda,G2,25
Uganda,G4,39
Uganda,G5,1
Uganda,H1B,2
Uganda,H4,4
Uganda,J1,34
Uganda,J2,5
Uganda,K1,5
Uganda,K2,1
Uganda,O3,1
Uganda,P3,35
Uganda,R1,2
Ukraine,A2,65
Ukraine,B1,18
Ukraine,B1/B2,"3,106"
Ukraine,C1/D,355
Ukraine,E1,1
Ukraine,E2,6
Ukraine,F1,35
Ukraine,F2,3
Ukraine,G1,1
Ukraine,G2,2
Ukraine,G4,8
Ukraine,H1B,10
Ukraine,H2A,37
Ukraine,H2B,17
Ukraine,H4,9
Ukraine,I,1
Ukraine,J1,246
Ukraine,J2,4
Ukraine,K1,3
Ukraine,K2,1
Ukraine,L1,26
Ukraine,L2,26
Ukraine,M1,3
Ukraine,O1,9
Ukraine,O3,3
Ukraine,P1,37
Ukraine,P4,1
Ukraine,R1,1
Ukraine,R2,2
United Arab Emirates,A1,8
United Arab Emirates,A2,170
United Arab Emirates,B1/B2,947
United Arab Emirates,D,28
United Arab Emirates,F1,31
United Arab Emirates,G2,1
United Arab Emirates,G4,1
United Arab Emirates,J1,19
Uruguay,A2,82
Uruguay,B1,2
Uruguay,B1/B2,"3,251"
Uruguay,C1/D,4
Uruguay,C3,4
Uruguay,F1,7
Uruguay,F2,5
Uruguay,G1,1
Uruguay,G4,2
Uruguay,G5,1
Uruguay,H1B,1
Uruguay,H2A,2
Uruguay,H2B,1
Uruguay,H4,1
Uruguay,I,6
Uruguay,J1,9
Uruguay,J2,1
Uruguay,L1,2
Uruguay,O1,2
Uruguay,P1,5
Uzbekistan,A1,1
Uzbekistan,A2,58
Uzbekistan,B1,2
Uzbekistan,B1/B2,668
Uzbekistan,C1/D,33
Uzbekistan,F1,41
Uzbekistan,F2,4
Uzbekistan,G1,2
Uzbekistan,G2,23
Uzbekistan,G4,8
Uzbekistan,H1B,4
Uzbekistan,H4,1
Uzbekistan,J1,108
Uzbekistan,K1,5
Uzbekistan,L2,1
Uzbekistan,O1,1
Uzbekistan,P1,1
Vanuatu,A1,1
Vanuatu,A2,4
Vanuatu,B1/B2,8
Vanuatu,C1,1
Vanuatu,G2,8
Vanuatu,G4,2
Vanuatu,J1,5
Vatican City,A2,1
Vatican City,B1/B2,1
Venezuela,B1,5
Venezuela,B1/B2,"5,632"
Venezuela,B2,26
Venezuela,BBBCC,1
Venezuela,C1,5
Venezuela,C1/D,50
Venezuela,E2,3
Venezuela,F1,42
Venezuela,F2,5
Venezuela,G3,10
Venezuela,G4,8
Venezuela,H1B,14
Venezuela,H3,2
Venezuela,H4,3
Venezuela,I,5
Venezuela,J1,33
Venezuela,J2,3
Venezuela,K1,23
Venezuela,K2,16
Venezuela,L1,21
Venezuela,L2,26
Venezuela,NATO2,1
Venezuela,O1,6
Venezuela,O2,18
Venezuela,O3,14
Venezuela,P1,82
Venezuela,P4,13
Venezuela,R1,1
Venezuela,T4,1
Vietnam,A1,24
Vietnam,A2,32
Vietnam,B1,13
Vietnam,B1/B2,"11,436"
Vietnam,B2,250
Vietnam,C1,27
Vietnam,C1/D,249
Vietnam,C3,4
Vietnam,E2,1
Vietnam,F1,564
Vietnam,F2,11
Vietnam,G1,9
Vietnam,G2,17
Vietnam,G4,32
Vietnam,H1B,31
Vietnam,H4,9
Vietnam,J1,54
Vietnam,J2,6
Vietnam,K1,112
Vietnam,K2,18
Vietnam,L1,38
Vietnam,L2,27
Vietnam,M1,12
Vietnam,O1,2
Vietnam,O2,1
Vietnam,O3,1
Vietnam,R1,6
Vietnam,TD,2
Yemen,A1,2
Yemen,A2,18
Yemen,B1,6
Yemen,B1/B2,208
Yemen,C1,1
Yemen,C1/D,2
Yemen,F1,10
Yemen,F2,2
Yemen,G1,5
Yemen,G2,7
Yemen,G4,16
Yemen,H1B,3
Yemen,H4,5
Yemen,J1,3
Yemen,J2,3
Yemen,K1,9
Yemen,K2,3
Zambia,A2,6
Zambia,B1/B2,222
Zambia,C1/D,13
Zambia,C3,5
Zambia,F1,3
Zambia,G1,6
Zambia,G2,13
Zambia,G4,31
Zambia,H4,2
Zambia,I,1
Zambia,J1,25
Zambia,P3,1
Zambia,R1,3
Zimbabwe,A1,8
Zimbabwe,A2,3
Zimbabwe,B1,4
Zimbabwe,B1/B2,779
Zimbabwe,C1,15
Zimbabwe,C1/D,348
Zimbabwe,D,13
Zimbabwe,F1,54
Zimbabwe,F2,12
Zimbabwe,G1,3
Zimbabwe,G2,42
Zimbabwe,G4,45
Zimbabwe,H1B,14
Zimbabwe,H4,1
Zimbabwe,I,2
Zimbabwe,J1,62
Zimbabwe,J2,12
Zimbabwe,K1,3
Zimbabwe,L1,1
Zimbabwe,L2,2
Zimbabwe,O1,1
Zimbabwe,P1,1
Zimbabwe,Q1,1
Zimbabwe,R1,1
GRAND TOTAL,,"1,054,900"
"*""Non-nationality based issuances"" includes individuals presenting travel documents issued by a competent authority other than their country of nationality, including, for example, aliens traveling on a Laissez-Passer issued by the United Nations and refugees residing in another country.",,