Nonimmigrant Visa Issuances by Nationality                                                      August 2024 (FY 2024),,
Nationality,Visa Class,Issuances
Afghanistan,B1/B2,165
Afghanistan,F1,88
Afghanistan,F2,2
Afghanistan,G4,30
Afghanistan,H1B,1
Afghanistan,H4,7
Afghanistan,J1,4
Afghanistan,K1,12
Afghanistan,O1,1
Albania,A2,36
Albania,B1/B2,"2,393"
Albania,C1/D,17
Albania,F1,53
Albania,G2,3
Albania,G4,6
Albania,H1B,4
Albania,H4,1
Albania,J1,12
Albania,J2,1
Albania,K1,11
Albania,L2,1
Albania,NATO2,7
Albania,P3,3
Algeria,A1,8
Algeria,A2,3
Algeria,B1/B2,"1,769"
Algeria,C1,3
Algeria,D,11
Algeria,E2,1
Algeria,F1,57
Algeria,F2,3
Algeria,G1,7
Algeria,G2,7
Algeria,G4,3
Algeria,H1B,1
Algeria,I,5
Algeria,J1,45
Algeria,J2,1
Algeria,K1,11
Algeria,L1,1
Algeria,P3,1
Andorra,F1,2
Andorra,J1,1
Andorra,O1,1
Angola,A2,43
Angola,B1/B2,288
Angola,B2,1
Angola,C1/D,12
Angola,F1,33
Angola,F2,2
Angola,G1,3
Angola,G2,33
Angola,J1,4
Angola,K1,1
Angola,L1,4
Angola,L2,15
Angola,M1,1
Anguilla,F1,1
Antigua and Barbuda,A1,2
Antigua and Barbuda,A2,4
Antigua and Barbuda,B1/B2,219
Antigua and Barbuda,B2,5
Antigua and Barbuda,C1/D,2
Antigua and Barbuda,F1,13
Antigua and Barbuda,G4,2
Antigua and Barbuda,H1B,1
Antigua and Barbuda,L1,1
Antigua and Barbuda,M1,1
Argentina,A1,1
Argentina,A2,33
Argentina,B1,3
Argentina,B1/B2,"31,271"
Argentina,B2,43
Argentina,C1,7
Argentina,C1/D,149
Argentina,C3,4
Argentina,E1,1
Argentina,E2,86
Argentina,F1,149
Argentina,F2,8
Argentina,G2,5
Argentina,G4,38
Argentina,H1B,26
Argentina,H2A,28
Argentina,H4,17
Argentina,I,8
Argentina,J1,209
Argentina,J2,20
Argentina,K1,27
Argentina,K2,1
Argentina,L1,57
Argentina,L2,74
Argentina,M1,9
Argentina,M2,1
Argentina,O1,31
Argentina,O2,21
Argentina,O3,15
Argentina,P1,72
Argentina,P3,13
Argentina,P4,16
Argentina,R1,3
Armenia,A2,14
Armenia,B1/B2,"1,050"
Armenia,D,1
Armenia,E2,1
Armenia,F1,23
Armenia,F2,1
Armenia,G2,1
Armenia,G4,2
Armenia,H1B,5
Armenia,H4,7
Armenia,I,3
Armenia,J1,7
Armenia,J2,1
Armenia,K1,9
Armenia,K2,2
Armenia,L1,2
Armenia,L2,6
Armenia,O1,4
Armenia,O2,5
Armenia,O3,2
Armenia,P1,2
Armenia,P3,4
Australia,A1,18
Australia,A2,460
Australia,B1,6
Australia,B1/B2,676
Australia,B2,1
Australia,C1,3
Australia,C1/D,163
Australia,C3,4
Australia,E1,2
Australia,E2,21
Australia,E3,358
Australia,E3D,288
Australia,E3R,242
Australia,F1,214
Australia,F2,10
Australia,G1,2
Australia,G2,8
Australia,G4,9
Australia,H1B,42
Australia,H4,21
Australia,I,31
Australia,J1,110
Australia,J2,14
Australia,K1,30
Australia,K2,1
Australia,L1,80
Australia,L2,85
Australia,M1,18
Australia,M2,4
Australia,O1,59
Australia,O2,25
Australia,O3,7
Australia,P1,54
Australia,P4,5
Australia,R1,6
Australia,TD,2
Austria,A1,1
Austria,A2,31
Austria,B1/B2,279
Austria,C1,1
Austria,C1/D,55
Austria,E1,5
Austria,E2,31
Austria,F1,71
Austria,G2,4
Austria,G4,6
Austria,H1B,6
Austria,H2A,2
Austria,H4,5
Austria,I,5
Austria,J1,194
Austria,J2,7
Austria,K1,6
Austria,L1,35
Austria,L2,9
Austria,M1,3
Austria,O1,14
Austria,O2,2
Austria,O3,3
Austria,P1,7
Austria,P3,3
Azerbaijan,A1,5
Azerbaijan,A2,23
Azerbaijan,B1,1
Azerbaijan,B1/B2,802
Azerbaijan,C1/D,18
Azerbaijan,E2,9
Azerbaijan,F1,241
Azerbaijan,F2,17
Azerbaijan,G2,8
Azerbaijan,G4,6
Azerbaijan,H1B,4
Azerbaijan,H4,2
Azerbaijan,J1,16
Azerbaijan,K1,2
Azerbaijan,L1,6
Azerbaijan,L2,5
Azerbaijan,O1,1
"Bahamas, The",A1,4
"Bahamas, The",A2,3
"Bahamas, The",B1,1
"Bahamas, The",B1/B2,"1,122"
"Bahamas, The",B2,1
"Bahamas, The",C1,3
"Bahamas, The",C1/D,5
"Bahamas, The",C3,4
"Bahamas, The",D,1
"Bahamas, The",F1,194
"Bahamas, The",F2,1
"Bahamas, The",G2,1
"Bahamas, The",G4,1
"Bahamas, The",H1B,11
"Bahamas, The",H4,2
"Bahamas, The",J2,1
"Bahamas, The",L1,1
"Bahamas, The",M1,3
"Bahamas, The",O1,1
"Bahamas, The",O3,2
"Bahamas, The",P1,1
Bahrain,A2,10
Bahrain,B1,1
Bahrain,B1/B2,333
Bahrain,C1/D,2
Bahrain,F1,11
Bahrain,G1,3
Bahrain,G2,47
Bahrain,G4,1
Bahrain,H1B,2
Bahrain,H4,2
Bahrain,J1,5
Bahrain,K1,1
Bahrain,L1,1
Bahrain,L2,5
Bahrain,O2,1
Bangladesh,A1,2
Bangladesh,A2,37
Bangladesh,B1,14
Bangladesh,B1/B2,"1,292"
Bangladesh,B2,1
Bangladesh,C1/D,43
Bangladesh,C3,18
Bangladesh,E2,1
Bangladesh,F1,534
Bangladesh,F2,136
Bangladesh,G1,11
Bangladesh,G2,24
Bangladesh,G4,8
Bangladesh,H1B,21
Bangladesh,H4,21
Bangladesh,I,34
Bangladesh,J1,31
Bangladesh,J2,13
Bangladesh,K1,4
Bangladesh,L1,7
Bangladesh,L2,10
Bangladesh,O1,1
Bangladesh,O3,1
Bangladesh,P3,9
Bangladesh,TD,2
Barbados,A1,1
Barbados,B1,1
Barbados,B1/B2,"1,086"
Barbados,B2,6
Barbados,C1,2
Barbados,C1/D,4
Barbados,C3,1
Barbados,F1,30
Barbados,G2,1
Barbados,G4,1
Barbados,H1B,3
Barbados,H4,3
Barbados,J1,5
Barbados,J2,1
Barbados,L1,2
Barbados,L2,2
Barbados,O2,1
Barbados,P1,1
Barbados,R1,1
Belarus,A1,6
Belarus,A2,1
Belarus,B1,1
Belarus,B1/B2,649
Belarus,C1/D,34
Belarus,F1,53
Belarus,F2,3
Belarus,G2,7
Belarus,G4,9
Belarus,H1B,1
Belarus,H4,4
Belarus,J1,11
Belarus,K1,7
Belarus,L1,9
Belarus,L2,8
Belarus,O1,3
Belarus,O2,1
Belarus,O3,1
Belarus,P1,25
Belarus,P4,1
Belarus,R1,2
Belgium,A1,4
Belgium,A2,6
Belgium,B1/B2,296
Belgium,C1/D,66
Belgium,E1,1
Belgium,E2,13
Belgium,F1,139
Belgium,G1,2
Belgium,G2,7
Belgium,G3,10
Belgium,G4,17
Belgium,H1B,13
Belgium,H2A,1
Belgium,H4,2
Belgium,I,17
Belgium,J1,94
Belgium,J2,5
Belgium,K1,3
Belgium,L1,41
Belgium,L2,36
Belgium,M1,3
Belgium,NATO2,65
Belgium,NATO4,4
Belgium,NATO6,2
Belgium,O1,14
Belgium,O2,11
Belgium,O3,4
Belgium,P1,26
Belgium,P3,1
Belgium,Q1,1
Belgium,R1,1
Belgium,R2,2
Belize,A2,24
Belize,B1/B2,738
Belize,B2,1
Belize,C1,12
Belize,C1/D,3
Belize,C3,26
Belize,F1,19
Belize,F2,1
Belize,G4,1
Belize,H1B,1
Belize,H4,1
Belize,J1,2
Belize,K1,6
Belize,R1,1
Benin,A2,6
Benin,B1,1
Benin,B1/B2,249
Benin,C3,1
Benin,F1,23
Benin,G2,1
Benin,G4,8
Benin,J1,4
Benin,K1,2
Bermuda,B1/B2,14
Bermuda,F1,9
Bermuda,H1B,2
Bermuda,I,1
Bermuda,K1,1
Bermuda,M1,1
Bermuda,P1,1
Bhutan,A1,2
Bhutan,A2,5
Bhutan,B1/B2,75
Bhutan,F1,17
Bhutan,F2,2
Bhutan,G2,13
Bhutan,H3,1
Bhutan,J1,3
Bhutan,J2,1
Bolivia,A1,4
Bolivia,A2,2
Bolivia,B1,7
Bolivia,B1/B2,"2,832"
Bolivia,C1,3
Bolivia,C1/D,31
Bolivia,C3,2
Bolivia,E1,1
Bolivia,E2,1
Bolivia,F1,40
Bolivia,F2,4
Bolivia,G4,10
Bolivia,H1B,4
Bolivia,H4,1
Bolivia,J1,26
Bolivia,J2,3
Bolivia,K1,7
Bolivia,K2,1
Bolivia,L1,2
Bolivia,L2,4
Bolivia,O1,1
Bolivia,O2,1
Bolivia,P1,3
Bolivia,P3,9
Bolivia,R1,4
Bosnia-Herzegovina,A1,1
Bosnia-Herzegovina,A2,5
Bosnia-Herzegovina,B1,7
Bosnia-Herzegovina,B1/B2,362
Bosnia-Herzegovina,C1/D,17
Bosnia-Herzegovina,E2,10
Bosnia-Herzegovina,F1,21
Bosnia-Herzegovina,G2,1
Bosnia-Herzegovina,G4,3
Bosnia-Herzegovina,H1B,2
Bosnia-Herzegovina,H4,4
Bosnia-Herzegovina,I,3
Bosnia-Herzegovina,J1,12
Bosnia-Herzegovina,K1,12
Bosnia-Herzegovina,L1,2
Bosnia-Herzegovina,O1,1
Bosnia-Herzegovina,O2,1
Bosnia-Herzegovina,P1,1
Bosnia-Herzegovina,P3,4
Bosnia-Herzegovina,P4,1
Bosnia-Herzegovina,R1,2
Bosnia-Herzegovina,R2,4
Botswana,A2,6
Botswana,B1/B2,73
Botswana,C1/D,1
Botswana,F1,28
Botswana,F2,2
Botswana,G2,1
Botswana,G3,1
Botswana,G4,1
Botswana,H1B,2
Botswana,H4,2
Botswana,J1,9
Botswana,M1,1
Botswana,O1,1
Botswana,O3,2
Brazil,A1,16
Brazil,A2,242
Brazil,A3,1
Brazil,B1,279
Brazil,B1/B2,"104,688"
Brazil,B2,6
Brazil,C1,33
Brazil,C1/D,407
Brazil,C3,22
Brazil,E2,23
Brazil,F1,544
Brazil,F2,101
Brazil,G1,6
Brazil,G2,57
Brazil,G4,55
Brazil,H1B,157
Brazil,H2A,13
Brazil,H2B,2
Brazil,H4,138
Brazil,I,27
Brazil,J1,797
Brazil,J2,139
Brazil,K1,90
Brazil,K2,11
Brazil,L1,427
Brazil,L2,591
Brazil,M1,59
Brazil,M2,3
Brazil,O1,154
Brazil,O2,59
Brazil,O3,63
Brazil,P1,112
Brazil,P3,22
Brazil,P4,18
Brazil,R1,35
Brazil,R2,13
Brazil,TD,2
British National Overseas (Hong Kong) Passport,B1/B2,296
British National Overseas (Hong Kong) Passport,C1/D,2
British National Overseas (Hong Kong) Passport,F1,3
British National Overseas (Hong Kong) Passport,H1B,2
British National Overseas (Hong Kong) Passport,I,1
British National Overseas (Hong Kong) Passport,J1,2
British National Overseas (Hong Kong) Passport,L1,1
British National Overseas (Hong Kong) Passport,O1,1
British National Overseas (Hong Kong) Passport,R1,1
British Virgin Islands,B1/B2,3
British Virgin Islands,F1,1
British Virgin Islands,H1B,1
British Virgin Islands,O1,1
Brunei,A2,10
Brunei,G2,20
Brunei,I,5
Brunei,J1,9
Bulgaria,A2,15
Bulgaria,B1,23
Bulgaria,B1/B2,"1,216"
Bulgaria,C1,1
Bulgaria,C1/D,52
Bulgaria,E2,9
Bulgaria,F1,38
Bulgaria,G2,1
Bulgaria,G3,1
Bulgaria,G4,2
Bulgaria,H1B,5
Bulgaria,H2A,1
Bulgaria,I,7
Bulgaria,J1,12
Bulgaria,J2,2
Bulgaria,K1,10
Bulgaria,L1,10
Bulgaria,L2,6
Bulgaria,M1,1
Bulgaria,NATO2,11
Bulgaria,O1,2
Bulgaria,O3,1
Bulgaria,P1,1
Bulgaria,P3,3
Burkina Faso,A1,1
Burkina Faso,A2,2
Burkina Faso,B1/B2,412
Burkina Faso,F1,24
Burkina Faso,G1,4
Burkina Faso,G2,1
Burkina Faso,G4,7
Burkina Faso,H1B,1
Burkina Faso,J1,11
Burkina Faso,K1,6
Burkina Faso,K2,1
Burkina Faso,L2,1
Burma,A1,1
Burma,B1,12
Burma,B1/B2,282
Burma,C1,131
Burma,D,359
Burma,F1,216
Burma,F2,21
Burma,H1B,3
Burma,H3,1
Burma,H4,1
Burma,J1,30
Burma,J2,3
Burma,K1,35
Burma,K2,4
Burma,L1,4
Burma,L2,1
Burma,R1,1
Burundi,A1,1
Burundi,A2,9
Burundi,B1,1
Burundi,B1/B2,39
Burundi,C1,1
Burundi,C3,2
Burundi,F1,18
Burundi,G2,2
Burundi,G4,7
Burundi,H1B,1
Burundi,K1,2
Burundi,K2,1
Burundi,O1,1
Cabo Verde,A2,3
Cabo Verde,A3,1
Cabo Verde,B1/B2,356
Cabo Verde,C1/D,1
Cabo Verde,F1,2
Cabo Verde,G2,1
Cabo Verde,K1,9
Cabo Verde,K2,7
Cabo Verde,L1,1
Cabo Verde,M1,1
Cabo Verde,P3,5
Cambodia,A1,9
Cambodia,A2,27
Cambodia,B1,5
Cambodia,B1/B2,"1,015"
Cambodia,C1,10
Cambodia,D,8
Cambodia,F1,133
Cambodia,G2,17
Cambodia,G4,5
Cambodia,H4,1
Cambodia,I,1
Cambodia,J1,17
Cambodia,K1,48
Cambodia,K2,9
Cambodia,R1,1
Cameroon,A2,4
Cameroon,B1/B2,724
Cameroon,B2,1
Cameroon,C1,2
Cameroon,C1/D,9
Cameroon,C3,1
Cameroon,F1,116
Cameroon,F2,5
Cameroon,G1,9
Cameroon,G2,10
Cameroon,G4,29
Cameroon,H1B,8
Cameroon,H4,18
Cameroon,I,1
Cameroon,J1,37
Cameroon,J2,11
Cameroon,K1,18
Cameroon,K2,2
Cameroon,L1,4
Cameroon,L2,6
Cameroon,P1,2
Cameroon,R1,9
Canada,A1,34
Canada,A2,5
Canada,B1/B2,18
Canada,E1,77
Canada,E2,698
Canada,E3D,6
Canada,F1,36
Canada,F2,2
Canada,G1,9
Canada,G4,57
Canada,H1B,5
Canada,H4,20
Canada,I,3
Canada,J1,15
Canada,J2,1
Canada,K1,44
Canada,K2,5
Canada,L1,8
Canada,L2,16
Canada,M1,3
Canada,NATO2,61
Canada,NATO4,1
Canada,NATO6,7
Canada,O1,6
Canada,O2,1
Canada,O3,3
Canada,P1,7
Canada,P3,1
Canada,R1,7
Canada,TD,1
Canada,TN,2
Cayman Islands,B1/B2,106
Cayman Islands,C1/D,2
Cayman Islands,F1,17
Central African Republic,A2,2
Central African Republic,B1/B2,9
Central African Republic,F1,1
Central African Republic,G4,1
Central African Republic,K1,1
Chad,A2,1
Chad,B1/B2,145
Chad,B2,1
Chad,F1,5
Chad,G2,4
Chad,G4,5
Chad,J1,2
Chad,T3,3
Chile,A2,66
Chile,B1,28
Chile,B1/B2,"1,002"
Chile,C1,3
Chile,C1/D,122
Chile,C3,5
Chile,E2,12
Chile,F1,160
Chile,F2,14
Chile,G1,4
Chile,G2,13
Chile,G4,11
Chile,H1B,31
Chile,H1B1,230
Chile,H4,210
Chile,I,14
Chile,J1,532
Chile,J2,27
Chile,K1,5
Chile,L1,36
Chile,L2,51
Chile,M1,6
Chile,O1,8
Chile,O2,2
Chile,O3,15
Chile,P1,4
Chile,P3,2
Chile,R1,5
Chile,R2,2
China - mainland,A1,43
China - mainland,A2,48
China - mainland,B1,278
China - mainland,B1/B2,"73,723"
China - mainland,B2,12
China - mainland,C1,50
China - mainland,C1/D,"1,011"
China - mainland,C3,4
China - mainland,CW1,2
China - mainland,CW2,1
China - mainland,D,1
China - mainland,E2,17
China - mainland,E2C,1
China - mainland,E3D,8
China - mainland,F1,"5,535"
China - mainland,F2,149
China - mainland,G1,14
China - mainland,G2,17
China - mainland,G4,98
China - mainland,G5,1
China - mainland,H1B,"2,062"
China - mainland,H4,389
China - mainland,I,10
China - mainland,J1,"1,043"
China - mainland,J2,240
China - mainland,K1,77
China - mainland,K2,5
China - mainland,L1,650
China - mainland,L2,528
China - mainland,M1,2
China - mainland,O1,154
China - mainland,O2,241
China - mainland,O3,18
China - mainland,P1,42
China - mainland,P3,288
China - mainland,P4,4
China - mainland,Q1,15
China - mainland,R1,1
China - mainland,R2,2
China - mainland,T3,3
China - mainland,TD,12
Colombia,A1,5
Colombia,A2,497
Colombia,A3,2
Colombia,B1,33
Colombia,B1/B2,"45,291"
Colombia,B2,2
Colombia,C1,16
Colombia,C1/D,348
Colombia,E1,9
Colombia,E2,37
Colombia,F1,488
Colombia,F2,52
Colombia,G1,3
Colombia,G2,15
Colombia,G4,60
Colombia,G5,2
Colombia,H1B,110
Colombia,H2A,32
Colombia,H2B,47
Colombia,H3,1
Colombia,H4,67
Colombia,I,18
Colombia,J1,477
Colombia,J2,60
Colombia,K1,187
Colombia,K2,51
Colombia,L1,94
Colombia,L2,128
Colombia,M1,19
Colombia,M2,1
Colombia,O1,37
Colombia,O2,72
Colombia,O3,27
Colombia,P1,49
Colombia,P3,16
Colombia,P4,12
Colombia,R1,17
Colombia,R2,7
Colombia,TD,2
Colombia,U1,1
Comoros,A1,4
Comoros,A2,1
Comoros,B1/B2,5
Comoros,G1,1
Comoros,G2,19
Comoros,G4,3
Comoros,J2,1
"Congo, Democratic Republic of the",A2,17
"Congo, Democratic Republic of the",B1/B2,436
"Congo, Democratic Republic of the",C1,1
"Congo, Democratic Republic of the",C1/D,1
"Congo, Democratic Republic of the",F1,147
"Congo, Democratic Republic of the",G2,73
"Congo, Democratic Republic of the",G4,3
"Congo, Democratic Republic of the",H4,1
"Congo, Democratic Republic of the",J1,6
"Congo, Democratic Republic of the",K1,16
"Congo, Democratic Republic of the",K2,3
"Congo, Democratic Republic of the",L1,1
"Congo, Democratic Republic of the",P1,2
"Congo, Democratic Republic of the",P3,1
"Congo, Democratic Republic of the",R1,2
"Congo, Republic of the",A1,3
"Congo, Republic of the",A2,6
"Congo, Republic of the",B1/B2,116
"Congo, Republic of the",C1/D,1
"Congo, Republic of the",F1,12
"Congo, Republic of the",G2,19
"Congo, Republic of the",G4,2
"Congo, Republic of the",K1,1
"Congo, Republic of the",P3,1
Costa Rica,A1,2
Costa Rica,A2,22
Costa Rica,B1/B2,"6,495"
Costa Rica,C1,1
Costa Rica,C1/D,35
Costa Rica,C3,1
Costa Rica,E2,3
Costa Rica,F1,49
Costa Rica,G1,1
Costa Rica,G2,5
Costa Rica,G4,16
Costa Rica,G5,2
Costa Rica,H1B,14
Costa Rica,H2A,29
Costa Rica,H2B,27
Costa Rica,H4,8
Costa Rica,I,1
Costa Rica,J1,29
Costa Rica,J2,5
Costa Rica,K1,19
Costa Rica,K2,3
Costa Rica,L1,26
Costa Rica,L2,22
Costa Rica,M1,1
Costa Rica,O1,4
Costa Rica,O2,1
Costa Rica,P1,2
Costa Rica,R1,4
Costa Rica,R2,1
Cote d'Ivoire,A1,19
Cote d'Ivoire,A2,21
Cote d'Ivoire,B1/B2,585
Cote d'Ivoire,C1,3
Cote d'Ivoire,C1/D,4
Cote d'Ivoire,F1,47
Cote d'Ivoire,F2,1
Cote d'Ivoire,G1,7
Cote d'Ivoire,G2,7
Cote d'Ivoire,G4,14
Cote d'Ivoire,H1B,7
Cote d'Ivoire,I,1
Cote d'Ivoire,J1,10
Cote d'Ivoire,J2,2
Cote d'Ivoire,K1,8
Cote d'Ivoire,L2,1
Cote d'Ivoire,P3,6
Cote d'Ivoire,R1,2
Cote d'Ivoire,R2,1
Croatia,A2,5
Croatia,B1,8
Croatia,B1/B2,61
Croatia,C1/D,35
Croatia,E2,1
Croatia,E3D,1
Croatia,F1,24
Croatia,F2,3
Croatia,G2,7
Croatia,G4,1
Croatia,G5,1
Croatia,H1B,4
Croatia,I,2
Croatia,J1,16
Croatia,K1,4
Croatia,L1,17
Croatia,L2,4
Croatia,NATO2,1
Croatia,O1,3
Croatia,O2,1
Croatia,P1,2
Croatia,P4,1
Cuba,A1,16
Cuba,B1,92
Cuba,B1/B2,160
Cuba,B2,575
Cuba,C1,2
Cuba,F1,8
Cuba,F2,1
Cuba,G1,8
Cuba,G2,10
Cuba,G4,1
Cuba,J1,3
Cuba,J2,1
Cuba,K1,55
Cuba,K2,15
Cuba,O1,2
Cuba,O3,1
Cuba,P1,10
Cuba,P3,3
Cyprus,A2,8
Cyprus,B1/B2,308
Cyprus,C1/D,13
Cyprus,F1,21
Cyprus,G2,7
Cyprus,G4,2
Cyprus,H1B,4
Cyprus,H3,1
Cyprus,I,1
Cyprus,J1,7
Cyprus,L1,1
Cyprus,M1,2
Cyprus,O1,1
Czech Republic,A2,13
Czech Republic,B1,2
Czech Republic,B1/B2,144
Czech Republic,C1/D,21
Czech Republic,E2,25
Czech Republic,E3,2
Czech Republic,F1,103
Czech Republic,F2,1
Czech Republic,G1,4
Czech Republic,G2,17
Czech Republic,G4,1
Czech Republic,H1B,6
Czech Republic,I,10
Czech Republic,J1,102
Czech Republic,J2,11
Czech Republic,K1,5
Czech Republic,L1,23
Czech Republic,L2,14
Czech Republic,M1,1
Czech Republic,M2,1
Czech Republic,NATO2,21
Czech Republic,O1,2
Czech Republic,P1,35
Czech Republic,P4,8
Czech Republic,R1,3
Denmark,A1,1
Denmark,A2,44
Denmark,B1,1
Denmark,B1/B2,227
Denmark,B2,1
Denmark,C1/D,46
Denmark,E1,2
Denmark,E2,28
Denmark,E3D,1
Denmark,F1,65
Denmark,F2,2
Denmark,G1,1
Denmark,G2,18
Denmark,G4,7
Denmark,H1B,6
Denmark,H3,1
Denmark,I,14
Denmark,J1,112
Denmark,J2,16
Denmark,K1,6
Denmark,L1,38
Denmark,L2,25
Denmark,M1,5
Denmark,NATO2,7
Denmark,O1,12
Denmark,O2,8
Denmark,O3,5
Denmark,P1,4
Denmark,Q1,1
Djibouti,A2,6
Djibouti,B1,1
Djibouti,B1/B2,18
Djibouti,F1,3
Djibouti,G1,1
Djibouti,G2,1
Djibouti,J1,1
Djibouti,K1,1
Dominica,A2,2
Dominica,B1,1
Dominica,B1/B2,227
Dominica,C1,1
Dominica,C1/D,3
Dominica,F1,20
Dominica,H1B,2
Dominica,I,1
Dominica,J1,3
Dominica,J2,1
Dominica,P1,1
Dominican Republic,A1,19
Dominican Republic,A2,81
Dominican Republic,B1,34
Dominican Republic,B1/B2,"15,601"
Dominican Republic,C1,1
Dominican Republic,C1/D,47
Dominican Republic,C3,2
Dominican Republic,F1,161
Dominican Republic,F2,3
Dominican Republic,G1,11
Dominican Republic,G4,5
Dominican Republic,H1B,15
Dominican Republic,H2A,3
Dominican Republic,H2B,3
Dominican Republic,H4,5
Dominican Republic,I,10
Dominican Republic,J1,55
Dominican Republic,J2,6
Dominican Republic,K1,79
Dominican Republic,K2,17
Dominican Republic,L1,9
Dominican Republic,L2,9
Dominican Republic,M1,1
Dominican Republic,O1,7
Dominican Republic,O2,7
Dominican Republic,O3,1
Dominican Republic,P1,44
Dominican Republic,R1,8
Dominican Republic,R2,1
Dominican Republic,U3,15
Ecuador,A1,15
Ecuador,A2,98
Ecuador,B1,18
Ecuador,B1/B2,"16,080"
Ecuador,B2,2
Ecuador,C1,1
Ecuador,C1/D,42
Ecuador,D,1
Ecuador,E2,3
Ecuador,F1,218
Ecuador,F2,17
Ecuador,G1,3
Ecuador,G2,2
Ecuador,G4,12
Ecuador,G5,2
Ecuador,H1B,23
Ecuador,H2A,1
Ecuador,H2B,27
Ecuador,H4,11
Ecuador,I,2
Ecuador,J1,134
Ecuador,J2,23
Ecuador,K1,32
Ecuador,K2,14
Ecuador,L1,8
Ecuador,L2,15
Ecuador,M1,8
Ecuador,O1,4
Ecuador,O3,7
Ecuador,P3,9
Ecuador,R1,2
Ecuador,T3,1
Ecuador,U2,1
Ecuador,U3,8
Egypt,A1,5
Egypt,A2,88
Egypt,A3,1
Egypt,B1,5
Egypt,B1/B2,"4,337"
Egypt,C1,7
Egypt,C1/D,108
Egypt,D,1
Egypt,E2,1
Egypt,F1,124
Egypt,F2,24
Egypt,G2,9
Egypt,G4,22
Egypt,H1B,32
Egypt,H4,32
Egypt,I,12
Egypt,J1,135
Egypt,J2,47
Egypt,K1,53
Egypt,K2,3
Egypt,L1,15
Egypt,L2,23
Egypt,M1,11
Egypt,O1,3
Egypt,O2,8
Egypt,P1,4
Egypt,P4,5
Egypt,R1,1
Egypt,R2,5
El Salvador,A1,3
El Salvador,A2,88
El Salvador,A3,3
El Salvador,B1,8
El Salvador,B1/B2,"5,734"
El Salvador,B2,1
El Salvador,C1,10
El Salvador,C1/D,14
El Salvador,C3,20
El Salvador,F1,33
El Salvador,F2,1
El Salvador,G2,10
El Salvador,G4,11
El Salvador,G5,1
El Salvador,H1B,7
El Salvador,H2A,14
El Salvador,H2B,127
El Salvador,H4,3
El Salvador,I,1
El Salvador,J1,36
El Salvador,J2,2
El Salvador,K1,39
El Salvador,K2,3
El Salvador,L1,4
El Salvador,L2,4
El Salvador,O1,2
El Salvador,O3,1
El Salvador,P1,34
El Salvador,R1,6
El Salvador,T3,1
El Salvador,U1,1
El Salvador,U3,7
Equatorial Guinea,A2,11
Equatorial Guinea,A3,1
Equatorial Guinea,B1/B2,24
Equatorial Guinea,C1/D,1
Equatorial Guinea,F1,3
Equatorial Guinea,G1,4
Equatorial Guinea,G2,5
Equatorial Guinea,J1,2
Equatorial Guinea,L1,1
Eritrea,A3,1
Eritrea,B1,2
Eritrea,B1/B2,170
Eritrea,B2,2
Eritrea,F1,8
Eritrea,G4,3
Eritrea,J1,1
Eritrea,K1,16
Eritrea,R1,1
Estonia,A1,1
Estonia,A2,8
Estonia,B1/B2,27
Estonia,C1/D,5
Estonia,E2,4
Estonia,F1,27
Estonia,G2,9
Estonia,G3,1
Estonia,H1B,1
Estonia,J1,17
Estonia,J2,3
Estonia,L1,2
Estonia,L2,6
Estonia,M1,3
Estonia,NATO2,14
Estonia,O1,2
Estonia,O3,2
Estonia,R1,1
Eswatini,A1,1
Eswatini,A2,2
Eswatini,B1/B2,29
Eswatini,C1,1
Eswatini,F1,6
Eswatini,G2,1
Eswatini,H1B,2
Eswatini,J1,2
Ethiopia,A1,1
Ethiopia,A2,7
Ethiopia,B1,11
Ethiopia,B1/B2,"1,507"
Ethiopia,C1/D,143
Ethiopia,D,1
Ethiopia,E2,1
Ethiopia,F1,283
Ethiopia,F2,1
Ethiopia,G1,21
Ethiopia,G2,3
Ethiopia,G4,76
Ethiopia,H1B,9
Ethiopia,H4,14
Ethiopia,J1,23
Ethiopia,J2,6
Ethiopia,K1,72
Ethiopia,K2,5
Ethiopia,L1,3
Ethiopia,L2,6
Ethiopia,P1,2
Fiji,A2,5
Fiji,B1/B2,308
Fiji,C1,6
Fiji,C1/D,35
Fiji,C3,10
Fiji,F1,2
Fiji,G2,3
Fiji,G4,3
Fiji,H4,1
Fiji,J1,7
Fiji,K1,1
Fiji,K2,1
Fiji,M1,1
Fiji,O1,1
Fiji,R1,2
Finland,A2,15
Finland,B1/B2,48
Finland,B2,12
Finland,C1/D,38
Finland,E1,1
Finland,E2,11
Finland,F1,43
Finland,G2,21
Finland,G3,1
Finland,G4,5
Finland,H2A,2
Finland,J1,32
Finland,J2,3
Finland,K1,3
Finland,K2,1
Finland,L1,25
Finland,L2,19
Finland,M1,1
Finland,NATO2,45
Finland,O1,9
Finland,O2,2
Finland,P1,28
Finland,P3,3
Finland,P4,6
Finland,R1,2
Finland,R2,1
France,A1,1
France,A2,54
France,B1,10
France,B1/B2,584
France,C1/D,196
France,C3,1
France,E1,17
France,E2,306
France,F1,803
France,F2,14
France,G1,13
France,G2,4
France,G3,13
France,G4,59
France,H1B,100
France,H3,1
France,H4,16
France,I,60
France,J1,834
France,J2,57
France,K1,1
France,L1,237
France,L2,254
France,M1,11
France,NATO2,21
France,NATO4,3
France,NATO6,4
France,O1,69
France,O2,30
France,O3,19
France,P1,55
France,Q1,89
France,R1,18
France,R2,8
France,TD,1
Gabon,A2,9
Gabon,B1,1
Gabon,B1/B2,135
Gabon,F1,11
Gabon,G1,4
Gabon,G2,23
Gabon,H1B,3
Gabon,J1,2
"Gambia, The",A1,1
"Gambia, The",A2,2
"Gambia, The",B1,1
"Gambia, The",B1/B2,119
"Gambia, The",C1,1
"Gambia, The",C1/D,6
"Gambia, The",F1,37
"Gambia, The",F2,1
"Gambia, The",G2,21
"Gambia, The",G4,2
"Gambia, The",I,3
"Gambia, The",J1,4
"Gambia, The",K1,5
Georgia,A1,3
Georgia,A2,11
Georgia,B1/B2,744
Georgia,C1/D,55
Georgia,E2,2
Georgia,F1,45
Georgia,F2,1
Georgia,G2,2
Georgia,G4,5
Georgia,H1B,4
Georgia,H4,4
Georgia,I,7
Georgia,J1,27
Georgia,J2,10
Georgia,K1,1
Georgia,L1,4
Georgia,L2,3
Georgia,O1,4
Georgia,O3,1
Georgia,P1,1
Georgia,P3,10
Germany,A1,5
Germany,A2,110
Germany,B1/B2,"2,256"
Germany,B2,2
Germany,C1/D,538
Germany,C3,1
Germany,E1,18
Germany,E2,379
Germany,E3D,2
Germany,F1,465
Germany,F2,5
Germany,G1,10
Germany,G2,17
Germany,G3,3
Germany,G4,57
Germany,H1B,75
Germany,H2A,1
Germany,H3,2
Germany,H4,31
Germany,I,114
Germany,J1,963
Germany,J2,42
Germany,K1,26
Germany,K2,5
Germany,L1,281
Germany,L2,155
Germany,M1,39
Germany,M2,1
Germany,NATO2,21
Germany,NATO4,3
Germany,NATO6,23
Germany,O1,83
Germany,O2,62
Germany,O3,12
Germany,P1,38
Germany,P3,8
Germany,P4,8
Germany,Q1,11
Germany,R1,6
Germany,TD,1
Ghana,A1,7
Ghana,A2,148
Ghana,B1,2
Ghana,B1/B2,"1,802"
Ghana,C1,4
Ghana,C1/D,59
Ghana,C3,1
Ghana,F1,842
Ghana,F2,92
Ghana,G1,2
Ghana,G2,69
Ghana,G4,26
Ghana,H1B,32
Ghana,H4,69
Ghana,I,10
Ghana,J1,94
Ghana,J2,59
Ghana,K1,41
Ghana,K2,4
Ghana,L1,3
Ghana,L2,3
Ghana,M1,2
Ghana,O1,2
Ghana,O2,1
Ghana,O3,4
Ghana,P1,1
Ghana,P3,1
Ghana,R1,11
Ghana,R2,7
Gibraltar,R2,1
Great Britain and Northern Ireland,A1,18
Great Britain and Northern Ireland,A2,197
Great Britain and Northern Ireland,A3,1
Great Britain and Northern Ireland,B1,181
Great Britain and Northern Ireland,B1/B2,"3,596"
Great Britain and Northern Ireland,B2,7
Great Britain and Northern Ireland,C1,1
Great Britain and Northern Ireland,C1/D,657
Great Britain and Northern Ireland,C3,7
Great Britain and Northern Ireland,E1,10
Great Britain and Northern Ireland,E2,236
Great Britain and Northern Ireland,E3D,13
Great Britain and Northern Ireland,F1,400
Great Britain and Northern Ireland,F2,5
Great Britain and Northern Ireland,G1,3
Great Britain and Northern Ireland,G2,12
Great Britain and Northern Ireland,G4,42
Great Britain and Northern Ireland,H1B,139
Great Britain and Northern Ireland,H2A,4
Great Britain and Northern Ireland,H3,1
Great Britain and Northern Ireland,H4,65
Great Britain and Northern Ireland,I,174
Great Britain and Northern Ireland,J1,279
Great Britain and Northern Ireland,J2,24
Great Britain and Northern Ireland,K1,132
Great Britain and Northern Ireland,K2,4
Great Britain and Northern Ireland,L1,507
Great Britain and Northern Ireland,L2,389
Great Britain and Northern Ireland,M1,44
Great Britain and Northern Ireland,NATO2,27
Great Britain and Northern Ireland,NATO4,1
Great Britain and Northern Ireland,NATO6,176
Great Britain and Northern Ireland,O1,273
Great Britain and Northern Ireland,O2,318
Great Britain and Northern Ireland,O3,66
Great Britain and Northern Ireland,P1,137
Great Britain and Northern Ireland,P2,1
Great Britain and Northern Ireland,P3,11
Great Britain and Northern Ireland,P4,11
Great Britain and Northern Ireland,Q1,15
Great Britain and Northern Ireland,R1,18
Great Britain and Northern Ireland,R2,12
Great Britain and Northern Ireland,TD,5
Greece,A1,3
Greece,A2,3
Greece,B1,6
Greece,B1/B2,104
Greece,C1/D,204
Greece,E1,1
Greece,F1,125
Greece,F2,4
Greece,G1,1
Greece,G2,2
Greece,G4,3
Greece,H1B,136
Greece,H4,20
Greece,I,5
Greece,J1,103
Greece,J2,16
Greece,K1,1
Greece,L1,30
Greece,L2,17
Greece,NATO2,14
Greece,O1,14
Greece,P1,2
Greece,Q1,1
Greece,R1,3
Grenada,A1,1
Grenada,A2,1
Grenada,B1/B2,260
Grenada,B2,2
Grenada,C1,2
Grenada,C1/D,8
Grenada,F1,24
Grenada,G2,1
Grenada,G4,1
Grenada,H1B,3
Grenada,J1,3
Grenada,K1,2
Grenada,O1,1
Guatemala,A1,6
Guatemala,A2,60
Guatemala,A3,1
Guatemala,B1,7
Guatemala,B1/B2,"7,860"
Guatemala,B2,3
Guatemala,C1,2
Guatemala,C1/D,13
Guatemala,C3,9
Guatemala,E2,2
Guatemala,F1,109
Guatemala,F2,4
Guatemala,G2,1
Guatemala,G4,4
Guatemala,H1B,6
Guatemala,H2A,241
Guatemala,H2B,220
Guatemala,H4,14
Guatemala,I,1
Guatemala,J1,29
Guatemala,J2,3
Guatemala,K1,41
Guatemala,K2,9
Guatemala,L1,8
Guatemala,L2,15
Guatemala,M1,2
Guatemala,N8,1
Guatemala,O1,6
Guatemala,O2,1
Guatemala,O3,10
Guatemala,P1,1
Guatemala,P2,1
Guatemala,P3,1
Guatemala,R1,2
Guatemala,T3,2
Guatemala,TD,2
Guatemala,U2,2
Guatemala,U3,4
Guinea,A2,7
Guinea,B1,1
Guinea,B1/B2,220
Guinea,C1,1
Guinea,C1/D,1
Guinea,C3,1
Guinea,F1,11
Guinea,G1,1
Guinea,G2,2
Guinea,G4,3
Guinea,J1,4
Guinea,K1,8
Guinea-Bissau,A1,2
Guinea-Bissau,A2,1
Guinea-Bissau,B1/B2,7
Guinea-Bissau,G1,1
Guinea-Bissau,G4,1
Guinea-Bissau,P3,1
Guyana,A2,5
Guyana,B1,4
Guyana,B1/B2,"2,772"
Guyana,B2,2
Guyana,C1,3
Guyana,C1/D,10
Guyana,C3,5
Guyana,F1,11
Guyana,G1,1
Guyana,G4,1
Guyana,H1B,3
Guyana,H4,5
Guyana,I,1
Guyana,J1,5
Guyana,J2,9
Guyana,K1,10
Guyana,K2,4
Guyana,M1,5
Guyana,M2,3
Guyana,U3,1
Haiti,A1,2
Haiti,A2,5
Haiti,B1/B2,625
Haiti,B2,1
Haiti,C1,3
Haiti,C1/D,1
Haiti,C3,3
Haiti,F1,23
Haiti,F2,1
Haiti,G1,3
Haiti,G2,1
Haiti,G4,14
Haiti,I,1
Haiti,J1,7
Haiti,J2,1
Haiti,K1,9
Haiti,K2,2
Haiti,P3,6
Haiti,R1,1
Honduras,A1,5
Honduras,A2,69
Honduras,A3,1
Honduras,B1,1
Honduras,B1/B2,"11,633"
Honduras,C1,4
Honduras,C1/D,62
Honduras,C3,1
Honduras,E2,18
Honduras,F1,76
Honduras,F2,2
Honduras,G1,1
Honduras,G2,1
Honduras,G4,10
Honduras,G5,1
Honduras,H1B,14
Honduras,H2A,71
Honduras,H2B,137
Honduras,H4,13
Honduras,I,7
Honduras,J1,23
Honduras,J2,6
Honduras,K1,29
Honduras,K2,8
Honduras,L1,5
Honduras,L2,7
Honduras,M1,2
Honduras,O1,3
Honduras,O3,1
Honduras,P1,10
Honduras,R1,2
Honduras,R2,3
Honduras,T3,2
Honduras,T4,1
Honduras,T5,1
Honduras,U1,1
Honduras,U2,1
Honduras,U3,11
Hong Kong S.A.R.,B1,6
Hong Kong S.A.R.,B1/B2,"4,559"
Hong Kong S.A.R.,B2,3
Hong Kong S.A.R.,C1/D,80
Hong Kong S.A.R.,E2,1
Hong Kong S.A.R.,E3D,1
Hong Kong S.A.R.,F1,236
Hong Kong S.A.R.,F2,3
Hong Kong S.A.R.,G4,3
Hong Kong S.A.R.,H1B,19
Hong Kong S.A.R.,H4,6
Hong Kong S.A.R.,I,8
Hong Kong S.A.R.,J1,38
Hong Kong S.A.R.,J2,5
Hong Kong S.A.R.,K1,5
Hong Kong S.A.R.,K2,1
Hong Kong S.A.R.,L1,13
Hong Kong S.A.R.,L2,28
Hong Kong S.A.R.,M1,9
Hong Kong S.A.R.,O1,12
Hong Kong S.A.R.,O2,3
Hong Kong S.A.R.,O3,2
Hong Kong S.A.R.,P1,1
Hong Kong S.A.R.,Q1,1
Hong Kong S.A.R.,R1,2
Hungary,A1,5
Hungary,A2,27
Hungary,B1,4
Hungary,B1/B2,299
Hungary,C1/D,26
Hungary,E2,6
Hungary,F1,103
Hungary,F2,1
Hungary,G1,5
Hungary,G2,1
Hungary,G4,4
Hungary,H1B,13
Hungary,H3,1
Hungary,H4,7
Hungary,I,1
Hungary,J1,90
Hungary,J2,6
Hungary,K1,5
Hungary,K2,3
Hungary,L1,20
Hungary,L2,17
Hungary,M1,1
Hungary,NATO2,13
Hungary,O1,9
Hungary,O2,1
Hungary,O3,1
Hungary,P1,1
Hungary,R1,1
Hungary,R2,3
Iceland,B1/B2,38
Iceland,C1/D,15
Iceland,F1,25
Iceland,F2,1
Iceland,G4,1
Iceland,H1B,3
Iceland,H4,3
Iceland,J1,5
Iceland,J2,3
Iceland,K1,2
Iceland,M1,2
Iceland,O2,4
India,A1,12
India,A2,92
India,A3,13
India,B1,111
India,B1/B2,"59,160"
India,B2,150
India,C1,57
India,C1/D,"5,584"
India,C2,4
India,C3,3
India,CW1,1
India,E2,15
India,E3D,15
India,F1,"5,529"
India,F2,522
India,G1,8
India,G2,2
India,G4,129
India,G5,2
India,H1B,"7,473"
India,H3,1
India,H4,"6,907"
India,I,21
India,J1,770
India,J2,215
India,K1,91
India,K2,1
India,L1,"1,328"
India,L2,"1,410"
India,M1,140
India,NATO6,1
India,O1,118
India,O2,76
India,O3,45
India,P1,9
India,P3,446
India,P4,3
India,R1,78
India,R2,43
India,T3,3
India,T4,2
India,T6,3
India,TD,15
India,U2,3
India,U3,5
Indonesia,A1,6
Indonesia,A2,316
Indonesia,B1,52
Indonesia,B1/B2,"4,931"
Indonesia,B2,1
Indonesia,C1,13
Indonesia,C1/D,996
Indonesia,C3,5
Indonesia,F1,331
Indonesia,F2,15
Indonesia,G1,8
Indonesia,G2,36
Indonesia,G4,46
Indonesia,H1B,33
Indonesia,H4,4
Indonesia,I,3
Indonesia,J1,457
Indonesia,J2,62
Indonesia,K1,38
Indonesia,K2,5
Indonesia,L1,22
Indonesia,L2,21
Indonesia,M1,6
Indonesia,O1,10
Indonesia,O2,1
Indonesia,O3,8
Indonesia,P1,1
Indonesia,R1,4
Indonesia,R2,1
Iran,A2,1
Iran,B1/B2,"1,111"
Iran,B2,2
Iran,C1/D,1
Iran,F1,436
Iran,F2,56
Iran,G1,8
Iran,G2,19
Iran,G4,18
Iran,H1B,5
Iran,H4,7
Iran,I,2
Iran,J1,93
Iran,J2,25
Iran,K1,57
Iran,K2,2
Iran,O1,2
Iran,O2,1
Iran,P1,2
Iran,P3,2
Iran,TD,4
Iraq,A1,10
Iraq,A2,66
Iraq,B1/B2,532
Iraq,F1,15
Iraq,F2,5
Iraq,G2,13
Iraq,G4,1
Iraq,H1B,2
Iraq,H4,2
Iraq,I,2
Iraq,J1,31
Iraq,J2,1
Iraq,K1,74
Iraq,O3,1
Iraq,P3,1
Ireland,A1,3
Ireland,A2,35
Ireland,A3,1
Ireland,B1,2
Ireland,B1/B2,188
Ireland,B2,1
Ireland,C1/D,78
Ireland,E1,1
Ireland,E2,19
Ireland,E3D,4
Ireland,F1,99
Ireland,F2,6
Ireland,G1,1
Ireland,G2,1
Ireland,G4,8
Ireland,H1B,28
Ireland,H2A,5
Ireland,H3,1
Ireland,H4,9
Ireland,I,18
Ireland,J1,181
Ireland,J2,3
Ireland,K1,2
Ireland,L1,92
Ireland,L2,40
Ireland,M1,2
Ireland,O1,23
Ireland,O2,8
Ireland,P1,18
Ireland,P3,31
Ireland,R1,2
Israel,A1,9
Israel,A2,200
Israel,B1,10
Israel,B1/B2,"2,263"
Israel,B2,8
Israel,C1/D,89
Israel,C3,2
Israel,E1,37
Israel,E2,64
Israel,E3D,2
Israel,F1,244
Israel,F2,10
Israel,G1,14
Israel,G2,2
Israel,H1B,30
Israel,H4,29
Israel,I,5
Israel,J1,127
Israel,J2,110
Israel,K1,1
Israel,L1,91
Israel,L2,164
Israel,M1,6
Israel,O1,33
Israel,O2,7
Israel,O3,29
Israel,P1,18
Israel,P3,2
Israel,R1,7
Israel,R2,18
Italy,A1,10
Italy,A2,39
Italy,B1,4
Italy,B1/B2,"1,080"
Italy,C1/D,314
Italy,E1,24
Italy,E2,163
Italy,E3D,2
Italy,F1,786
Italy,F2,6
Italy,G1,1
Italy,G2,16
Italy,G3,6
Italy,G4,53
Italy,H1B,102
Italy,H3,2
Italy,H4,37
Italy,I,24
Italy,J1,551
Italy,J2,16
Italy,K1,9
Italy,K2,1
Italy,L1,133
Italy,L2,73
Italy,M1,7
Italy,NATO2,73
Italy,NATO6,5
Italy,O1,70
Italy,O2,27
Italy,O3,15
Italy,P1,36
Italy,P4,2
Italy,Q1,47
Italy,R1,3
Italy,U3,2
Jamaica,A1,3
Jamaica,A2,21
Jamaica,B1,22
Jamaica,B1/B2,"5,605"
Jamaica,B2,4
Jamaica,C1,32
Jamaica,C1/D,80
Jamaica,C3,26
Jamaica,E2,9
Jamaica,F1,183
Jamaica,F2,7
Jamaica,G2,5
Jamaica,G4,6
Jamaica,H1B,42
Jamaica,H2A,"1,307"
Jamaica,H2B,158
Jamaica,H4,44
Jamaica,J1,99
Jamaica,J2,54
Jamaica,K1,71
Jamaica,K2,24
Jamaica,L1,7
Jamaica,L2,5
Jamaica,M1,1
Jamaica,O1,5
Jamaica,O2,3
Jamaica,O3,1
Jamaica,P3,11
Jamaica,Q1,18
Jamaica,R1,1
Jamaica,R2,4
Japan,A1,36
Japan,A2,373
Japan,B1,3
Japan,B1/B2,629
Japan,C1,5
Japan,C1/D,427
Japan,C3,52
Japan,E1,102
Japan,E2,"1,094"
Japan,E3D,5
Japan,F1,"1,168"
Japan,F2,29
Japan,G1,5
Japan,G2,6
Japan,G4,22
Japan,H1B,54
Japan,H3,2
Japan,H4,44
Japan,I,95
Japan,J1,440
Japan,J2,161
Japan,K1,34
Japan,L1,304
Japan,L2,324
Japan,M1,49
Japan,NATO2,1
Japan,O1,53
Japan,O2,108
Japan,O3,23
Japan,P1,90
Japan,P3,44
Japan,P4,1
Japan,Q1,8
Japan,R1,5
Japan,R2,3
Japan,TD,1
Jordan,A1,7
Jordan,A2,193
Jordan,A3,1
Jordan,B1,5
Jordan,B1/B2,"2,546"
Jordan,B2,2
Jordan,C1,1
Jordan,C1/D,19
Jordan,C3,3
Jordan,E2,6
Jordan,F1,84
Jordan,F2,21
Jordan,G1,3
Jordan,G2,2
Jordan,G4,13
Jordan,H1B,41
Jordan,H3,1
Jordan,H4,37
Jordan,I,5
Jordan,J1,62
Jordan,J2,10
Jordan,K1,11
Jordan,L1,14
Jordan,L2,16
Jordan,M1,1
Jordan,O1,7
Jordan,O3,1
Jordan,R1,1
Jordan,TD,1
Kazakhstan,A1,22
Kazakhstan,A2,13
Kazakhstan,B1,2
Kazakhstan,B1/B2,"2,126"
Kazakhstan,C1,1
Kazakhstan,C1/D,7
Kazakhstan,D,4
Kazakhstan,E2,2
Kazakhstan,F1,333
Kazakhstan,F2,96
Kazakhstan,G1,14
Kazakhstan,G4,6
Kazakhstan,H1B,20
Kazakhstan,H4,21
Kazakhstan,J1,113
Kazakhstan,J2,39
Kazakhstan,K1,5
Kazakhstan,K2,5
Kazakhstan,L1,12
Kazakhstan,L2,13
Kazakhstan,M2,1
Kazakhstan,O1,5
Kazakhstan,O3,4
Kazakhstan,P1,7
Kenya,A1,6
Kenya,A2,18
Kenya,B1,23
Kenya,B1/B2,"1,202"
Kenya,B2,1
Kenya,C1,4
Kenya,C1/D,109
Kenya,F1,254
Kenya,F2,48
Kenya,G1,3
Kenya,G2,7
Kenya,G4,38
Kenya,H1B,69
Kenya,H3,1
Kenya,H4,42
Kenya,I,7
Kenya,J1,129
Kenya,J2,57
Kenya,K1,31
Kenya,K2,4
Kenya,L1,8
Kenya,L2,3
Kenya,M1,6
Kenya,O1,1
Kenya,O3,3
Kenya,P1,2
Kenya,P4,1
Kenya,R1,7
Kenya,R2,9
Kenya,U3,5
Kiribati,A2,3
Kiribati,J1,8
Kiribati,R1,2
"Korea, North",G3,3
"Korea, South",A1,6
"Korea, South",A2,236
"Korea, South",B1,1
"Korea, South",B1/B2,"1,228"
"Korea, South",C1,1
"Korea, South",C1/D,517
"Korea, South",C3,15
"Korea, South",CW1,8
"Korea, South",CW2,4
"Korea, South",E1,21
"Korea, South",E2,469
"Korea, South",F1,969
"Korea, South",F2,47
"Korea, South",G1,4
"Korea, South",G4,54
"Korea, South",H1B,185
"Korea, South",H4,86
"Korea, South",I,12
"Korea, South",J1,526
"Korea, South",J2,180
"Korea, South",K1,15
"Korea, South",L1,187
"Korea, South",L2,174
"Korea, South",M1,41
"Korea, South",O1,83
"Korea, South",O2,93
"Korea, South",O3,23
"Korea, South",P1,91
"Korea, South",P3,15
"Korea, South",R1,20
"Korea, South",R2,9
"Korea, South",TD,5
Kosovo,A2,27
Kosovo,B1/B2,298
Kosovo,C1/D,1
Kosovo,F1,17
Kosovo,G2,5
Kosovo,H1B,3
Kosovo,H4,2
Kosovo,J1,14
Kosovo,K1,17
Kosovo,L2,1
Kosovo,M1,1
Kuwait,A1,2
Kuwait,A2,22
Kuwait,B1/B2,"1,001"
Kuwait,C1/D,13
Kuwait,F1,289
Kuwait,F2,12
Kuwait,G2,5
Kuwait,G4,1
Kuwait,H1B,4
Kuwait,I,1
Kuwait,J1,4
Kuwait,O1,1
Kyrgyzstan,A2,10
Kyrgyzstan,B1,1
Kyrgyzstan,B1/B2,962
Kyrgyzstan,B2,4
Kyrgyzstan,C1,18
Kyrgyzstan,D,18
Kyrgyzstan,F1,374
Kyrgyzstan,F2,6
Kyrgyzstan,G2,1
Kyrgyzstan,G4,2
Kyrgyzstan,H1B,4
Kyrgyzstan,H4,5
Kyrgyzstan,J1,25
Kyrgyzstan,J2,8
Kyrgyzstan,K1,1
Kyrgyzstan,L1,1
Kyrgyzstan,L2,1
Kyrgyzstan,P1,4
Laos,A1,1
Laos,A2,5
Laos,B1/B2,104
Laos,F1,11
Laos,G1,1
Laos,G2,3
Laos,J1,31
Laos,K1,95
Laos,K2,1
Latvia,A1,1
Latvia,A2,10
Latvia,B1/B2,87
Latvia,B2,1
Latvia,C1/D,54
Latvia,F1,19
Latvia,F2,1
Latvia,G2,2
Latvia,G4,1
Latvia,H1B,4
Latvia,H4,2
Latvia,I,11
Latvia,J1,19
Latvia,K1,2
Latvia,L1,4
Latvia,L2,9
Latvia,M1,1
Latvia,NATO2,10
Latvia,NATO6,5
Latvia,O1,2
Latvia,O3,2
Latvia,P1,4
Latvia,P3,1
Latvia,P4,3
Latvia,R2,1
Lebanon,A2,19
Lebanon,A3,1
Lebanon,B1,2
Lebanon,B1/B2,959
Lebanon,C1/D,30
Lebanon,F1,37
Lebanon,F2,1
Lebanon,G1,1
Lebanon,G2,1
Lebanon,G4,7
Lebanon,H1B,32
Lebanon,H4,7
Lebanon,I,14
Lebanon,J1,75
Lebanon,J2,5
Lebanon,K1,73
Lebanon,K2,2
Lebanon,L1,7
Lebanon,L2,10
Lebanon,O1,5
Lebanon,O2,1
Lebanon,O3,3
Lebanon,R1,2
Lebanon,TD,1
Lesotho,A2,3
Lesotho,B1/B2,23
Lesotho,C1,4
Lesotho,C1/D,1
Lesotho,C3,3
Lesotho,F1,5
Lesotho,G2,2
Lesotho,J1,4
Liberia,A1,5
Liberia,A2,17
Liberia,B1/B2,128
Liberia,C1/D,2
Liberia,F1,14
Liberia,G2,20
Liberia,G4,1
Liberia,J1,3
Liberia,K1,6
Liberia,K2,7
Liberia,O1,1
Libya,A1,16
Libya,A2,6
Libya,B1/B2,251
Libya,F1,16
Libya,F2,19
Libya,G1,8
Libya,G2,10
Libya,H1B,7
Libya,H4,9
Libya,J1,5
Libya,J2,2
Liechtenstein,A1,1
Liechtenstein,B1/B2,1
Liechtenstein,G1,1
Liechtenstein,G2,7
Liechtenstein,H1B,1
Liechtenstein,J1,1
Liechtenstein,J2,1
Lithuania,A1,4
Lithuania,A2,8
Lithuania,B1,5
Lithuania,B1/B2,34
Lithuania,C1/D,16
Lithuania,E2,16
Lithuania,F1,44
Lithuania,F2,1
Lithuania,G2,5
Lithuania,G3,1
Lithuania,G4,1
Lithuania,H1B,7
Lithuania,H4,3
Lithuania,J1,13
Lithuania,J2,4
Lithuania,L1,5
Lithuania,L2,7
Lithuania,NATO2,16
Lithuania,O1,2
Lithuania,O2,3
Lithuania,P1,4
Lithuania,P4,3
Luxembourg,A2,3
Luxembourg,B1/B2,13
Luxembourg,C1/D,3
Luxembourg,E3D,1
Luxembourg,F1,11
Luxembourg,G1,2
Luxembourg,G2,2
Luxembourg,J1,8
Luxembourg,L1,3
Luxembourg,L2,1
Luxembourg,NATO2,1
Luxembourg,NATO4,1
Luxembourg,O1,1
Luxembourg,O2,1
Luxembourg,P1,1
Macau S.A.R.,B1,1
Macau S.A.R.,B1/B2,172
Macau S.A.R.,B2,1
Macau S.A.R.,F1,12
Macau S.A.R.,L1,1
Macau S.A.R.,M1,1
Macau S.A.R.,Q1,1
Madagascar,A1,1
Madagascar,A2,5
Madagascar,B1/B2,156
Madagascar,C1,7
Madagascar,C1/D,112
Madagascar,C3,3
Madagascar,F1,21
Madagascar,F2,5
Madagascar,G1,2
Madagascar,G2,1
Madagascar,G4,5
Madagascar,H1B,2
Madagascar,H4,1
Madagascar,J1,7
Madagascar,K1,6
Madagascar,K2,2
Madagascar,M1,1
Malawi,A2,13
Malawi,B1/B2,164
Malawi,C1,5
Malawi,C1/D,3
Malawi,C3,1
Malawi,F1,48
Malawi,F2,13
Malawi,G1,4
Malawi,G2,39
Malawi,G4,7
Malawi,H1B,1
Malawi,H3,1
Malawi,H4,1
Malawi,J1,12
Malawi,J2,2
Malawi,K1,2
Malawi,Q1,1
Malawi,R1,2
Malaysia,A1,3
Malaysia,A2,56
Malaysia,B1,29
Malaysia,B1/B2,"2,412"
Malaysia,C1,7
Malaysia,C1/D,180
Malaysia,C3,3
Malaysia,E2,1
Malaysia,E3D,1
Malaysia,F1,82
Malaysia,F2,5
Malaysia,G2,17
Malaysia,G4,4
Malaysia,H1B,14
Malaysia,H3,35
Malaysia,H4,10
Malaysia,I,8
Malaysia,J1,100
Malaysia,J2,11
Malaysia,K1,7
Malaysia,K2,1
Malaysia,L1,48
Malaysia,L2,22
Malaysia,M1,2
Malaysia,O1,9
Malaysia,O2,1
Maldives,A1,3
Maldives,A2,38
Maldives,A3,1
Maldives,B1/B2,10
Maldives,C1/D,2
Maldives,G1,2
Maldives,G2,17
Maldives,H1B,1
Maldives,J1,2
Mali,A2,7
Mali,B1/B2,208
Mali,F1,22
Mali,G2,4
Mali,G4,5
Mali,H1B,2
Mali,I,1
Mali,J1,1
Mali,K1,2
Mali,K2,1
Mali,P1,1
Malta,A1,2
Malta,B1,2
Malta,B1/B2,21
Malta,C1/D,2
Malta,F1,6
Malta,G1,2
Malta,G2,2
Malta,G4,2
Malta,J1,2
Malta,O1,2
Malta,O3,1
Malta,P1,1
Marshall Islands,A1,2
Marshall Islands,B1/B2,1
Marshall Islands,C1,2
Mauritania,A1,8
Mauritania,A2,9
Mauritania,B1/B2,38
Mauritania,C2,1
Mauritania,F1,2
Mauritania,G1,2
Mauritania,G2,21
Mauritania,G4,5
Mauritania,L1,1
Mauritius,A2,2
Mauritius,B1,1
Mauritius,B1/B2,257
Mauritius,C1,1
Mauritius,C1/D,60
Mauritius,F1,6
Mauritius,G2,3
Mauritius,H1B,1
Mauritius,H4,1
Mauritius,J1,8
Mauritius,J2,1
Mexico,A1,10
Mexico,A2,180
Mexico,A3,2
Mexico,B1,481
Mexico,B1/B2,"1,354"
Mexico,B2,5
Mexico,BBBCC,"145,494"
Mexico,BBBCV,"2,291"
Mexico,C1,5
Mexico,C1/D,303
Mexico,D,2
Mexico,E1,38
Mexico,E2,160
Mexico,E3D,1
Mexico,F1,913
Mexico,F2,71
Mexico,G1,7
Mexico,G2,4
Mexico,G4,32
Mexico,H1B,138
Mexico,H2A,"24,743"
Mexico,H2B,647
Mexico,H3,2
Mexico,H4,622
Mexico,I,75
Mexico,J1,536
Mexico,J2,55
Mexico,K1,388
Mexico,K2,115
Mexico,K3,1
Mexico,L1,328
Mexico,L2,344
Mexico,M1,36
Mexico,O1,79
Mexico,O2,374
Mexico,O3,24
Mexico,P1,575
Mexico,P3,182
Mexico,P4,17
Mexico,Q1,28
Mexico,R1,50
Mexico,R2,21
Mexico,T2,2
Mexico,T3,13
Mexico,T6,1
Mexico,TD,969
Mexico,TN,"1,055"
Mexico,U1,10
Mexico,U2,7
Mexico,U3,37
"Micronesia, Federated States of",A1,1
"Micronesia, Federated States of",C3,1
Moldova,A2,5
Moldova,B1/B2,191
Moldova,C1/D,9
Moldova,F1,9
Moldova,G2,1
Moldova,H1B,1
Moldova,H4,1
Moldova,J1,3
Moldova,K1,5
Moldova,L1,3
Moldova,L2,1
Moldova,O2,1
Moldova,O3,1
Moldova,P1,4
Moldova,P4,3
Monaco,F1,1
Monaco,G2,1
Mongolia,A1,9
Mongolia,A2,33
Mongolia,B1/B2,"1,792"
Mongolia,C1,8
Mongolia,C1/D,1
Mongolia,D,15
Mongolia,E2,7
Mongolia,F1,178
Mongolia,F2,17
Mongolia,G1,1
Mongolia,G2,5
Mongolia,G4,5
Mongolia,H1B,8
Mongolia,H2B,8
Mongolia,H4,1
Mongolia,J1,36
Mongolia,J2,13
Mongolia,L2,2
Mongolia,M1,2
Mongolia,O1,1
Mongolia,P1,1
Mongolia,P3,13
Mongolia,P4,8
Mongolia,R1,2
Montenegro,A2,2
Montenegro,B1,1
Montenegro,B1/B2,269
Montenegro,C1/D,167
Montenegro,F1,22
Montenegro,F2,1
Montenegro,G4,1
Montenegro,H1B,4
Montenegro,H4,1
Montenegro,I,1
Montenegro,J1,7
Montenegro,J2,1
Montenegro,K1,3
Montenegro,P3,1
Montserrat,B1/B2,1
Morocco,A1,6
Morocco,A2,59
Morocco,A3,2
Morocco,B1,4
Morocco,B1/B2,"2,720"
Morocco,C1/D,80
Morocco,E2,2
Morocco,F1,160
Morocco,F2,5
Morocco,G1,7
Morocco,G2,6
Morocco,G4,7
Morocco,H1B,8
Morocco,H3,1
Morocco,H4,3
Morocco,I,1
Morocco,J1,41
Morocco,J2,7
Morocco,K1,26
Morocco,L1,2
Morocco,O1,1
Morocco,P3,1
Morocco,Q1,1
Morocco,TD,1
Mozambique,A1,1
Mozambique,A2,12
Mozambique,B1/B2,94
Mozambique,C1,11
Mozambique,C1/D,3
Mozambique,F1,19
Mozambique,G1,7
Mozambique,G4,2
Mozambique,I,1
Mozambique,J1,7
Mozambique,P3,1
Namibia,A1,5
Namibia,A2,4
Namibia,B1,1
Namibia,B1/B2,55
Namibia,C1/D,6
Namibia,F1,4
Namibia,G1,1
Namibia,G2,29
Namibia,G4,1
Namibia,H1B,1
Namibia,I,2
Namibia,J1,6
Namibia,K1,2
Namibia,K2,2
Nauru,A1,3
Nauru,A2,2
Nauru,B1,1
Nauru,B2,1
Nauru,C1/D,1
Nauru,G2,2
Nepal,A1,9
Nepal,A2,33
Nepal,B1,1
Nepal,B1/B2,"1,581"
Nepal,C1,11
Nepal,C1/D,17
Nepal,C3,2
Nepal,F1,"1,450"
Nepal,F2,68
Nepal,G1,5
Nepal,G2,16
Nepal,G4,30
Nepal,H1B,33
Nepal,H4,17
Nepal,I,6
Nepal,J1,44
Nepal,J2,19
Nepal,K1,41
Nepal,K2,1
Nepal,L1,4
Nepal,L2,2
Nepal,M1,4
Nepal,O1,3
Nepal,O3,4
Nepal,P3,5
Nepal,R1,1
Nepal,R2,1
Netherlands,A1,5
Netherlands,A2,48
Netherlands,B1,33
Netherlands,B1/B2,528
Netherlands,C1/D,131
Netherlands,E1,1
Netherlands,E2,47
Netherlands,F1,220
Netherlands,F2,2
Netherlands,G1,8
Netherlands,G2,12
Netherlands,G3,4
Netherlands,G4,20
Netherlands,H1B,17
Netherlands,H2A,1
Netherlands,H4,2
Netherlands,I,10
Netherlands,J1,181
Netherlands,J2,12
Netherlands,K1,10
Netherlands,L1,100
Netherlands,L2,60
Netherlands,M1,9
Netherlands,NATO1,1
Netherlands,NATO2,28
Netherlands,NATO6,22
Netherlands,O1,27
Netherlands,O2,16
Netherlands,O3,2
Netherlands,P1,18
Netherlands,Q1,1
Netherlands,R1,5
Netherlands,R2,4
New Zealand,A2,68
New Zealand,B1,2
New Zealand,B1/B2,212
New Zealand,C1,2
New Zealand,C1/D,106
New Zealand,C3,14
New Zealand,E1,4
New Zealand,E2,17
New Zealand,E3D,2
New Zealand,F1,61
New Zealand,F2,1
New Zealand,G1,2
New Zealand,G2,2
New Zealand,G4,2
New Zealand,H1B,17
New Zealand,H2A,1
New Zealand,H4,13
New Zealand,I,13
New Zealand,J1,45
New Zealand,J2,11
New Zealand,K1,7
New Zealand,L1,24
New Zealand,L2,24
New Zealand,M1,14
New Zealand,O1,23
New Zealand,O2,2
New Zealand,O3,4
New Zealand,P1,18
New Zealand,P4,4
New Zealand,R1,4
New Zealand,R2,1
Nicaragua,B1,34
Nicaragua,B1/B2,"1,275"
Nicaragua,B2,3
Nicaragua,C1,15
Nicaragua,C1/D,34
Nicaragua,F1,27
Nicaragua,F2,3
Nicaragua,G4,1
Nicaragua,H1B,8
Nicaragua,H2A,24
Nicaragua,H2B,3
Nicaragua,H4,1
Nicaragua,J1,4
Nicaragua,J2,2
Nicaragua,K1,12
Nicaragua,L2,4
Nicaragua,P1,2
Nicaragua,R1,3
Nicaragua,U3,2
Niger,A2,2
Niger,B1/B2,28
Niger,F1,7
Niger,G1,9
Niger,G2,1
Niger,G4,7
Niger,O3,2
Nigeria,A1,17
Nigeria,A2,61
Nigeria,B1,4
Nigeria,B1/B2,"7,218"
Nigeria,B2,2
Nigeria,C1,3
Nigeria,C1/D,25
Nigeria,C3,2
Nigeria,E2,1
Nigeria,F1,712
Nigeria,F2,72
Nigeria,G1,3
Nigeria,G2,48
Nigeria,G3,1
Nigeria,G4,38
Nigeria,H1B,90
Nigeria,H4,79
Nigeria,I,9
Nigeria,J1,85
Nigeria,J2,36
Nigeria,K1,141
Nigeria,K2,22
Nigeria,L1,18
Nigeria,L2,33
Nigeria,M1,4
Nigeria,O1,18
Nigeria,O2,7
Nigeria,O3,16
Nigeria,P1,2
Nigeria,P3,8
Nigeria,P4,1
Nigeria,Q1,1
Nigeria,R1,12
Nigeria,R2,1
Nigeria,TD,2
*Non-Nationality Based Issuances,B1,6
*Non-Nationality Based Issuances,B1/B2,164
*Non-Nationality Based Issuances,C1/D,15
*Non-Nationality Based Issuances,F1,13
*Non-Nationality Based Issuances,G4,2
*Non-Nationality Based Issuances,H1B,3
*Non-Nationality Based Issuances,H4,1
*Non-Nationality Based Issuances,I,2
*Non-Nationality Based Issuances,J1,6
*Non-Nationality Based Issuances,K1,4
*Non-Nationality Based Issuances,L1,1
*Non-Nationality Based Issuances,P1,2
*Non-Nationality Based Issuances,R1,1
*Non-Nationality Based Issuances,R2,1
North Macedonia,A1,6
North Macedonia,A2,8
North Macedonia,B1/B2,396
North Macedonia,C1/D,8
North Macedonia,E2,1
North Macedonia,F1,10
North Macedonia,G1,2
North Macedonia,G2,6
North Macedonia,G4,4
North Macedonia,H1B,1
North Macedonia,I,1
North Macedonia,J1,10
North Macedonia,K1,10
North Macedonia,L1,3
North Macedonia,NATO2,3
North Macedonia,O1,1
Norway,A1,7
Norway,A2,10
Norway,B1/B2,224
Norway,B2,1
Norway,C1/D,68
Norway,E2,6
Norway,E3D,1
Norway,F1,110
Norway,F2,2
Norway,G1,1
Norway,G2,1
Norway,G4,4
Norway,H1B,5
Norway,H4,2
Norway,I,20
Norway,J1,30
Norway,J2,5
Norway,K1,5
Norway,L1,20
Norway,L2,20
Norway,M1,11
Norway,M2,3
Norway,NATO2,2
Norway,O1,11
Norway,O2,3
Norway,O3,1
Norway,P1,35
Norway,Q1,10
Norway,R1,3
Norway,R2,2
Oman,A2,58
Oman,B1,2
Oman,B1/B2,185
Oman,C1,1
Oman,C1/D,10
Oman,F1,23
Oman,F2,8
Oman,G2,6
Oman,H1B,1
Oman,J1,10
Oman,J2,5
Pakistan,A1,14
Pakistan,A2,89
Pakistan,A3,2
Pakistan,B1,3
Pakistan,B1/B2,"9,002"
Pakistan,C1,9
Pakistan,C1/D,44
Pakistan,E1,6
Pakistan,E2,18
Pakistan,F1,517
Pakistan,F2,71
Pakistan,G1,12
Pakistan,G2,16
Pakistan,G4,31
Pakistan,G5,1
Pakistan,H1B,132
Pakistan,H4,134
Pakistan,I,23
Pakistan,J1,123
Pakistan,J2,80
Pakistan,K1,50
Pakistan,L1,41
Pakistan,L2,56
Pakistan,M1,3
Pakistan,O1,9
Pakistan,O3,8
Pakistan,P3,17
Pakistan,R1,5
Pakistan,R2,11
Pakistan,TD,4
Pakistan,U2,1
Pakistan,U3,2
Palau,J1,1
Palestinian Authority Travel Document,B1,7
Palestinian Authority Travel Document,B1/B2,"1,135"
Palestinian Authority Travel Document,B2,8
Palestinian Authority Travel Document,C1/D,1
Palestinian Authority Travel Document,F1,44
Palestinian Authority Travel Document,F2,8
Palestinian Authority Travel Document,G1,3
Palestinian Authority Travel Document,G4,1
Palestinian Authority Travel Document,H1B,4
Palestinian Authority Travel Document,H4,2
Palestinian Authority Travel Document,I,2
Palestinian Authority Travel Document,J1,28
Palestinian Authority Travel Document,J2,5
Palestinian Authority Travel Document,K1,4
Palestinian Authority Travel Document,K2,1
Panama,A1,11
Panama,A2,66
Panama,B1,8
Panama,B1/B2,"2,829"
Panama,C1,9
Panama,C1/D,83
Panama,E2,4
Panama,F1,68
Panama,G1,3
Panama,G2,1
Panama,G4,1
Panama,H1B,4
Panama,H2A,6
Panama,H2B,1
Panama,H4,4
Panama,J1,12
Panama,J2,1
Panama,K1,8
Panama,K2,3
Panama,L1,5
Panama,L2,8
Panama,M1,1
Panama,O1,1
Panama,O2,6
Panama,P1,2
Panama,P3,1
Panama,R1,1
Papua New Guinea,A1,2
Papua New Guinea,A2,41
Papua New Guinea,B1,1
Papua New Guinea,B1/B2,16
Papua New Guinea,C1,2
Papua New Guinea,C3,10
Papua New Guinea,F1,95
Papua New Guinea,G2,1
Papua New Guinea,J1,2
Papua New Guinea,L1,1
Papua New Guinea,M1,1
Paraguay,A2,32
Paraguay,B1,31
Paraguay,B1/B2,"1,538"
Paraguay,C1,7
Paraguay,C1/D,1
Paraguay,C3,3
Paraguay,F1,15
Paraguay,F2,1
Paraguay,G1,1
Paraguay,G2,3
Paraguay,G4,1
Paraguay,G5,2
Paraguay,H1B,2
Paraguay,I,1
Paraguay,J1,287
Paraguay,K1,4
Paraguay,L1,3
Paraguay,L2,4
Paraguay,P1,1
Peru,A1,6
Peru,A2,86
Peru,A3,1
Peru,B1,58
Peru,B1/B2,"11,106"
Peru,C1,76
Peru,C1/D,219
Peru,C3,2
Peru,E2,1
Peru,F1,243
Peru,F2,20
Peru,G1,1
Peru,G2,5
Peru,G4,17
Peru,G5,3
Peru,H1B,35
Peru,H2A,24
Peru,H2B,2
Peru,H4,6
Peru,I,3
Peru,J1,151
Peru,J2,9
Peru,K1,35
Peru,K2,7
Peru,L1,23
Peru,L2,33
Peru,M1,6
Peru,O1,10
Peru,O2,1
Peru,O3,2
Peru,P1,8
Peru,P3,13
Peru,P4,7
Peru,R1,10
Philippines,A1,1
Philippines,A2,168
Philippines,A3,13
Philippines,B1,375
Philippines,B1/B2,"10,459"
Philippines,B2,1
Philippines,C1,170
Philippines,C1/D,"8,591"
Philippines,C3,12
Philippines,CW1,120
Philippines,CW2,30
Philippines,D,1
Philippines,E2,20
Philippines,E3D,1
Philippines,F1,105
Philippines,F2,4
Philippines,G1,7
Philippines,G4,23
Philippines,G5,9
Philippines,H1B,432
Philippines,H2B,309
Philippines,H3,31
Philippines,H4,304
Philippines,I,3
Philippines,J1,383
Philippines,J2,210
Philippines,K1,816
Philippines,K2,165
Philippines,L1,109
Philippines,L2,73
Philippines,M1,6
Philippines,O1,11
Philippines,O2,11
Philippines,O3,1
Philippines,P1,22
Philippines,P4,1
Philippines,R1,38
Philippines,R2,17
Philippines,T2,2
Philippines,T3,5
Philippines,TD,6
Poland,A1,10
Poland,A2,41
Poland,B1,12
Poland,B1/B2,642
Poland,B2,1
Poland,C1/D,171
Poland,C3,1
Poland,E1,6
Poland,E2,25
Poland,F1,95
Poland,F2,1
Poland,G1,6
Poland,G2,2
Poland,G4,3
Poland,H1B,19
Poland,H2B,2
Poland,H4,9
Poland,I,19
Poland,J1,152
Poland,J2,16
Poland,K1,12
Poland,L1,84
Poland,L2,61
Poland,M1,4
Poland,M2,10
Poland,NATO2,101
Poland,NATO6,12
Poland,O1,12
Poland,O2,1
Poland,O3,8
Poland,P1,13
Poland,P3,29
Poland,R1,7
Poland,TD,1
Portugal,A2,8
Portugal,B1,18
Portugal,B1/B2,373
Portugal,C1/D,221
Portugal,C3,1
Portugal,E2,5
Portugal,F1,113
Portugal,F2,5
Portugal,G1,5
Portugal,G2,2
Portugal,G4,15
Portugal,H1B,23
Portugal,H4,11
Portugal,I,3
Portugal,J1,80
Portugal,J2,7
Portugal,K1,2
Portugal,L1,26
Portugal,L2,31
Portugal,M2,1
Portugal,NATO2,9
Portugal,NATO4,2
Portugal,NATO6,1
Portugal,O1,11
Portugal,O2,12
Portugal,O3,1
Portugal,P1,6
Portugal,P3,3
Qatar,A1,16
Qatar,A2,99
Qatar,B1/B2,563
Qatar,C1/D,6
Qatar,F1,17
Qatar,F2,6
Qatar,G2,27
Qatar,J1,4
Qatar,K1,1
Romania,A1,6
Romania,A2,34
Romania,A3,1
Romania,B1,47
Romania,B1/B2,"8,632"
Romania,B2,1
Romania,C1,1
Romania,C1/D,315
Romania,E2,10
Romania,F1,53
Romania,G1,4
Romania,G2,16
Romania,G4,9
Romania,H1B,8
Romania,H2A,53
Romania,H2B,1
Romania,H4,3
Romania,I,1
Romania,J1,41
Romania,J2,5
Romania,K1,11
Romania,K2,1
Romania,L1,32
Romania,L2,12
Romania,M1,1
Romania,M2,3
Romania,NATO2,22
Romania,NATO6,1
Romania,O1,5
Romania,P1,2
Romania,P3,14
Romania,R1,1
Romania,R2,4
Russia,A1,14
Russia,A2,17
Russia,B1,4
Russia,B1/B2,"3,482"
Russia,C1/D,267
Russia,C3,1
Russia,D,1
Russia,E2,2
Russia,E3D,2
Russia,F1,457
Russia,F2,27
Russia,G1,6
Russia,G2,36
Russia,G4,27
Russia,H1B,26
Russia,H4,28
Russia,I,5
Russia,J1,24
Russia,J2,9
Russia,K1,39
Russia,K2,6
Russia,L1,52
Russia,L2,58
Russia,M1,3
Russia,O1,25
Russia,O3,15
Russia,P1,47
Russia,P3,2
Russia,P4,6
Russia,R1,1
Russia,R2,1
Russia,TD,2
Rwanda,A1,6
Rwanda,A2,3
Rwanda,A3,1
Rwanda,B1/B2,159
Rwanda,C1,3
Rwanda,C1/D,1
Rwanda,F1,126
Rwanda,F2,4
Rwanda,G4,8
Rwanda,H1B,7
Rwanda,H4,1
Rwanda,J1,11
Rwanda,J2,2
Rwanda,K1,1
Rwanda,K2,2
Rwanda,L1,3
Rwanda,L2,1
Rwanda,P3,10
Rwanda,R1,1
Saint Kitts and Nevis,A1,1
Saint Kitts and Nevis,B1/B2,291
Saint Kitts and Nevis,B2,1
Saint Kitts and Nevis,F1,22
Saint Kitts and Nevis,G1,1
Saint Kitts and Nevis,G2,2
Saint Kitts and Nevis,G4,1
Saint Kitts and Nevis,H1B,1
Saint Kitts and Nevis,I,1
Saint Kitts and Nevis,K1,1
Saint Kitts and Nevis,L1,1
Saint Kitts and Nevis,O1,1
Saint Kitts and Nevis,R1,2
Saint Lucia,A2,1
Saint Lucia,B1/B2,384
Saint Lucia,B2,6
Saint Lucia,C1,5
Saint Lucia,C1/D,8
Saint Lucia,F1,14
Saint Lucia,H1B,2
Saint Lucia,H4,1
Saint Lucia,J1,1
Saint Lucia,L1,1
Saint Lucia,M1,1
Saint Lucia,O2,1
Saint Vincent and the Grenadines,A1,1
Saint Vincent and the Grenadines,A2,1
Saint Vincent and the Grenadines,B1,23
Saint Vincent and the Grenadines,B1/B2,221
Saint Vincent and the Grenadines,B2,2
Saint Vincent and the Grenadines,C1/D,14
Saint Vincent and the Grenadines,F1,10
Saint Vincent and the Grenadines,F2,1
Saint Vincent and the Grenadines,J1,3
Samoa,A2,3
Samoa,B1/B2,13
Samoa,C3,6
Samoa,J1,1
Samoa,P1,3
Samoa,R1,7
San Marino,A1,2
San Marino,F1,1
San Marino,G2,2
San Marino,J1,1
Sao Tome and Principe,G4,1
Saudi Arabia,A1,50
Saudi Arabia,A2,660
Saudi Arabia,B1,1
Saudi Arabia,B1/B2,"4,533"
Saudi Arabia,B2,4
Saudi Arabia,C1,2
Saudi Arabia,D,61
Saudi Arabia,F1,440
Saudi Arabia,F2,126
Saudi Arabia,G1,7
Saudi Arabia,G2,26
Saudi Arabia,G4,4
Saudi Arabia,H1B,13
Saudi Arabia,H4,7
Saudi Arabia,I,1
Saudi Arabia,J1,42
Saudi Arabia,J2,30
Saudi Arabia,K1,1
Saudi Arabia,L1,4
Saudi Arabia,L2,8
Saudi Arabia,M1,25
Saudi Arabia,O1,1
Saudi Arabia,O2,2
Senegal,A1,5
Senegal,A2,18
Senegal,B1/B2,455
Senegal,C1,2
Senegal,D,1
Senegal,E2,1
Senegal,F1,32
Senegal,G1,7
Senegal,G2,5
Senegal,G4,11
Senegal,H1B,6
Senegal,H4,8
Senegal,J1,10
Senegal,J2,1
Senegal,K1,5
Senegal,L1,1
Senegal,O1,2
Senegal,P1,3
Senegal,P3,14
Serbia,A1,4
Serbia,A2,11
Serbia,B1,17
Serbia,B1/B2,"1,216"
Serbia,C1,1
Serbia,C1/D,194
Serbia,E2,3
Serbia,E3,1
Serbia,E3D,1
Serbia,F1,216
Serbia,F2,3
Serbia,G4,1
Serbia,H1B,12
Serbia,H2B,1
Serbia,H4,4
Serbia,I,9
Serbia,J1,27
Serbia,J2,6
Serbia,K1,6
Serbia,L1,13
Serbia,L2,9
Serbia,O1,8
Serbia,R1,2
Seychelles,B1/B2,20
Seychelles,F1,1
Seychelles,G1,1
Seychelles,G2,6
Seychelles,G4,1
Seychelles,J2,1
Seychelles,M1,1
Sierra Leone,A1,1
Sierra Leone,A2,10
Sierra Leone,B1,3
Sierra Leone,B1/B2,171
Sierra Leone,B2,11
Sierra Leone,C1,1
Sierra Leone,F1,37
Sierra Leone,F2,3
Sierra Leone,G1,4
Sierra Leone,G2,18
Sierra Leone,G4,3
Sierra Leone,K1,6
Singapore,A2,252
Singapore,B1,1
Singapore,B1/B2,90
Singapore,C1,4
Singapore,C1/D,151
Singapore,E2,6
Singapore,F1,142
Singapore,F2,8
Singapore,G1,2
Singapore,G2,25
Singapore,G4,1
Singapore,H1B,30
Singapore,H1B1,89
Singapore,H4,35
Singapore,J1,93
Singapore,J2,8
Singapore,K1,9
Singapore,L1,49
Singapore,L2,39
Singapore,M1,1
Singapore,O1,8
Singapore,O3,1
Singapore,P1,3
Singapore,TD,2
Slovakia,A1,4
Slovakia,A2,13
Slovakia,B1,3
Slovakia,B1/B2,75
Slovakia,C1/D,7
Slovakia,E2,6
Slovakia,F1,40
Slovakia,F2,2
Slovakia,G1,2
Slovakia,G2,12
Slovakia,G3,1
Slovakia,G4,1
Slovakia,H1B,2
Slovakia,I,5
Slovakia,J1,17
Slovakia,J2,6
Slovakia,L1,12
Slovakia,L2,7
Slovakia,NATO2,7
Slovakia,O1,2
Slovakia,P1,10
Slovakia,P4,2
Slovakia,R1,1
Slovenia,A1,5
Slovenia,A2,1
Slovenia,B1,3
Slovenia,B1/B2,21
Slovenia,C1/D,2
Slovenia,E2,2
Slovenia,F1,23
Slovenia,F2,3
Slovenia,G2,18
Slovenia,H1B,2
Slovenia,J1,19
Slovenia,J2,9
Slovenia,L1,3
Slovenia,L2,3
Slovenia,NATO2,16
Slovenia,O1,2
Slovenia,O3,2
Solomon Islands,A1,3
Solomon Islands,B1/B2,3
Solomon Islands,C3,8
Solomon Islands,G2,5
Solomon Islands,G4,2
Solomon Islands,J1,2
Somalia,A1,12
Somalia,A2,3
Somalia,B1,1
Somalia,B1/B2,9
Somalia,F1,25
Somalia,G2,6
Somalia,G4,1
Somalia,J1,5
Somalia,K1,5
South Africa,A1,2
South Africa,A2,61
South Africa,B1,18
South Africa,B1/B2,"4,334"
South Africa,C1,23
South Africa,C1/D,471
South Africa,C3,2
South Africa,E2,4
South Africa,F1,87
South Africa,F2,5
South Africa,G2,32
South Africa,G4,14
South Africa,H1B,21
South Africa,H2A,658
South Africa,H2B,71
South Africa,H4,46
South Africa,I,4
South Africa,J1,192
South Africa,J2,8
South Africa,K1,17
South Africa,K2,2
South Africa,L1,70
South Africa,L2,78
South Africa,M1,4
South Africa,O1,11
South Africa,O2,10
South Africa,O3,3
South Africa,P1,28
South Africa,P3,2
South Africa,P4,1
South Africa,Q1,2
South Africa,R1,7
South Africa,R2,10
South Sudan,A1,6
South Sudan,A2,1
South Sudan,B1,2
South Sudan,B1/B2,20
South Sudan,F1,20
South Sudan,G4,3
South Sudan,J1,2
South Sudan,K1,2
South Sudan,O1,5
Spain,A1,10
Spain,A2,33
Spain,B1,2
Spain,B1/B2,"1,183"
Spain,B2,20
Spain,C1,4
Spain,C1/D,183
Spain,E1,18
Spain,E2,186
Spain,F1,411
Spain,F2,9
Spain,G1,6
Spain,G2,7
Spain,G3,1
Spain,G4,38
Spain,G5,1
Spain,H1B,81
Spain,H3,1
Spain,H4,19
Spain,I,35
Spain,J1,441
Spain,J2,48
Spain,K1,3
Spain,L1,95
Spain,L2,64
Spain,M1,10
Spain,NATO2,17
Spain,NATO4,1
Spain,NATO6,4
Spain,O1,56
Spain,O2,21
Spain,O3,15
Spain,P1,34
Spain,P2,1
Spain,P3,11
Spain,P4,8
Spain,Q1,33
Spain,R1,4
Spain,TD,1
Sri Lanka,A2,15
Sri Lanka,A3,4
Sri Lanka,B1/B2,798
Sri Lanka,C1,11
Sri Lanka,C1/D,73
Sri Lanka,C3,9
Sri Lanka,E2,3
Sri Lanka,F1,58
Sri Lanka,F2,8
Sri Lanka,G1,5
Sri Lanka,G2,2
Sri Lanka,G4,5
Sri Lanka,H1B,16
Sri Lanka,H4,11
Sri Lanka,J1,21
Sri Lanka,J2,9
Sri Lanka,K1,10
Sri Lanka,K2,1
Sri Lanka,L1,9
Sri Lanka,L2,9
Sri Lanka,O3,1
Sri Lanka,P1,1
Sri Lanka,P3,29
Sri Lanka,R1,3
Sri Lanka,R2,1
Sudan,A1,1
Sudan,A2,3
Sudan,B1,10
Sudan,B1/B2,280
Sudan,C1,1
Sudan,D,1
Sudan,F1,30
Sudan,F2,9
Sudan,G1,1
Sudan,G2,4
Sudan,G4,10
Sudan,H1B,8
Sudan,H4,7
Sudan,J1,6
Sudan,J2,9
Sudan,K1,9
Suriname,A1,1
Suriname,A2,4
Suriname,B1/B2,64
Suriname,C3,4
Suriname,F1,1
Suriname,G2,1
Suriname,K1,1
Sweden,A1,4
Sweden,A2,68
Sweden,B1,5
Sweden,B1/B2,444
Sweden,B2,6
Sweden,C1/D,36
Sweden,E1,1
Sweden,E2,48
Sweden,F1,266
Sweden,F2,2
Sweden,G1,1
Sweden,G2,5
Sweden,G3,4
Sweden,G4,10
Sweden,H1B,6
Sweden,I,17
Sweden,J1,169
Sweden,J2,14
Sweden,K1,10
Sweden,L1,42
Sweden,L2,27
Sweden,M1,8
Sweden,NATO6,1
Sweden,O1,27
Sweden,O2,9
Sweden,O3,9
Sweden,P1,60
Sweden,P3,9
Sweden,P4,6
Sweden,R1,1
Switzerland,A1,1
Switzerland,A2,49
Switzerland,B1,6
Switzerland,B1/B2,323
Switzerland,B2,1
Switzerland,C1/D,119
Switzerland,E2,21
Switzerland,F1,137
Switzerland,G1,4
Switzerland,G2,2
Switzerland,G4,17
Switzerland,H1B,13
Switzerland,H4,10
Switzerland,I,9
Switzerland,J1,83
Switzerland,J2,8
Switzerland,L1,27
Switzerland,L2,16
Switzerland,M1,7
Switzerland,O1,18
Switzerland,O2,5
Switzerland,O3,4
Switzerland,P1,9
Syria,B1,1
Syria,B1/B2,361
Syria,C1/D,1
Syria,E2,1
Syria,F1,21
Syria,F2,1
Syria,G1,3
Syria,G4,5
Syria,H1B,1
Syria,H4,4
Syria,I,2
Syria,J1,16
Syria,J2,6
Syria,K1,35
Syria,L2,1
Syria,M1,1
Syria,O1,1
Taiwan,A2,1
Taiwan,B1,1
Taiwan,B1/B2,760
Taiwan,C1,4
Taiwan,C1/D,257
Taiwan,E1,23
Taiwan,E2,166
Taiwan,F1,603
Taiwan,F2,29
Taiwan,H1B,87
Taiwan,H2A,1
Taiwan,H3,4
Taiwan,H4,31
Taiwan,I,9
Taiwan,J1,169
Taiwan,J2,60
Taiwan,K1,6
Taiwan,K2,2
Taiwan,L1,142
Taiwan,L2,84
Taiwan,M1,13
Taiwan,O1,13
Taiwan,O2,33
Taiwan,O3,1
Taiwan,P1,11
Taiwan,P3,16
Taiwan,P4,1
Taiwan,Q1,1
Taiwan,R1,2
Taiwan,TD,2
Tajikistan,A2,22
Tajikistan,B1/B2,87
Tajikistan,C3,6
Tajikistan,D,3
Tajikistan,F1,27
Tajikistan,F2,2
Tajikistan,G2,15
Tajikistan,G4,7
Tajikistan,H1B,1
Tajikistan,H4,1
Tajikistan,J1,8
Tajikistan,J2,11
Tajikistan,K1,3
Tajikistan,L1,1
Tajikistan,O1,1
Tanzania,A1,9
Tanzania,A2,42
Tanzania,B1,13
Tanzania,B1/B2,534
Tanzania,C1,1
Tanzania,C1/D,28
Tanzania,C3,3
Tanzania,F1,78
Tanzania,F2,7
Tanzania,G1,5
Tanzania,G2,9
Tanzania,G4,27
Tanzania,G5,1
Tanzania,H1B,5
Tanzania,I,5
Tanzania,J1,44
Tanzania,K1,7
Tanzania,K2,3
Tanzania,L1,2
Tanzania,O1,1
Tanzania,O2,4
Tanzania,R1,7
Thailand,A1,4
Thailand,A2,324
Thailand,B1,20
Thailand,B1/B2,"3,596"
Thailand,B2,27
Thailand,C1,11
Thailand,C1/D,453
Thailand,C3,4
Thailand,E2,50
Thailand,E3D,1
Thailand,F1,723
Thailand,F2,3
Thailand,G1,3
Thailand,G4,3
Thailand,H1B,19
Thailand,H4,4
Thailand,I,16
Thailand,J1,159
Thailand,J2,5
Thailand,K1,91
Thailand,K2,13
Thailand,L1,20
Thailand,L2,18
Thailand,M1,3
Thailand,O1,4
Thailand,O2,4
Thailand,P1,4
Thailand,R1,3
Timor-Leste,A2,5
Timor-Leste,B1/B2,2
Timor-Leste,F1,2
Timor-Leste,G2,15
Timor-Leste,G4,2
Timor-Leste,J1,12
Timor-Leste,R1,1
Togo,A1,7
Togo,A2,16
Togo,B1/B2,147
Togo,C1,3
Togo,F1,11
Togo,G4,3
Togo,H1B,1
Togo,H3,2
Togo,H4,3
Togo,J1,6
Togo,J2,2
Togo,K1,9
Togo,K2,1
Tonga,A1,2
Tonga,A2,11
Tonga,B1/B2,95
Tonga,C1,2
Tonga,F1,2
Tonga,J1,6
Tonga,K1,1
Tonga,R1,15
Trinidad and Tobago,A1,3
Trinidad and Tobago,A2,12
Trinidad and Tobago,B1,1
Trinidad and Tobago,B1/B2,"5,103"
Trinidad and Tobago,C1,6
Trinidad and Tobago,C1/D,44
Trinidad and Tobago,C3,1
Trinidad and Tobago,F1,40
Trinidad and Tobago,F2,1
Trinidad and Tobago,G4,4
Trinidad and Tobago,H1B,14
Trinidad and Tobago,H4,1
Trinidad and Tobago,J1,10
Trinidad and Tobago,J2,2
Trinidad and Tobago,K1,3
Trinidad and Tobago,L1,12
Trinidad and Tobago,L2,8
Trinidad and Tobago,M1,3
Trinidad and Tobago,O1,3
Trinidad and Tobago,O2,1
Trinidad and Tobago,P1,8
Trinidad and Tobago,P3,8
Trinidad and Tobago,R1,1
Tunisia,A2,41
Tunisia,B1/B2,750
Tunisia,C1/D,67
Tunisia,F1,62
Tunisia,F2,1
Tunisia,G1,1
Tunisia,G2,3
Tunisia,G4,4
Tunisia,H1B,4
Tunisia,I,1
Tunisia,J1,25
Tunisia,J2,1
Tunisia,K1,4
Tunisia,L1,3
Tunisia,L2,3
Tunisia,O1,3
Turkey,A1,22
Turkey,A2,21
Turkey,B1,2
Turkey,B1/B2,"9,028"
Turkey,C1,1
Turkey,C1/D,496
Turkey,C3,1
Turkey,E1,26
Turkey,E2,69
Turkey,F1,496
Turkey,F2,36
Turkey,G1,4
Turkey,G2,39
Turkey,G4,4
Turkey,H1B,79
Turkey,H2B,4
Turkey,H4,47
Turkey,I,10
Turkey,J1,235
Turkey,J2,94
Turkey,K1,21
Turkey,K2,4
Turkey,L1,52
Turkey,L2,46
Turkey,NATO2,6
Turkey,NATO6,3
Turkey,O1,20
Turkey,O2,4
Turkey,O3,6
Turkey,P1,2
Turkey,R1,1
Turkey,R2,2
Turkmenistan,A2,15
Turkmenistan,B1,1
Turkmenistan,B1/B2,104
Turkmenistan,C1/D,1
Turkmenistan,F1,84
Turkmenistan,F2,3
Turkmenistan,H1B,4
Turkmenistan,H4,21
Turkmenistan,J1,1
Turkmenistan,J2,3
Turkmenistan,K1,1
Turks and Caicos Islands,B1/B2,17
Turks and Caicos Islands,F1,8
Turks and Caicos Islands,M1,1
Tuvalu,A2,2
Tuvalu,B1/B2,2
Tuvalu,C1,1
Tuvalu,C3,2
Tuvalu,F1,1
Tuvalu,J1,1
Uganda,A1,4
Uganda,A2,8
Uganda,B1,5
Uganda,B1/B2,607
Uganda,C1,3
Uganda,C1/D,22
Uganda,C2,3
Uganda,D,3
Uganda,F1,179
Uganda,F2,7
Uganda,G1,7
Uganda,G2,18
Uganda,G4,34
Uganda,H1B,5
Uganda,J1,45
Uganda,J2,2
Uganda,K1,20
Uganda,K2,2
Uganda,M1,1
Uganda,O1,1
Uganda,P3,21
Uganda,Q1,1
Uganda,R1,3
Ukraine,A1,6
Ukraine,A2,92
Ukraine,B1,11
Ukraine,B1/B2,"2,894"
Ukraine,C1/D,229
Ukraine,E2,16
Ukraine,F1,101
Ukraine,G1,6
Ukraine,G2,4
Ukraine,G4,16
Ukraine,H1B,13
Ukraine,H2A,3
Ukraine,H2B,1
Ukraine,H4,9
Ukraine,I,3
Ukraine,J1,98
Ukraine,J2,14
Ukraine,K1,3
Ukraine,L1,31
Ukraine,L2,35
Ukraine,M1,3
Ukraine,O1,9
Ukraine,O2,1
Ukraine,O3,1
Ukraine,P1,40
Ukraine,P3,1
Ukraine,P4,6
Ukraine,R1,2
Ukraine,R2,1
United Arab Emirates,A1,2
United Arab Emirates,A2,70
United Arab Emirates,A3,1
United Arab Emirates,B1/B2,"1,640"
United Arab Emirates,D,22
United Arab Emirates,F1,149
United Arab Emirates,F2,2
United Arab Emirates,G2,13
United Arab Emirates,J1,17
United Arab Emirates,L1,1
United Arab Emirates,P3,1
Uruguay,A2,33
Uruguay,B1,1
Uruguay,B1/B2,"2,494"
Uruguay,B2,2
Uruguay,C1,3
Uruguay,C1/D,5
Uruguay,E2,1
Uruguay,F1,12
Uruguay,G1,2
Uruguay,G2,4
Uruguay,G4,3
Uruguay,H1B,3
Uruguay,H4,5
Uruguay,J1,42
Uruguay,J2,3
Uruguay,K1,1
Uruguay,L1,4
Uruguay,L2,3
Uruguay,O1,2
Uruguay,O2,8
Uruguay,P1,1
Uruguay,R1,1
Uzbekistan,A2,44
Uzbekistan,B1,1
Uzbekistan,B1/B2,475
Uzbekistan,C1,6
Uzbekistan,C1/D,40
Uzbekistan,F1,89
Uzbekistan,F2,7
Uzbekistan,G1,5
Uzbekistan,G2,16
Uzbekistan,G4,14
Uzbekistan,H4,7
Uzbekistan,J1,15
Uzbekistan,J2,4
Uzbekistan,K1,2
Uzbekistan,L1,1
Uzbekistan,L2,1
Uzbekistan,O1,1
Uzbekistan,O3,3
Uzbekistan,P1,4
Uzbekistan,P3,13
Vanuatu,A2,2
Vanuatu,B1/B2,5
Vanuatu,C1,1
Vanuatu,C3,1
Vanuatu,J1,1
Venezuela,A1,1
Venezuela,B1,4
Venezuela,B1/B2,"5,208"
Venezuela,B2,12
Venezuela,C1,3
Venezuela,C1/D,32
Venezuela,E2,4
Venezuela,F1,97
Venezuela,F2,4
Venezuela,G4,11
Venezuela,H1B,20
Venezuela,H4,5
Venezuela,I,1
Venezuela,J1,17
Venezuela,J2,4
Venezuela,K1,30
Venezuela,K2,5
Venezuela,L1,32
Venezuela,L2,13
Venezuela,O1,13
Venezuela,O2,4
Venezuela,O3,10
Venezuela,P1,27
Venezuela,P2,1
Venezuela,P3,1
Venezuela,P4,4
Venezuela,R1,2
Venezuela,TD,5
Vietnam,A1,16
Vietnam,A2,86
Vietnam,B1,13
Vietnam,B1/B2,"10,669"
Vietnam,B2,3
Vietnam,C1,19
Vietnam,C1/D,219
Vietnam,C3,10
Vietnam,F1,"2,402"
Vietnam,F2,27
Vietnam,G4,25
Vietnam,H1B,47
Vietnam,H4,23
Vietnam,I,1
Vietnam,J1,126
Vietnam,J2,26
Vietnam,K1,219
Vietnam,K2,55
Vietnam,L1,43
Vietnam,L2,50
Vietnam,M1,5
Vietnam,O1,8
Vietnam,O3,5
Vietnam,P3,11
Vietnam,R1,8
Yemen,A1,1
Yemen,A2,13
Yemen,A3,1
Yemen,B1,3
Yemen,B1/B2,268
Yemen,C1/D,2
Yemen,F1,19
Yemen,F2,4
Yemen,G2,11
Yemen,G4,3
Yemen,H1B,3
Yemen,H4,3
Yemen,J1,2
Yemen,J2,1
Yemen,K1,13
Yemen,M1,1
Zambia,A2,10
Zambia,B1/B2,123
Zambia,C1/D,18
Zambia,C3,11
Zambia,F1,49
Zambia,F2,7
Zambia,G2,3
Zambia,G4,8
Zambia,H1B,1
Zambia,J1,8
Zambia,J2,1
Zambia,K1,1
Zambia,L1,1
Zambia,M1,1
Zambia,Q1,1
Zambia,R1,1
Zimbabwe,A1,3
Zimbabwe,A2,8
Zimbabwe,A3,5
Zimbabwe,B1,3
Zimbabwe,B1/B2,664
Zimbabwe,C1,6
Zimbabwe,C1/D,462
Zimbabwe,C3,1
Zimbabwe,D,5
Zimbabwe,F1,160
Zimbabwe,F2,18
Zimbabwe,G1,9
Zimbabwe,G2,34
Zimbabwe,G4,27
Zimbabwe,H1B,15
Zimbabwe,H4,8
Zimbabwe,J1,39
Zimbabwe,J2,8
Zimbabwe,K1,4
Zimbabwe,L1,8
Zimbabwe,L2,4
Zimbabwe,O1,3
Zimbabwe,P1,4
Zimbabwe,Q1,6
Zimbabwe,R1,1
Zimbabwe,R2,2
GRAND TOTAL,,"931,915"
"*""Non-nationality based issuances"" includes individuals presenting travel documents issued by a competent authority other than their country of nationality, including, for example, aliens traveling on a Laissez-Passer issued by the United Nations and refugees residing in another country.",,