Nonimmigrant Visa Issuances by Nationality                                                      December 2023 (FY 2024),,
Nationality,Visa Class,Issuances
Afghanistan,B1/B2,128
Afghanistan,E1,1
Afghanistan,F1,27
Afghanistan,F2,1
Afghanistan,G4,7
Afghanistan,I,4
Afghanistan,J1,2
Afghanistan,J2,5
Afghanistan,K1,22
Afghanistan,O1,1
Afghanistan,P3,1
Albania,A1,3
Albania,A2,6
Albania,B1/B2,"2,243"
Albania,B2,1
Albania,C1/D,8
Albania,F1,59
Albania,F2,1
Albania,G1,7
Albania,H1B,8
Albania,H4,1
Albania,J1,13
Albania,J2,2
Albania,K1,15
Albania,K2,1
Albania,NATO4,1
Albania,NATO6,4
Albania,O1,1
Albania,O3,2
Algeria,A1,8
Algeria,A2,1
Algeria,B1/B2,"1,408"
Algeria,B2,1
Algeria,C1,5
Algeria,D,21
Algeria,F1,67
Algeria,G1,14
Algeria,G2,2
Algeria,G4,3
Algeria,H1B,3
Algeria,H4,1
Algeria,I,5
Algeria,J1,12
Algeria,J2,1
Algeria,K1,21
Algeria,P3,2
Andorra,B1/B2,1
Andorra,F1,1
Andorra,H1B,2
Andorra,J1,3
Angola,A1,2
Angola,A2,6
Angola,B1,1
Angola,B1/B2,135
Angola,C1/D,5
Angola,F1,28
Angola,G1,11
Angola,G2,1
Angola,G4,1
Angola,H1B,3
Angola,J1,5
Angola,L1,4
Angola,L2,14
Angola,R1,1
Angola,R2,1
Anguilla,B1/B2,1
Antigua and Barbuda,A1,2
Antigua and Barbuda,A2,1
Antigua and Barbuda,B1/B2,265
Antigua and Barbuda,C1/D,3
Antigua and Barbuda,F1,8
Antigua and Barbuda,G4,3
Antigua and Barbuda,H1B,1
Antigua and Barbuda,H4,1
Antigua and Barbuda,K2,1
Antigua and Barbuda,P1,1
Argentina,A1,6
Argentina,A2,11
Argentina,B1,16
Argentina,B1/B2,"21,073"
Argentina,B2,30
Argentina,C1,18
Argentina,C1/D,82
Argentina,C3,1
Argentina,E1,2
Argentina,E2,46
Argentina,F1,319
Argentina,F2,15
Argentina,G1,2
Argentina,G2,1
Argentina,G4,23
Argentina,H1B,73
Argentina,H2A,4
Argentina,H2B,11
Argentina,H4,23
Argentina,I,7
Argentina,J1,296
Argentina,J2,16
Argentina,K1,5
Argentina,K2,1
Argentina,L1,60
Argentina,L2,90
Argentina,M1,3
Argentina,O1,41
Argentina,O2,10
Argentina,O3,10
Argentina,P1,68
Argentina,P3,19
Argentina,P4,36
Argentina,R1,6
Argentina,TD,1
Armenia,A1,2
Armenia,A2,5
Armenia,B1/B2,"1,542"
Armenia,E2,5
Armenia,F1,13
Armenia,G1,5
Armenia,G2,1
Armenia,G4,1
Armenia,H1B,6
Armenia,H4,1
Armenia,I,1
Armenia,J1,20
Armenia,J2,4
Armenia,K1,59
Armenia,K2,4
Armenia,L1,3
Armenia,L2,2
Armenia,M1,1
Armenia,O1,4
Armenia,O2,3
Armenia,O3,4
Armenia,P3,4
Australia,A1,16
Australia,A2,427
Australia,B1,5
Australia,B1/B2,610
Australia,C1,3
Australia,C1/D,165
Australia,C3,1
Australia,E1,2
Australia,E2,35
Australia,E3,350
Australia,E3D,317
Australia,E3R,441
Australia,F1,165
Australia,F2,2
Australia,G1,1
Australia,G2,3
Australia,G4,10
Australia,H1B,73
Australia,H2B,6
Australia,H3,3
Australia,H4,22
Australia,I,23
Australia,J1,305
Australia,J2,18
Australia,K1,24
Australia,K2,2
Australia,L1,70
Australia,L2,76
Australia,M1,7
Australia,O1,66
Australia,O2,34
Australia,O3,12
Australia,P1,52
Australia,P3,1
Australia,P4,1
Australia,R1,3
Australia,R2,3
Australia,TD,1
Austria,A2,19
Austria,B1/B2,167
Austria,C1/D,55
Austria,E1,2
Austria,E2,13
Austria,F1,35
Austria,F2,1
Austria,G2,1
Austria,G4,5
Austria,H1B,15
Austria,I,2
Austria,J1,103
Austria,J2,3
Austria,L1,18
Austria,L2,3
Austria,O1,11
Austria,O2,6
Austria,O3,2
Austria,P1,10
Austria,Q1,1
Azerbaijan,A2,12
Azerbaijan,B1,5
Azerbaijan,B1/B2,549
Azerbaijan,C1/D,24
Azerbaijan,E2,4
Azerbaijan,F1,57
Azerbaijan,F2,6
Azerbaijan,G1,3
Azerbaijan,G2,4
Azerbaijan,G4,5
Azerbaijan,H1B,12
Azerbaijan,H4,4
Azerbaijan,J1,9
Azerbaijan,J2,1
Azerbaijan,K1,3
Azerbaijan,K2,1
Azerbaijan,L1,3
Azerbaijan,L2,8
Azerbaijan,O1,2
"Bahamas, The",A1,1
"Bahamas, The",A2,4
"Bahamas, The",B1/B2,820
"Bahamas, The",B2,1
"Bahamas, The",C1,1
"Bahamas, The",C1/D,4
"Bahamas, The",F1,88
"Bahamas, The",H1B,37
"Bahamas, The",H4,6
"Bahamas, The",J1,2
"Bahamas, The",J2,1
"Bahamas, The",K1,2
"Bahamas, The",L1,4
"Bahamas, The",L2,3
"Bahamas, The",M1,2
"Bahamas, The",O1,2
"Bahamas, The",P1,7
Bahrain,A1,3
Bahrain,A2,9
Bahrain,B1/B2,192
Bahrain,C1/D,1
Bahrain,D,1
Bahrain,F1,6
Bahrain,F2,3
Bahrain,G2,3
Bahrain,H4,1
Bahrain,J1,4
Bahrain,J2,1
Bahrain,L2,1
Bahrain,M1,1
Bangladesh,A2,43
Bangladesh,A3,2
Bangladesh,B1,13
Bangladesh,B1/B2,"2,361"
Bangladesh,C1,2
Bangladesh,C1/D,73
Bangladesh,E2,1
Bangladesh,F1,540
Bangladesh,F2,145
Bangladesh,G1,8
Bangladesh,G4,16
Bangladesh,H1B,76
Bangladesh,H4,27
Bangladesh,I,2
Bangladesh,J1,29
Bangladesh,J2,24
Bangladesh,K1,5
Bangladesh,L1,4
Bangladesh,L2,3
Bangladesh,M1,3
Bangladesh,O1,3
Bangladesh,P3,4
Bangladesh,T4,1
Bangladesh,T5,2
Bangladesh,TD,1
Barbados,A1,2
Barbados,B1/B2,491
Barbados,C1/D,2
Barbados,C3,1
Barbados,F1,12
Barbados,G1,4
Barbados,G2,1
Barbados,G4,2
Barbados,H1B,2
Barbados,H2B,7
Barbados,I,2
Barbados,J1,2
Barbados,K1,1
Barbados,O1,1
Belarus,A2,4
Belarus,B1/B2,379
Belarus,C1/D,22
Belarus,F1,17
Belarus,F2,1
Belarus,G1,6
Belarus,G2,1
Belarus,G4,1
Belarus,H1B,7
Belarus,H4,1
Belarus,J1,10
Belarus,K1,9
Belarus,K2,1
Belarus,L1,7
Belarus,L2,12
Belarus,P1,3
Belarus,P4,2
Belgium,A2,11
Belgium,B1,1
Belgium,B1/B2,247
Belgium,C1,1
Belgium,C1/D,96
Belgium,E1,3
Belgium,E2,16
Belgium,F1,66
Belgium,G2,5
Belgium,G3,1
Belgium,G4,6
Belgium,H1B,17
Belgium,H4,6
Belgium,I,6
Belgium,J1,63
Belgium,J2,3
Belgium,K1,5
Belgium,K2,1
Belgium,L1,29
Belgium,L2,29
Belgium,M1,1
Belgium,NATO2,51
Belgium,O1,10
Belgium,O2,5
Belgium,P1,5
Belgium,P2,1
Belgium,P3,1
Belgium,P4,1
Belize,A2,3
Belize,B1/B2,592
Belize,C1,2
Belize,C1/D,3
Belize,F1,10
Belize,H1B,4
Belize,K1,2
Belize,K2,2
Belize,R1,1
Benin,A2,4
Benin,B1/B2,100
Benin,C1,1
Benin,C2,1
Benin,D,1
Benin,F1,26
Benin,G4,2
Benin,H1B,2
Benin,J1,3
Benin,K1,1
Benin,K2,1
Benin,R1,1
Bermuda,B1/B2,8
Bermuda,F1,2
Bhutan,A1,3
Bhutan,A2,2
Bhutan,A3,1
Bhutan,B1/B2,25
Bhutan,F1,20
Bhutan,F2,2
Bhutan,G1,3
Bhutan,G4,2
Bhutan,H1B,3
Bhutan,J1,2
Bhutan,M1,1
Bolivia,B1,2
Bolivia,B1/B2,"1,765"
Bolivia,B2,1
Bolivia,C1/D,3
Bolivia,E2,3
Bolivia,F1,63
Bolivia,G1,1
Bolivia,G4,15
Bolivia,H1B,15
Bolivia,H4,1
Bolivia,J1,26
Bolivia,K1,12
Bolivia,K2,2
Bolivia,L1,4
Bolivia,L2,2
Bolivia,M1,2
Bolivia,O1,1
Bolivia,O3,3
Bolivia,TD,1
Bosnia-Herzegovina,A2,8
Bosnia-Herzegovina,B1,19
Bosnia-Herzegovina,B1/B2,255
Bosnia-Herzegovina,C1/D,21
Bosnia-Herzegovina,E2,2
Bosnia-Herzegovina,F1,11
Bosnia-Herzegovina,G2,1
Bosnia-Herzegovina,H1B,2
Bosnia-Herzegovina,J1,2
Bosnia-Herzegovina,K1,4
Bosnia-Herzegovina,L1,1
Bosnia-Herzegovina,O2,1
Bosnia-Herzegovina,P3,2
Botswana,A1,1
Botswana,A2,9
Botswana,B1/B2,54
Botswana,C1/D,3
Botswana,E3D,3
Botswana,F1,12
Botswana,G4,1
Botswana,H1B,2
Botswana,J1,4
Brazil,A1,29
Brazil,A2,154
Brazil,A3,2
Brazil,B1,287
Brazil,B1/B2,"86,562"
Brazil,B2,3
Brazil,C1,39
Brazil,C1/D,350
Brazil,C3,6
Brazil,D,1
Brazil,E1,1
Brazil,E2,6
Brazil,E3D,1
Brazil,F1,742
Brazil,F2,97
Brazil,G1,3
Brazil,G2,5
Brazil,G4,43
Brazil,G5,2
Brazil,H1B,353
Brazil,H2A,7
Brazil,H2B,3
Brazil,H4,135
Brazil,I,22
Brazil,J1,863
Brazil,J2,163
Brazil,K1,68
Brazil,K2,7
Brazil,L1,661
Brazil,L2,974
Brazil,M1,12
Brazil,O1,169
Brazil,O2,16
Brazil,O3,70
Brazil,P1,98
Brazil,P3,6
Brazil,P4,20
Brazil,R1,15
Brazil,R2,3
Brazil,TD,2
British National Overseas (Hong Kong) Passport,B1/B2,179
British National Overseas (Hong Kong) Passport,C1/D,2
British National Overseas (Hong Kong) Passport,E3D,1
British National Overseas (Hong Kong) Passport,F1,3
British National Overseas (Hong Kong) Passport,H1B,5
British National Overseas (Hong Kong) Passport,I,1
British National Overseas (Hong Kong) Passport,L1,2
British National Overseas (Hong Kong) Passport,M1,1
British National Overseas (Hong Kong) Passport,O1,1
British National Overseas (Hong Kong) Passport,O2,1
British National Overseas (Hong Kong) Passport,P1,2
British National Overseas (Hong Kong) Passport,R2,1
British Virgin Islands,B1/B2,1
British Virgin Islands,F1,2
British Virgin Islands,L1,1
British Virgin Islands,L2,1
Brunei,B1/B2,1
Brunei,H1B,1
Brunei,J1,1
Brunei,K1,1
Brunei,L2,1
Bulgaria,A2,2
Bulgaria,B1,1
Bulgaria,B1/B2,802
Bulgaria,C1/D,34
Bulgaria,E2,9
Bulgaria,F1,8
Bulgaria,G4,3
Bulgaria,H1B,8
Bulgaria,H2B,32
Bulgaria,I,8
Bulgaria,J1,15
Bulgaria,J2,1
Bulgaria,K1,1
Bulgaria,L1,3
Bulgaria,L2,4
Bulgaria,NATO2,1
Bulgaria,O1,2
Bulgaria,P3,10
Burkina Faso,A1,14
Burkina Faso,A2,5
Burkina Faso,B1/B2,96
Burkina Faso,F1,14
Burkina Faso,G2,2
Burkina Faso,G4,3
Burkina Faso,J1,2
Burkina Faso,K1,1
Burkina Faso,R1,1
Burma,A1,8
Burma,B1,6
Burma,B1/B2,349
Burma,B2,7
Burma,C1,81
Burma,D,230
Burma,F1,373
Burma,F2,10
Burma,G4,3
Burma,H1B,5
Burma,J1,9
Burma,J2,1
Burma,K1,13
Burma,L2,2
Burma,R1,1
Burundi,A1,6
Burundi,A2,1
Burundi,B1/B2,50
Burundi,C1,1
Burundi,C1/D,1
Burundi,F1,21
Burundi,G1,1
Burundi,G4,7
Burundi,H4,2
Burundi,K1,5
Burundi,O1,1
Cabo Verde,B1/B2,171
Cabo Verde,C1/D,3
Cabo Verde,F1,2
Cabo Verde,K1,5
Cabo Verde,K2,2
Cabo Verde,O1,1
Cabo Verde,O2,1
Cambodia,A1,1
Cambodia,A2,1
Cambodia,B1,2
Cambodia,B1/B2,531
Cambodia,C1,1
Cambodia,D,1
Cambodia,E2,1
Cambodia,F1,105
Cambodia,F2,2
Cambodia,G2,2
Cambodia,G4,1
Cambodia,J1,8
Cambodia,K1,22
Cambodia,K2,1
Cameroon,A1,8
Cameroon,A2,2
Cameroon,B1,1
Cameroon,B1/B2,467
Cameroon,C1,1
Cameroon,C1/D,2
Cameroon,F1,80
Cameroon,F2,8
Cameroon,G1,3
Cameroon,G4,32
Cameroon,H1B,12
Cameroon,H4,3
Cameroon,J1,5
Cameroon,J2,5
Cameroon,K1,15
Cameroon,L1,1
Cameroon,O1,2
Cameroon,P1,1
Cameroon,P3,2
Cameroon,R1,3
Canada,A1,5
Canada,A2,5
Canada,B1,2
Canada,B1/B2,10
Canada,C1/D,2
Canada,E1,50
Canada,E2,297
Canada,E3D,3
Canada,F1,3
Canada,G1,2
Canada,G2,1
Canada,G4,14
Canada,H1B,4
Canada,H2A,1
Canada,H4,17
Canada,J1,4
Canada,K1,42
Canada,L1,7
Canada,L2,14
Canada,NATO2,2
Canada,NATO5,2
Canada,NATO6,2
Canada,O1,1
Canada,O2,1
Canada,O3,1
Canada,TD,2
Canada,TN,1
Canada,U1,1
Cayman Islands,B1/B2,101
Cayman Islands,C1/D,1
Cayman Islands,F1,5
Central African Republic,A1,3
Central African Republic,A2,2
Central African Republic,B1/B2,1
Central African Republic,G1,1
Central African Republic,G4,1
Chad,A1,1
Chad,A2,2
Chad,B1/B2,49
Chad,F1,13
Chad,F2,1
Chad,G2,1
Chad,G4,1
Chad,H1B,1
Chad,J1,3
Chad,L1,1
Chile,A1,10
Chile,A2,100
Chile,B1,51
Chile,B1/B2,705
Chile,B2,1
Chile,C1/D,98
Chile,C3,17
Chile,E2,27
Chile,F1,425
Chile,F2,71
Chile,G1,5
Chile,G2,1
Chile,G4,13
Chile,H1B,75
Chile,H1B1,185
Chile,H2B,4
Chile,H3,1
Chile,H4,188
Chile,I,3
Chile,J1,202
Chile,J2,38
Chile,K1,5
Chile,L1,50
Chile,L2,87
Chile,M1,2
Chile,O1,13
Chile,O2,1
Chile,O3,9
Chile,P1,8
Chile,P3,1
Chile,P4,3
Chile,R1,3
China - mainland,A1,67
China - mainland,A2,40
China - mainland,A3,1
China - mainland,B1,193
China - mainland,B1/B2,"32,346"
China - mainland,B2,4
China - mainland,C1,16
China - mainland,C1/D,946
China - mainland,C3,9
China - mainland,CW1,15
China - mainland,CW2,2
China - mainland,E2,7
China - mainland,E3D,1
China - mainland,F1,"5,964"
China - mainland,F2,204
China - mainland,G1,11
China - mainland,G2,7
China - mainland,G4,60
China - mainland,H1B,"3,716"
China - mainland,H4,367
China - mainland,J1,"1,166"
China - mainland,J2,295
China - mainland,K1,43
China - mainland,K2,2
China - mainland,L1,406
China - mainland,L2,238
China - mainland,M1,28
China - mainland,O1,143
China - mainland,O2,8
China - mainland,O3,19
China - mainland,P1,50
China - mainland,P3,8
China - mainland,P4,2
China - mainland,R1,2
China - mainland,T2,1
China - mainland,T3,1
China - mainland,TD,5
Colombia,A1,1
Colombia,A2,138
Colombia,B1,17
Colombia,B1/B2,"28,942"
Colombia,BBBCC,1
Colombia,C1,4
Colombia,C1/D,180
Colombia,C2,1
Colombia,E1,3
Colombia,E2,34
Colombia,F1,400
Colombia,F2,38
Colombia,G1,11
Colombia,G2,2
Colombia,G4,36
Colombia,G5,2
Colombia,H1B,172
Colombia,H2A,19
Colombia,H2B,20
Colombia,H3,1
Colombia,H4,64
Colombia,I,16
Colombia,J1,426
Colombia,J2,36
Colombia,K1,164
Colombia,K2,35
Colombia,L1,43
Colombia,L2,42
Colombia,M1,8
Colombia,O1,44
Colombia,O2,35
Colombia,O3,26
Colombia,P1,57
Colombia,P3,1
Colombia,P4,17
Colombia,R1,6
Colombia,R2,6
Colombia,TD,1
Comoros,A2,1
Comoros,B1/B2,3
Comoros,F2,1
Comoros,M1,1
"Congo, Democratic Republic of the",A1,4
"Congo, Democratic Republic of the",A2,40
"Congo, Democratic Republic of the",B1/B2,856
"Congo, Democratic Republic of the",F1,83
"Congo, Democratic Republic of the",G2,3
"Congo, Democratic Republic of the",G4,3
"Congo, Democratic Republic of the",H1B,6
"Congo, Democratic Republic of the",J1,3
"Congo, Democratic Republic of the",K1,10
"Congo, Democratic Republic of the",K2,2
"Congo, Democratic Republic of the",L1,2
"Congo, Democratic Republic of the",P3,14
"Congo, Democratic Republic of the",R1,1
"Congo, Republic of the",A2,15
"Congo, Republic of the",B1/B2,167
"Congo, Republic of the",F1,6
"Congo, Republic of the",G2,4
"Congo, Republic of the",G4,5
"Congo, Republic of the",J1,1
Costa Rica,A2,9
Costa Rica,B1,1
Costa Rica,B1/B2,"6,713"
Costa Rica,C1/D,28
Costa Rica,C3,2
Costa Rica,E2,3
Costa Rica,E3D,1
Costa Rica,F1,39
Costa Rica,G2,1
Costa Rica,G4,8
Costa Rica,H1B,24
Costa Rica,H2A,7
Costa Rica,H2B,2
Costa Rica,H3,7
Costa Rica,H4,10
Costa Rica,J1,36
Costa Rica,J2,4
Costa Rica,K1,13
Costa Rica,K2,3
Costa Rica,L1,19
Costa Rica,L2,18
Costa Rica,M1,2
Costa Rica,O1,3
Costa Rica,O3,1
Costa Rica,P1,2
Costa Rica,R1,1
Cote d'Ivoire,A2,3
Cote d'Ivoire,B1/B2,514
Cote d'Ivoire,C1/D,8
Cote d'Ivoire,F1,74
Cote d'Ivoire,F2,1
Cote d'Ivoire,G2,10
Cote d'Ivoire,G4,6
Cote d'Ivoire,G5,1
Cote d'Ivoire,H1B,4
Cote d'Ivoire,H4,1
Cote d'Ivoire,J1,2
Cote d'Ivoire,J2,5
Cote d'Ivoire,K1,14
Cote d'Ivoire,L2,1
Cote d'Ivoire,O2,1
Croatia,A1,1
Croatia,A2,2
Croatia,B1,21
Croatia,B1/B2,78
Croatia,C1/D,44
Croatia,E2,2
Croatia,F1,7
Croatia,G4,2
Croatia,H1B,7
Croatia,H2B,3
Croatia,H4,1
Croatia,J1,35
Croatia,J2,5
Croatia,L1,4
Croatia,L2,1
Croatia,NATO2,3
Croatia,O1,3
Croatia,O2,1
Croatia,O3,1
Croatia,P4,1
Cuba,A1,13
Cuba,A2,5
Cuba,B1,47
Cuba,B1/B2,128
Cuba,B2,483
Cuba,C1/D,2
Cuba,F1,4
Cuba,G1,2
Cuba,G2,8
Cuba,J1,1
Cuba,K1,44
Cuba,K2,4
Cuba,O1,2
Cuba,P1,5
Cuba,P3,1
Cyprus,A1,1
Cyprus,B1/B2,374
Cyprus,C1/D,3
Cyprus,F1,10
Cyprus,H1B,5
Cyprus,J1,4
Cyprus,O1,3
Czech Republic,A2,1
Czech Republic,B1,1
Czech Republic,B1/B2,175
Czech Republic,C1/D,20
Czech Republic,E2,10
Czech Republic,F1,31
Czech Republic,G2,1
Czech Republic,G4,2
Czech Republic,H1B,13
Czech Republic,H2B,6
Czech Republic,H4,4
Czech Republic,J1,55
Czech Republic,J2,10
Czech Republic,K1,5
Czech Republic,L1,20
Czech Republic,L2,15
Czech Republic,NATO2,3
Czech Republic,NATO6,1
Czech Republic,O1,2
Czech Republic,P1,2
Czech Republic,R1,1
Denmark,A1,2
Denmark,A2,24
Denmark,B1,1
Denmark,B1/B2,186
Denmark,C1/D,35
Denmark,E2,18
Denmark,E3D,1
Denmark,F1,49
Denmark,G1,2
Denmark,G2,7
Denmark,G3,1
Denmark,G4,9
Denmark,H1B,11
Denmark,H4,1
Denmark,I,11
Denmark,J1,101
Denmark,J2,9
Denmark,K1,3
Denmark,L1,22
Denmark,L2,21
Denmark,M1,1
Denmark,NATO2,36
Denmark,O1,19
Denmark,O2,10
Denmark,O3,7
Denmark,P1,8
Denmark,P4,1
Djibouti,A1,1
Djibouti,A2,5
Djibouti,B1,3
Djibouti,B1/B2,16
Djibouti,K1,1
Dominica,A1,1
Dominica,B1/B2,217
Dominica,C1,1
Dominica,C1/D,2
Dominica,F1,10
Dominica,H1B,3
Dominican Republic,A1,6
Dominican Republic,A2,4
Dominican Republic,B1,29
Dominican Republic,B1/B2,"9,529"
Dominican Republic,B2,1
Dominican Republic,C1/D,57
Dominican Republic,F1,116
Dominican Republic,F2,8
Dominican Republic,G2,1
Dominican Republic,G4,2
Dominican Republic,H1B,33
Dominican Republic,H2B,8
Dominican Republic,H4,8
Dominican Republic,I,12
Dominican Republic,J1,32
Dominican Republic,J2,4
Dominican Republic,K1,266
Dominican Republic,K2,73
Dominican Republic,L1,16
Dominican Republic,L2,21
Dominican Republic,M1,2
Dominican Republic,O1,7
Dominican Republic,P1,170
Dominican Republic,P4,30
Dominican Republic,R1,4
Dominican Republic,R2,3
Dominican Republic,U3,2
Ecuador,A1,1
Ecuador,A2,8
Ecuador,B1,47
Ecuador,B1/B2,"15,917"
Ecuador,C1/D,31
Ecuador,D,1
Ecuador,E2,5
Ecuador,F1,306
Ecuador,F2,11
Ecuador,G1,1
Ecuador,G2,10
Ecuador,G4,12
Ecuador,G5,1
Ecuador,H1B,40
Ecuador,H4,18
Ecuador,I,1
Ecuador,J1,"1,225"
Ecuador,J2,9
Ecuador,K1,50
Ecuador,K2,20
Ecuador,L1,12
Ecuador,L2,21
Ecuador,M1,9
Ecuador,O1,5
Ecuador,O3,3
Ecuador,P1,1
Ecuador,R1,1
Ecuador,U2,2
Ecuador,U3,1
Egypt,A1,4
Egypt,A2,76
Egypt,A3,2
Egypt,B1,3
Egypt,B1/B2,"3,158"
Egypt,C1/D,92
Egypt,D,3
Egypt,E2,1
Egypt,F1,125
Egypt,F2,33
Egypt,G1,1
Egypt,G4,21
Egypt,H1B,32
Egypt,H4,26
Egypt,I,1
Egypt,J1,72
Egypt,J2,37
Egypt,K1,22
Egypt,L1,16
Egypt,L2,26
Egypt,M1,1
Egypt,O1,7
Egypt,O3,1
Egypt,R1,4
Egypt,R2,6
El Salvador,A1,8
El Salvador,A2,31
El Salvador,B1,8
El Salvador,B1/B2,"3,320"
El Salvador,C1,1
El Salvador,C1/D,40
El Salvador,F1,34
El Salvador,G1,4
El Salvador,G2,2
El Salvador,G4,4
El Salvador,H1B,13
El Salvador,H2A,2
El Salvador,H2B,300
El Salvador,H4,1
El Salvador,I,1
El Salvador,J1,14
El Salvador,J2,3
El Salvador,K1,16
El Salvador,L1,5
El Salvador,L2,5
El Salvador,R1,5
El Salvador,T4,2
El Salvador,T5,3
El Salvador,T6,1
El Salvador,U1,1
El Salvador,U2,2
El Salvador,U3,13
El Salvador,U4,1
El Salvador,U5,1
Equatorial Guinea,A1,2
Equatorial Guinea,A2,2
Equatorial Guinea,B1,2
Equatorial Guinea,B1/B2,88
Equatorial Guinea,F1,11
Equatorial Guinea,G1,3
Equatorial Guinea,G2,1
Equatorial Guinea,G4,1
Equatorial Guinea,L1,1
Eritrea,B1/B2,40
Eritrea,F1,6
Eritrea,G4,1
Eritrea,K1,6
Eritrea,P3,1
Estonia,A1,1
Estonia,A2,3
Estonia,B1/B2,28
Estonia,C1/D,5
Estonia,E2,3
Estonia,F1,7
Estonia,H1B,1
Estonia,J1,14
Estonia,J2,2
Estonia,L1,1
Estonia,NATO2,7
Estonia,O1,2
Estonia,P1,28
Eswatini,A2,3
Eswatini,B1/B2,10
Eswatini,F1,3
Eswatini,G4,3
Eswatini,J1,2
Ethiopia,A1,5
Ethiopia,A2,3
Ethiopia,B1,5
Ethiopia,B1/B2,"1,486"
Ethiopia,C1,1
Ethiopia,C1/D,90
Ethiopia,D,1
Ethiopia,F1,190
Ethiopia,F2,3
Ethiopia,G1,7
Ethiopia,G2,1
Ethiopia,G4,26
Ethiopia,G5,1
Ethiopia,H1B,13
Ethiopia,H4,4
Ethiopia,J1,7
Ethiopia,K1,49
Ethiopia,K2,9
Ethiopia,L1,1
Ethiopia,L2,1
Ethiopia,O1,1
Ethiopia,P1,2
Ethiopia,R1,2
Ethiopia,R2,1
Fiji,A2,2
Fiji,B1/B2,189
Fiji,C1,14
Fiji,C1/D,22
Fiji,F1,2
Fiji,G4,1
Fiji,H1B,1
Fiji,J1,6
Fiji,P4,2
Finland,A1,1
Finland,A2,23
Finland,B1,2
Finland,B1/B2,47
Finland,B2,2
Finland,C1/D,45
Finland,E2,9
Finland,F1,26
Finland,F2,5
Finland,G4,4
Finland,H1B,3
Finland,H4,2
Finland,J1,43
Finland,J2,3
Finland,K1,3
Finland,L1,17
Finland,L2,8
Finland,M1,1
Finland,O1,5
Finland,P1,7
France,A1,6
France,A2,43
France,B1,4
France,B1/B2,672
France,B2,1
France,C1/D,315
France,E1,24
France,E2,251
France,F1,808
France,F2,6
France,G2,3
France,G4,42
France,H1B,157
France,H2A,1
France,H4,21
France,I,40
France,J1,"1,074"
France,J2,58
France,K1,16
France,K2,1
France,L1,290
France,L2,349
France,M1,4
France,NATO2,17
France,NATO4,1
France,NATO6,1
France,O1,71
France,O2,13
France,O3,22
France,P1,40
France,P3,16
France,Q1,20
France,R1,3
France,TD,4
Gabon,A1,2
Gabon,A2,44
Gabon,B1/B2,62
Gabon,F1,12
Gabon,G2,1
Gabon,G4,1
Gabon,H1B,1
Gabon,K1,1
"Gambia, The",A1,9
"Gambia, The",A2,2
"Gambia, The",B1/B2,76
"Gambia, The",C1,19
"Gambia, The",D,3
"Gambia, The",F1,21
"Gambia, The",F2,2
"Gambia, The",G1,3
"Gambia, The",G4,2
"Gambia, The",J1,1
"Gambia, The",J2,1
"Gambia, The",K1,15
"Gambia, The",K2,2
"Gambia, The",O2,1
Georgia,A2,32
Georgia,A3,1
Georgia,B1/B2,526
Georgia,C1/D,49
Georgia,F1,12
Georgia,F2,3
Georgia,G2,1
Georgia,G4,5
Georgia,H1B,4
Georgia,H4,1
Georgia,I,3
Georgia,J1,17
Georgia,J2,3
Georgia,K1,1
Georgia,L1,3
Georgia,L2,3
Georgia,O1,1
Georgia,P1,2
Georgia,P4,2
Germany,A1,4
Germany,A2,50
Germany,B1,8
Germany,B1/B2,"1,902"
Germany,B2,1
Germany,C1,2
Germany,C1/D,502
Germany,E1,24
Germany,E2,289
Germany,E3,1
Germany,E3D,1
Germany,F1,324
Germany,G1,8
Germany,G2,11
Germany,G4,29
Germany,H1B,98
Germany,H4,13
Germany,I,46
Germany,J1,683
Germany,J2,27
Germany,K1,28
Germany,K2,2
Germany,L1,200
Germany,L2,125
Germany,M1,11
Germany,NATO2,31
Germany,NATO4,1
Germany,NATO6,24
Germany,O1,70
Germany,O2,39
Germany,O3,9
Germany,P1,69
Germany,P2,1
Germany,P3,6
Germany,P4,9
Germany,Q1,3
Germany,R1,2
Germany,TD,1
Ghana,A1,4
Ghana,A2,47
Ghana,B1,2
Ghana,B1/B2,"1,349"
Ghana,B2,3
Ghana,C1/D,13
Ghana,C2,1
Ghana,F1,551
Ghana,F2,76
Ghana,G1,1
Ghana,G2,3
Ghana,G4,19
Ghana,H1B,33
Ghana,H4,9
Ghana,J1,26
Ghana,J2,19
Ghana,K1,13
Ghana,K2,2
Ghana,L1,3
Ghana,L2,1
Ghana,O2,2
Ghana,P1,3
Ghana,P3,4
Ghana,R1,4
Gibraltar,J1,1
Great Britain and Northern Ireland,A1,11
Great Britain and Northern Ireland,A2,216
Great Britain and Northern Ireland,A3,1
Great Britain and Northern Ireland,B1,100
Great Britain and Northern Ireland,B1/B2,"1,717"
Great Britain and Northern Ireland,B2,3
Great Britain and Northern Ireland,C1/D,389
Great Britain and Northern Ireland,C3,2
Great Britain and Northern Ireland,D,1
Great Britain and Northern Ireland,E1,9
Great Britain and Northern Ireland,E2,184
Great Britain and Northern Ireland,E3D,14
Great Britain and Northern Ireland,F1,220
Great Britain and Northern Ireland,F2,2
Great Britain and Northern Ireland,G1,5
Great Britain and Northern Ireland,G2,9
Great Britain and Northern Ireland,G4,29
Great Britain and Northern Ireland,H1B,234
Great Britain and Northern Ireland,H2B,4
Great Britain and Northern Ireland,H3,2
Great Britain and Northern Ireland,H4,43
Great Britain and Northern Ireland,I,99
Great Britain and Northern Ireland,J1,311
Great Britain and Northern Ireland,J2,21
Great Britain and Northern Ireland,K1,92
Great Britain and Northern Ireland,K2,6
Great Britain and Northern Ireland,L1,326
Great Britain and Northern Ireland,L2,220
Great Britain and Northern Ireland,M1,26
Great Britain and Northern Ireland,NATO2,37
Great Britain and Northern Ireland,NATO4,1
Great Britain and Northern Ireland,NATO6,3
Great Britain and Northern Ireland,O1,234
Great Britain and Northern Ireland,O2,119
Great Britain and Northern Ireland,O3,50
Great Britain and Northern Ireland,P1,159
Great Britain and Northern Ireland,P3,19
Great Britain and Northern Ireland,P4,14
Great Britain and Northern Ireland,Q1,4
Great Britain and Northern Ireland,R1,14
Great Britain and Northern Ireland,R2,17
Greece,A1,2
Greece,A2,10
Greece,B1/B2,100
Greece,C1/D,100
Greece,E1,4
Greece,F1,83
Greece,F2,3
Greece,G3,1
Greece,G4,5
Greece,H1B,116
Greece,H2B,2
Greece,H4,4
Greece,J1,62
Greece,J2,2
Greece,K1,3
Greece,L1,25
Greece,L2,2
Greece,NATO2,3
Greece,O1,8
Greece,O2,3
Greece,P1,4
Grenada,A2,3
Grenada,B1/B2,257
Grenada,C1,1
Grenada,C1/D,7
Grenada,F1,6
Grenada,H1B,5
Grenada,J1,1
Grenada,O1,1
Grenada,P1,1
Guatemala,A1,5
Guatemala,A2,7
Guatemala,B1,5
Guatemala,B1/B2,"7,008"
Guatemala,C1,15
Guatemala,C1/D,7
Guatemala,C3,1
Guatemala,F1,150
Guatemala,F2,2
Guatemala,G1,3
Guatemala,G4,4
Guatemala,G5,1
Guatemala,H1B,14
Guatemala,H2A,107
Guatemala,H2B,442
Guatemala,H4,5
Guatemala,J1,39
Guatemala,K1,23
Guatemala,K2,8
Guatemala,L1,6
Guatemala,L2,11
Guatemala,M1,4
Guatemala,O1,1
Guatemala,O2,1
Guatemala,P1,3
Guatemala,R1,3
Guatemala,T2,3
Guatemala,T3,3
Guatemala,U2,2
Guatemala,U3,16
Guatemala,U4,2
Guinea,A2,2
Guinea,B1,2
Guinea,B1/B2,138
Guinea,F1,5
Guinea,G2,7
Guinea,G5,1
Guinea,J1,1
Guinea,K1,9
Guinea-Bissau,A2,1
Guinea-Bissau,B1/B2,6
Guinea-Bissau,F1,1
Guinea-Bissau,G2,1
Guinea-Bissau,H1B,1
Guyana,B1,4
Guyana,B1/B2,"1,602"
Guyana,B2,1
Guyana,C1/D,9
Guyana,F1,8
Guyana,G1,1
Guyana,H1B,3
Guyana,H4,6
Guyana,K1,7
Guyana,K2,1
Guyana,L1,1
Haiti,A1,2
Haiti,A2,8
Haiti,B1/B2,487
Haiti,C1,2
Haiti,C1/D,3
Haiti,C3,2
Haiti,F1,12
Haiti,G4,11
Haiti,H1B,1
Haiti,H4,1
Haiti,I,1
Haiti,J1,5
Haiti,K1,34
Haiti,K2,11
Haiti,L1,1
Haiti,P1,2
Haiti,P3,6
Haiti,R1,1
Haiti,TN,1
Honduras,A1,3
Honduras,A2,14
Honduras,A3,1
Honduras,B1,4
Honduras,B1/B2,"4,909"
Honduras,B2,6
Honduras,C1,6
Honduras,C1/D,103
Honduras,E2,5
Honduras,F1,86
Honduras,F2,2
Honduras,G1,4
Honduras,G4,6
Honduras,G5,1
Honduras,H1B,27
Honduras,H2A,51
Honduras,H2B,406
Honduras,H4,4
Honduras,I,5
Honduras,J1,45
Honduras,J2,5
Honduras,K1,25
Honduras,K2,3
Honduras,L1,3
Honduras,L2,1
Honduras,O1,2
Honduras,O2,1
Honduras,O3,3
Honduras,P1,1
Honduras,Q1,1
Honduras,R1,1
Honduras,R2,3
Honduras,TD,2
Honduras,U3,2
Hong Kong S.A.R.,B1,5
Hong Kong S.A.R.,B1/B2,"3,677"
Hong Kong S.A.R.,C1,2
Hong Kong S.A.R.,C1/D,92
Hong Kong S.A.R.,E2,1
Hong Kong S.A.R.,E2C,1
Hong Kong S.A.R.,E3D,3
Hong Kong S.A.R.,F1,148
Hong Kong S.A.R.,F2,2
Hong Kong S.A.R.,G2,1
Hong Kong S.A.R.,G4,2
Hong Kong S.A.R.,H1B,59
Hong Kong S.A.R.,H3,1
Hong Kong S.A.R.,H4,6
Hong Kong S.A.R.,I,4
Hong Kong S.A.R.,J1,92
Hong Kong S.A.R.,J2,5
Hong Kong S.A.R.,K1,4
Hong Kong S.A.R.,L1,10
Hong Kong S.A.R.,L2,16
Hong Kong S.A.R.,M1,23
Hong Kong S.A.R.,O1,12
Hong Kong S.A.R.,O2,38
Hong Kong S.A.R.,O3,2
Hong Kong S.A.R.,P1,32
Hong Kong S.A.R.,P3,1
Hungary,A1,4
Hungary,A2,1
Hungary,B1,2
Hungary,B1/B2,190
Hungary,C1,1
Hungary,C1/D,13
Hungary,E2,2
Hungary,F1,21
Hungary,F2,1
Hungary,G4,5
Hungary,H1B,10
Hungary,H2B,2
Hungary,H4,6
Hungary,J1,56
Hungary,J2,14
Hungary,K1,4
Hungary,L1,23
Hungary,L2,10
Hungary,M1,1
Hungary,NATO2,4
Hungary,O1,5
Hungary,O2,1
Hungary,O3,1
Hungary,P1,2
Hungary,R1,2
Iceland,A1,1
Iceland,A2,1
Iceland,B1/B2,37
Iceland,C1/D,27
Iceland,F1,9
Iceland,H1B,3
Iceland,H4,2
Iceland,J1,4
Iceland,L1,1
Iceland,L2,4
Iceland,O1,2
Iceland,P1,1
India,A1,14
India,A2,123
India,A3,8
India,B1,32
India,B1/B2,"49,013"
India,B2,10
India,C1,168
India,C1/D,"3,932"
India,C3,4
India,E2,5
India,E3D,11
India,F1,"15,826"
India,F2,462
India,G1,9
India,G2,3
India,G4,68
India,G5,3
India,H1B,"15,972"
India,H3,2
India,H4,"5,641"
India,I,5
India,J1,"1,191"
India,J2,345
India,K1,100
India,K2,6
India,L1,"1,086"
India,L2,953
India,M1,99
India,O1,213
India,O2,33
India,O3,47
India,P1,7
India,P3,22
India,R1,66
India,R2,116
India,T3,1
India,TD,5
India,U2,2
India,U3,6
Indonesia,A1,14
Indonesia,A2,164
Indonesia,A3,4
Indonesia,B1,33
Indonesia,B1/B2,"3,118"
Indonesia,B2,1
Indonesia,C1,8
Indonesia,C1/D,"1,455"
Indonesia,E2,1
Indonesia,E3D,1
Indonesia,F1,179
Indonesia,F2,24
Indonesia,G1,25
Indonesia,G2,16
Indonesia,G4,12
Indonesia,G5,1
Indonesia,H1B,91
Indonesia,H4,5
Indonesia,J1,182
Indonesia,J2,40
Indonesia,K1,32
Indonesia,K2,2
Indonesia,L1,11
Indonesia,L2,11
Indonesia,M1,1
Indonesia,O1,7
Indonesia,P1,1
Indonesia,P3,1
Indonesia,R1,5
Indonesia,R2,2
Iran,B1/B2,675
Iran,B2,1
Iran,F1,67
Iran,F2,19
Iran,G1,1
Iran,G2,3
Iran,G4,8
Iran,H1B,5
Iran,H4,4
Iran,J1,22
Iran,J2,14
Iran,K1,39
Iran,K2,2
Iran,L2,1
Iran,O1,1
Iran,O2,1
Iran,TD,2
Iraq,A1,11
Iraq,A2,15
Iraq,B1/B2,252
Iraq,C1/D,2
Iraq,F1,16
Iraq,F2,2
Iraq,G1,4
Iraq,G4,1
Iraq,H1B,6
Iraq,H4,2
Iraq,J1,18
Iraq,J2,4
Iraq,K1,47
Iraq,L2,1
Iraq,P3,2
Ireland,A1,4
Ireland,A2,14
Ireland,B1,7
Ireland,B1/B2,197
Ireland,C1/D,74
Ireland,E1,2
Ireland,E2,15
Ireland,E3D,4
Ireland,F1,84
Ireland,G1,1
Ireland,G2,1
Ireland,G4,6
Ireland,H1B,77
Ireland,H3,4
Ireland,H4,8
Ireland,I,2
Ireland,J1,141
Ireland,J2,5
Ireland,K1,6
Ireland,L1,77
Ireland,L2,18
Ireland,M1,2
Ireland,O1,27
Ireland,O2,10
Ireland,O3,2
Ireland,P1,31
Ireland,P3,19
Ireland,P4,1
Ireland,Q1,1
Ireland,R1,2
Ireland,R2,2
Israel,A2,104
Israel,B1,1
Israel,B1/B2,"1,944"
Israel,B2,4
Israel,C1,1
Israel,C1/D,41
Israel,E1,16
Israel,E2,24
Israel,F1,66
Israel,F2,7
Israel,G4,1
Israel,H1B,12
Israel,H2B,1
Israel,H4,11
Israel,I,1
Israel,J1,49
Israel,J2,37
Israel,L1,64
Israel,L2,97
Israel,M1,6
Israel,O1,13
Israel,O2,3
Israel,O3,3
Israel,P1,1
Israel,R1,3
Israel,R2,3
Italy,A1,5
Italy,A2,48
Italy,A3,1
Italy,B1,8
Italy,B1/B2,905
Italy,B2,1
Italy,C1/D,161
Italy,E1,15
Italy,E2,95
Italy,E3D,1
Italy,F1,795
Italy,F2,4
Italy,G2,11
Italy,G3,1
Italy,G4,28
Italy,H1B,137
Italy,H4,7
Italy,I,18
Italy,J1,780
Italy,J2,22
Italy,K1,3
Italy,K2,1
Italy,L1,91
Italy,L2,45
Italy,M1,6
Italy,NATO2,47
Italy,NATO6,1
Italy,O1,69
Italy,O2,6
Italy,O3,11
Italy,P1,28
Italy,P3,4
Italy,P4,2
Italy,Q1,8
Italy,R1,4
Italy,R2,1
Italy,U1,1
Jamaica,A1,3
Jamaica,A2,6
Jamaica,B1,18
Jamaica,B1/B2,"6,951"
Jamaica,B2,1
Jamaica,C1,14
Jamaica,C1/D,123
Jamaica,C3,16
Jamaica,F1,116
Jamaica,F2,5
Jamaica,G4,8
Jamaica,H1B,77
Jamaica,H2A,28
Jamaica,H2B,321
Jamaica,H4,67
Jamaica,I,2
Jamaica,J1,34
Jamaica,J2,78
Jamaica,K1,29
Jamaica,K2,9
Jamaica,L1,3
Jamaica,L2,3
Jamaica,M1,5
Jamaica,O1,5
Jamaica,O2,7
Jamaica,O3,5
Jamaica,P1,2
Jamaica,P3,23
Jamaica,R1,1
Jamaica,T3,1
Jamaica,TD,1
Japan,A1,20
Japan,A2,677
Japan,B1,15
Japan,B1/B2,377
Japan,C1,7
Japan,C1/D,363
Japan,C3,62
Japan,CW1,1
Japan,CW2,1
Japan,E1,141
Japan,E2,"1,252"
Japan,E3D,3
Japan,F1,700
Japan,F2,15
Japan,G1,3
Japan,G2,3
Japan,G4,20
Japan,H1B,98
Japan,H2B,27
Japan,H4,41
Japan,I,73
Japan,J1,381
Japan,J2,175
Japan,K1,32
Japan,K2,2
Japan,L1,272
Japan,L2,304
Japan,M1,39
Japan,O1,49
Japan,O2,9
Japan,O3,14
Japan,P1,46
Japan,P3,10
Japan,P4,8
Japan,Q1,35
Japan,R1,4
Japan,TD,3
Jordan,A1,3
Jordan,A2,153
Jordan,B1,1
Jordan,B1/B2,"2,212"
Jordan,B2,1
Jordan,C1,2
Jordan,C1/D,22
Jordan,E2,2
Jordan,F1,51
Jordan,F2,14
Jordan,G4,13
Jordan,H1B,33
Jordan,H4,12
Jordan,J1,30
Jordan,J2,12
Jordan,K1,18
Jordan,L1,8
Jordan,L2,3
Jordan,O1,1
Jordan,O3,1
Kazakhstan,A2,6
Kazakhstan,B1/B2,"1,571"
Kazakhstan,C1,9
Kazakhstan,D,25
Kazakhstan,E2,11
Kazakhstan,F1,79
Kazakhstan,F2,32
Kazakhstan,G1,1
Kazakhstan,G4,2
Kazakhstan,H1B,23
Kazakhstan,H4,3
Kazakhstan,J1,21
Kazakhstan,J2,9
Kazakhstan,K1,7
Kazakhstan,L1,7
Kazakhstan,L2,13
Kazakhstan,M1,1
Kazakhstan,O1,6
Kazakhstan,O3,10
Kazakhstan,P1,4
Kazakhstan,TD,1
Kenya,A1,11
Kenya,A2,10
Kenya,B1,17
Kenya,B1/B2,765
Kenya,B2,3
Kenya,C1,2
Kenya,C1/D,60
Kenya,E3D,1
Kenya,F1,264
Kenya,F2,34
Kenya,G1,1
Kenya,G2,4
Kenya,G4,29
Kenya,H1B,37
Kenya,H4,15
Kenya,J1,33
Kenya,J2,55
Kenya,K1,59
Kenya,K2,11
Kenya,L1,5
Kenya,L2,2
Kenya,O1,2
Kenya,P3,1
Kenya,R1,2
Kiribati,B1/B2,3
Kiribati,F1,1
Kiribati,G2,1
"Korea, North",G3,7
"Korea, North",G4,1
"Korea, South",A1,12
"Korea, South",A2,184
"Korea, South",B1/B2,"1,329"
"Korea, South",C1/D,282
"Korea, South",CW1,7
"Korea, South",CW2,4
"Korea, South",E1,9
"Korea, South",E2,728
"Korea, South",E2C,1
"Korea, South",E3D,3
"Korea, South",F1,"1,411"
"Korea, South",F2,93
"Korea, South",G4,11
"Korea, South",H1B,380
"Korea, South",H2B,1
"Korea, South",H4,74
"Korea, South",I,12
"Korea, South",J1,"1,629"
"Korea, South",J2,499
"Korea, South",K1,17
"Korea, South",L1,261
"Korea, South",L2,388
"Korea, South",M1,54
"Korea, South",O1,45
"Korea, South",O2,4
"Korea, South",O3,12
"Korea, South",P1,27
"Korea, South",P3,2
"Korea, South",R1,11
"Korea, South",R2,9
"Korea, South",TD,2
Kosovo,A1,4
Kosovo,A2,16
Kosovo,B1/B2,576
Kosovo,C1/D,1
Kosovo,F1,11
Kosovo,G4,2
Kosovo,H1B,2
Kosovo,J1,10
Kosovo,K1,6
Kosovo,O3,1
Kosovo,P3,1
Kuwait,A1,6
Kuwait,A2,12
Kuwait,B1/B2,571
Kuwait,C1/D,1
Kuwait,F1,102
Kuwait,F2,4
Kuwait,G1,3
Kuwait,H1B,2
Kuwait,J1,3
Kuwait,L1,1
Kuwait,L2,3
Kuwait,O1,1
Kyrgyzstan,A1,1
Kyrgyzstan,B1/B2,479
Kyrgyzstan,C1,18
Kyrgyzstan,D,24
Kyrgyzstan,E2,3
Kyrgyzstan,F1,157
Kyrgyzstan,F2,3
Kyrgyzstan,G1,4
Kyrgyzstan,G4,8
Kyrgyzstan,J1,11
Kyrgyzstan,K1,2
Kyrgyzstan,M1,1
Kyrgyzstan,R1,1
Kyrgyzstan,R2,4
Laos,A1,3
Laos,A2,2
Laos,B1/B2,74
Laos,C1,1
Laos,F1,10
Laos,G1,2
Laos,G2,2
Laos,J1,9
Laos,J2,1
Laos,K1,14
Latvia,A1,4
Latvia,A2,3
Latvia,B1/B2,57
Latvia,B2,1
Latvia,C1/D,55
Latvia,E2,2
Latvia,F1,4
Latvia,H1B,3
Latvia,I,1
Latvia,J1,5
Latvia,K1,3
Latvia,L1,1
Latvia,L2,1
Latvia,NATO2,4
Latvia,O1,3
Latvia,O3,2
Latvia,P1,3
Latvia,P3,1
Latvia,P4,2
Lebanon,A2,4
Lebanon,B1,3
Lebanon,B1/B2,"1,934"
Lebanon,C1/D,4
Lebanon,E2,1
Lebanon,F1,22
Lebanon,F2,2
Lebanon,G2,3
Lebanon,G4,3
Lebanon,H1B,33
Lebanon,H4,5
Lebanon,I,4
Lebanon,J1,46
Lebanon,J2,1
Lebanon,K1,51
Lebanon,K2,1
Lebanon,L1,5
Lebanon,L2,7
Lebanon,M1,2
Lebanon,O1,2
Lebanon,O2,1
Lebanon,P3,12
Lesotho,B1/B2,9
Lesotho,C1/D,1
Lesotho,F1,2
Lesotho,G4,2
Liberia,A1,4
Liberia,A2,4
Liberia,B1/B2,117
Liberia,F1,17
Liberia,G1,4
Liberia,G4,2
Liberia,H1B,2
Liberia,J1,2
Liberia,K1,11
Liberia,K2,4
Libya,A1,10
Libya,A2,15
Libya,B1/B2,64
Libya,F1,9
Libya,F2,4
Libya,G1,12
Libya,G2,5
Libya,G4,3
Libya,H1B,3
Libya,H4,2
Libya,L2,5
Liechtenstein,B1/B2,1
Liechtenstein,C1/D,1
Liechtenstein,J1,1
Liechtenstein,M1,1
Lithuania,A2,2
Lithuania,B1,4
Lithuania,B1/B2,37
Lithuania,C1/D,19
Lithuania,E2,9
Lithuania,F1,18
Lithuania,G4,2
Lithuania,H1B,4
Lithuania,J1,11
Lithuania,K1,2
Lithuania,L1,8
Lithuania,L2,3
Lithuania,NATO2,4
Lithuania,NATO4,1
Lithuania,O1,4
Lithuania,P1,2
Luxembourg,B1/B2,14
Luxembourg,C1/D,1
Luxembourg,F1,3
Luxembourg,H1B,1
Luxembourg,J1,9
Luxembourg,L1,1
Luxembourg,L2,2
Macau S.A.R.,B1/B2,127
Macau S.A.R.,F1,12
Macau S.A.R.,H1B,3
Macau S.A.R.,J1,4
Macau S.A.R.,L1,1
Macau S.A.R.,O2,1
Madagascar,A2,12
Madagascar,B1/B2,118
Madagascar,C1,33
Madagascar,D,18
Madagascar,F1,9
Madagascar,G1,1
Madagascar,G2,1
Madagascar,G4,6
Madagascar,H1B,2
Madagascar,H4,2
Madagascar,J1,7
Madagascar,K1,2
Madagascar,O1,2
Madagascar,O2,2
Madagascar,P3,1
Malawi,A2,5
Malawi,B1/B2,61
Malawi,C1,1
Malawi,F1,43
Malawi,F2,6
Malawi,G4,1
Malawi,J1,3
Malawi,J2,1
Malaysia,A2,10
Malaysia,B1,67
Malaysia,B1/B2,"1,927"
Malaysia,B2,1
Malaysia,C1/D,192
Malaysia,F1,111
Malaysia,F2,1
Malaysia,G2,1
Malaysia,G4,4
Malaysia,H1B,71
Malaysia,H3,1
Malaysia,H4,8
Malaysia,J1,67
Malaysia,J2,9
Malaysia,K1,3
Malaysia,L1,50
Malaysia,L2,15
Malaysia,M1,2
Malaysia,O1,2
Malaysia,O3,1
Malaysia,P1,1
Malaysia,R1,2
Maldives,A2,2
Maldives,B1/B2,7
Maldives,C1/D,1
Maldives,G2,5
Maldives,G4,1
Maldives,H4,1
Maldives,K1,2
Maldives,M1,2
Mali,A2,1
Mali,B1,1
Mali,B1/B2,164
Mali,F1,6
Mali,G2,1
Mali,G4,2
Mali,H1B,1
Mali,J1,1
Mali,K1,2
Malta,A1,1
Malta,B1/B2,8
Malta,C1/D,1
Malta,F1,2
Malta,J1,1
Malta,L1,1
Malta,O1,1
Malta,R1,1
Marshall Islands,A1,2
Marshall Islands,C1,2
Mauritania,A1,1
Mauritania,A2,2
Mauritania,B1/B2,59
Mauritania,F1,3
Mauritania,G2,1
Mauritania,G4,1
Mauritania,J1,1
Mauritania,K1,2
Mauritius,B1/B2,120
Mauritius,C1/D,79
Mauritius,F1,14
Mauritius,G4,1
Mauritius,H1B,7
Mauritius,H2B,1
Mauritius,J1,7
Mauritius,K1,1
Mauritius,O1,1
Mauritius,P3,2
Mexico,A1,44
Mexico,A2,96
Mexico,A3,1
Mexico,B1,264
Mexico,B1/B2,"1,007"
Mexico,B2,3
Mexico,BBBCC,"148,720"
Mexico,BBBCV,"3,278"
Mexico,C1,4
Mexico,C1/D,244
Mexico,C3,1
Mexico,D,1
Mexico,E1,13
Mexico,E2,107
Mexico,E3D,2
Mexico,F1,438
Mexico,F2,31
Mexico,G4,49
Mexico,G5,1
Mexico,H1B,280
Mexico,H2A,"7,737"
Mexico,H2B,"2,644"
Mexico,H3,17
Mexico,H4,351
Mexico,I,39
Mexico,J1,403
Mexico,J2,39
Mexico,K1,386
Mexico,K2,109
Mexico,L1,251
Mexico,L2,281
Mexico,M1,14
Mexico,M2,4
Mexico,O1,54
Mexico,O2,125
Mexico,O3,17
Mexico,P1,326
Mexico,P3,48
Mexico,P4,23
Mexico,Q1,11
Mexico,R1,34
Mexico,R2,17
Mexico,T2,2
Mexico,T3,5
Mexico,T4,1
Mexico,T6,2
Mexico,TD,"1,008"
Mexico,TN,"1,367"
Mexico,U1,8
Mexico,U2,5
Mexico,U3,39
"Micronesia, Federated States of",A2,1
Moldova,A1,1
Moldova,A2,1
Moldova,B1,5
Moldova,B1/B2,193
Moldova,C1/D,3
Moldova,F1,3
Moldova,F2,1
Moldova,G2,1
Moldova,G4,6
Moldova,J1,16
Moldova,J2,3
Moldova,K1,3
Moldova,L1,1
Moldova,O1,1
Moldova,P1,1
Moldova,P3,2
Monaco,J1,1
Mongolia,A1,6
Mongolia,A2,8
Mongolia,B1,1
Mongolia,B1/B2,"1,162"
Mongolia,B2,2
Mongolia,C1/D,3
Mongolia,E2,6
Mongolia,F1,53
Mongolia,F2,5
Mongolia,G4,3
Mongolia,H1B,7
Mongolia,H4,7
Mongolia,I,5
Mongolia,J1,24
Mongolia,J2,10
Mongolia,K1,1
Mongolia,L1,5
Mongolia,L2,12
Mongolia,P1,1
Mongolia,P3,2
Mongolia,P4,5
Montenegro,A1,3
Montenegro,A2,14
Montenegro,B1,1
Montenegro,B1/B2,358
Montenegro,C1/D,126
Montenegro,F1,12
Montenegro,H1B,3
Montenegro,J1,7
Montenegro,J2,1
Montenegro,K1,2
Montenegro,P3,5
Montserrat,C1/D,1
Morocco,A1,6
Morocco,A2,47
Morocco,B1,1
Morocco,B1/B2,"2,178"
Morocco,C1,1
Morocco,C1/D,69
Morocco,E2,2
Morocco,F1,80
Morocco,F2,1
Morocco,G1,1
Morocco,G4,8
Morocco,H1B,17
Morocco,H4,1
Morocco,I,2
Morocco,J1,42
Morocco,J2,4
Morocco,K1,17
Morocco,L2,1
Morocco,M1,1
Morocco,O1,1
Morocco,P1,2
Morocco,P4,1
Morocco,R2,1
Mozambique,A1,1
Mozambique,A2,5
Mozambique,B1,1
Mozambique,B1/B2,92
Mozambique,C1,9
Mozambique,F1,15
Mozambique,G1,5
Mozambique,G2,1
Mozambique,G4,9
Mozambique,G5,1
Mozambique,H1B,1
Mozambique,J1,7
Mozambique,K1,2
Namibia,B1/B2,38
Namibia,C1/D,3
Namibia,F1,5
Namibia,G2,2
Namibia,J1,3
Namibia,L1,1
Nauru,A2,1
Nauru,B1/B2,1
Nauru,B2,1
Nepal,A1,3
Nepal,A2,4
Nepal,A3,2
Nepal,B1/B2,"1,907"
Nepal,C1,18
Nepal,C1/D,27
Nepal,CW1,5
Nepal,CW2,1
Nepal,E2,1
Nepal,F1,"1,604"
Nepal,F2,57
Nepal,G2,1
Nepal,G4,26
Nepal,G5,2
Nepal,H1B,99
Nepal,H4,28
Nepal,J1,54
Nepal,J2,6
Nepal,K1,16
Nepal,L1,5
Nepal,L2,8
Nepal,M1,2
Nepal,O1,2
Nepal,O2,1
Nepal,P1,3
Nepal,P3,9
Nepal,R1,2
Nepal,R2,1
Netherlands,A1,3
Netherlands,A2,27
Netherlands,B1,23
Netherlands,B1/B2,362
Netherlands,C1/D,53
Netherlands,E2,11
Netherlands,F1,75
Netherlands,F2,1
Netherlands,G2,2
Netherlands,G3,1
Netherlands,G4,7
Netherlands,H1B,25
Netherlands,H4,3
Netherlands,I,7
Netherlands,J1,208
Netherlands,J2,7
Netherlands,K1,4
Netherlands,L1,59
Netherlands,L2,44
Netherlands,M1,4
Netherlands,NATO2,5
Netherlands,NATO4,1
Netherlands,NATO6,3
Netherlands,O1,20
Netherlands,O2,11
Netherlands,O3,5
Netherlands,P1,10
Netherlands,R2,1
New Zealand,A2,55
New Zealand,B1,2
New Zealand,B1/B2,138
New Zealand,C1/D,51
New Zealand,C3,12
New Zealand,E2,14
New Zealand,E3D,6
New Zealand,F1,56
New Zealand,G4,2
New Zealand,H1B,31
New Zealand,H2A,1
New Zealand,H2B,1
New Zealand,H3,1
New Zealand,H4,2
New Zealand,I,3
New Zealand,J1,85
New Zealand,J2,6
New Zealand,K1,4
New Zealand,L1,17
New Zealand,L2,14
New Zealand,M1,2
New Zealand,O1,28
New Zealand,O2,9
New Zealand,O3,10
New Zealand,P1,13
New Zealand,P2,1
New Zealand,P4,8
New Zealand,R1,2
Nicaragua,B1,73
Nicaragua,B1/B2,917
Nicaragua,C1,9
Nicaragua,C1/D,15
Nicaragua,F1,24
Nicaragua,F2,1
Nicaragua,G1,1
Nicaragua,G4,1
Nicaragua,G5,1
Nicaragua,H1B,5
Nicaragua,H2A,212
Nicaragua,H2B,4
Nicaragua,H4,1
Nicaragua,J1,7
Nicaragua,J2,3
Nicaragua,K1,8
Nicaragua,K2,1
Nicaragua,L1,2
Nicaragua,O1,1
Nicaragua,P1,2
Nicaragua,P3,1
Nicaragua,R1,1
Nicaragua,TD,2
Niger,A1,4
Niger,A2,3
Niger,B1,2
Niger,B1/B2,57
Niger,F1,13
Niger,G1,1
Niger,G2,2
Niger,G4,7
Niger,J1,16
Nigeria,A1,22
Nigeria,A2,26
Nigeria,B1,7
Nigeria,B1/B2,"4,164"
Nigeria,B2,2
Nigeria,C1,4
Nigeria,C1/D,18
Nigeria,C2,1
Nigeria,F1,623
Nigeria,F2,58
Nigeria,G2,16
Nigeria,G4,39
Nigeria,H1B,118
Nigeria,H4,18
Nigeria,I,1
Nigeria,J1,38
Nigeria,J2,17
Nigeria,K1,125
Nigeria,K2,7
Nigeria,L1,11
Nigeria,L2,9
Nigeria,M1,3
Nigeria,O1,8
Nigeria,O2,2
Nigeria,P3,1
Nigeria,R1,6
Nigeria,R2,1
*Non-Nationality Based Issuances,B1/B2,102
*Non-Nationality Based Issuances,C1/D,11
*Non-Nationality Based Issuances,E2,1
*Non-Nationality Based Issuances,F1,13
*Non-Nationality Based Issuances,G4,14
*Non-Nationality Based Issuances,H1B,1
*Non-Nationality Based Issuances,K1,7
*Non-Nationality Based Issuances,P3,1
North Macedonia,A1,2
North Macedonia,A2,14
North Macedonia,B1,14
North Macedonia,B1/B2,351
North Macedonia,C1/D,5
North Macedonia,F1,3
North Macedonia,G1,2
North Macedonia,G4,2
North Macedonia,H1B,3
North Macedonia,H2B,43
North Macedonia,J1,2
North Macedonia,K1,4
North Macedonia,L2,1
North Macedonia,O1,1
North Macedonia,P3,11
Norway,A2,14
Norway,B1,1
Norway,B1/B2,182
Norway,C1,2
Norway,C1/D,94
Norway,E2,10
Norway,F1,133
Norway,G1,4
Norway,G2,2
Norway,G4,1
Norway,H1B,11
Norway,H4,2
Norway,I,2
Norway,J1,43
Norway,J2,5
Norway,K1,6
Norway,L1,4
Norway,L2,4
Norway,M1,8
Norway,NATO2,14
Norway,O1,7
Norway,O3,1
Norway,P1,8
Norway,P2,1
Norway,Q1,4
Oman,A2,20
Oman,B1/B2,129
Oman,C1/D,5
Oman,F1,22
Oman,G4,1
Oman,H1B,2
Oman,J1,2
Oman,J2,3
Pakistan,A1,20
Pakistan,A2,99
Pakistan,A3,2
Pakistan,B1,3
Pakistan,B1/B2,"8,132"
Pakistan,C1,6
Pakistan,C1/D,46
Pakistan,E2,6
Pakistan,E3D,1
Pakistan,F1,369
Pakistan,F2,47
Pakistan,G1,8
Pakistan,G4,11
Pakistan,H1B,197
Pakistan,H4,113
Pakistan,I,1
Pakistan,J1,96
Pakistan,J2,41
Pakistan,K1,55
Pakistan,L1,41
Pakistan,L2,47
Pakistan,M1,2
Pakistan,O1,7
Pakistan,O2,1
Pakistan,O3,5
Pakistan,P3,7
Pakistan,P4,3
Pakistan,R1,5
Pakistan,R2,4
Pakistan,TD,4
Palau,B1/B2,1
Palestinian Authority Travel Document,B1,3
Palestinian Authority Travel Document,B1/B2,262
Palestinian Authority Travel Document,F1,15
Palestinian Authority Travel Document,G4,2
Palestinian Authority Travel Document,H1B,4
Palestinian Authority Travel Document,H4,3
Palestinian Authority Travel Document,J1,9
Palestinian Authority Travel Document,J2,5
Palestinian Authority Travel Document,K1,9
Palestinian Authority Travel Document,O1,1
Palestinian Authority Travel Document,O3,5
Panama,A2,14
Panama,B1,9
Panama,B1/B2,"2,470"
Panama,C1,22
Panama,C1/D,68
Panama,E2,1
Panama,F1,55
Panama,F2,1
Panama,G4,3
Panama,H1B,13
Panama,I,1
Panama,J1,14
Panama,J2,2
Panama,K1,9
Panama,K2,1
Panama,L1,4
Panama,L2,4
Panama,M1,1
Panama,O1,3
Panama,P1,5
Panama,P4,1
Papua New Guinea,A2,1
Papua New Guinea,B1,3
Papua New Guinea,B1/B2,25
Papua New Guinea,C1,2
Papua New Guinea,C3,2
Papua New Guinea,D,1
Papua New Guinea,F1,16
Papua New Guinea,G4,6
Papua New Guinea,J1,1
Paraguay,A1,1
Paraguay,A2,5
Paraguay,B1,13
Paraguay,B1/B2,842
Paraguay,C1,1
Paraguay,C1/D,2
Paraguay,F1,22
Paraguay,G2,1
Paraguay,G4,5
Paraguay,G5,1
Paraguay,H1B,4
Paraguay,J1,67
Paraguay,K1,6
Paraguay,L1,2
Paraguay,L2,2
Paraguay,M1,1
Paraguay,O3,1
Paraguay,P4,1
Peru,A1,2
Peru,A2,14
Peru,B1,63
Peru,B1/B2,"11,168"
Peru,B2,1
Peru,C1,36
Peru,C1/D,140
Peru,F1,272
Peru,F2,11
Peru,G1,3
Peru,G4,24
Peru,G5,7
Peru,H1B,48
Peru,H2A,104
Peru,H2B,5
Peru,H3,2
Peru,H4,7
Peru,I,2
Peru,J1,262
Peru,J2,7
Peru,K1,94
Peru,K2,15
Peru,L1,21
Peru,L2,26
Peru,M1,6
Peru,O1,12
Peru,O2,3
Peru,O3,4
Peru,P1,6
Peru,P3,12
Peru,P4,1
Peru,R1,1
Peru,T2,1
Peru,T3,3
Philippines,A1,3
Philippines,A2,56
Philippines,A3,28
Philippines,B1,310
Philippines,B1/B2,"10,094"
Philippines,B2,1
Philippines,C1,94
Philippines,C1/D,"5,854"
Philippines,CW1,102
Philippines,CW2,35
Philippines,E2,4
Philippines,F1,87
Philippines,F2,7
Philippines,G1,3
Philippines,G2,7
Philippines,G3,1
Philippines,G4,18
Philippines,G5,3
Philippines,H1B,235
Philippines,H2B,100
Philippines,H3,4
Philippines,H4,95
Philippines,I,1
Philippines,J1,148
Philippines,J2,139
Philippines,K1,839
Philippines,K2,197
Philippines,L1,77
Philippines,L2,36
Philippines,M1,1
Philippines,NATO6,1
Philippines,O1,7
Philippines,O3,2
Philippines,R1,10
Philippines,R2,8
Philippines,T2,3
Philippines,T3,6
Philippines,TD,1
Poland,A2,9
Poland,B1,4
Poland,B1/B2,331
Poland,C1/D,120
Poland,E1,1
Poland,E2,6
Poland,F1,44
Poland,G4,1
Poland,H1B,37
Poland,H2B,15
Poland,H3,1
Poland,H4,9
Poland,I,1
Poland,J1,72
Poland,J2,12
Poland,K1,8
Poland,L1,41
Poland,L2,38
Poland,NATO2,37
Poland,NATO4,1
Poland,NATO6,7
Poland,O1,7
Poland,O2,4
Poland,P1,3
Poland,P3,18
Poland,R1,1
Portugal,A2,7
Portugal,B1,5
Portugal,B1/B2,298
Portugal,C1/D,202
Portugal,C3,1
Portugal,E2,1
Portugal,F1,104
Portugal,F2,7
Portugal,G2,4
Portugal,G3,1
Portugal,G4,8
Portugal,H1B,23
Portugal,H2B,4
Portugal,H4,1
Portugal,J1,55
Portugal,J2,8
Portugal,K1,3
Portugal,L1,30
Portugal,L2,19
Portugal,M1,1
Portugal,NATO2,14
Portugal,NATO6,4
Portugal,O1,12
Portugal,O2,2
Portugal,O3,2
Portugal,P1,8
Portugal,P3,1
Portugal,TD,1
Qatar,A1,9
Qatar,A2,41
Qatar,A3,1
Qatar,B1/B2,275
Qatar,C1/D,1
Qatar,F1,23
Qatar,G1,1
Qatar,G2,2
Qatar,G4,1
Qatar,J1,3
Qatar,J2,1
Qatar,O1,1
Romania,A1,3
Romania,A2,14
Romania,B1,49
Romania,B1/B2,"2,416"
Romania,C1,3
Romania,C1/D,195
Romania,E2,9
Romania,F1,21
Romania,G1,2
Romania,G2,6
Romania,G3,1
Romania,G4,1
Romania,H1B,13
Romania,H2B,149
Romania,H4,6
Romania,I,11
Romania,J1,38
Romania,J2,7
Romania,K1,8
Romania,L1,12
Romania,L2,12
Romania,M1,1
Romania,NATO2,10
Romania,P3,21
Romania,P4,1
Romania,R1,1
Romania,R2,3
Russia,A1,12
Russia,A2,67
Russia,B1,4
Russia,B1/B2,"3,401"
Russia,C1/D,269
Russia,E1,2
Russia,E2,1
Russia,F1,171
Russia,F2,15
Russia,G1,2
Russia,G2,4
Russia,G4,38
Russia,H1B,29
Russia,H4,16
Russia,I,1
Russia,J1,24
Russia,J2,7
Russia,K1,34
Russia,K2,13
Russia,L1,27
Russia,L2,40
Russia,M1,1
Russia,O1,28
Russia,O2,1
Russia,O3,18
Russia,P1,18
Russia,P3,4
Russia,P4,16
Russia,R1,1
Russia,R2,1
Rwanda,A1,1
Rwanda,A2,15
Rwanda,B1/B2,136
Rwanda,F1,59
Rwanda,F2,2
Rwanda,G4,9
Rwanda,H1B,11
Rwanda,J1,5
Rwanda,K1,10
Rwanda,L1,1
Rwanda,R1,1
Saint Kitts and Nevis,B1,4
Saint Kitts and Nevis,B1/B2,232
Saint Kitts and Nevis,F1,10
Saint Kitts and Nevis,H1B,2
Saint Kitts and Nevis,J1,1
Saint Kitts and Nevis,K1,1
Saint Kitts and Nevis,L1,1
Saint Lucia,B1/B2,271
Saint Lucia,C1/D,11
Saint Lucia,C3,1
Saint Lucia,F1,5
Saint Lucia,G1,1
Saint Lucia,G4,2
Saint Lucia,H1B,3
Saint Lucia,K1,1
Saint Vincent and the Grenadines,B1,5
Saint Vincent and the Grenadines,B1/B2,108
Saint Vincent and the Grenadines,C1/D,15
Saint Vincent and the Grenadines,K1,2
Saint Vincent and the Grenadines,L1,1
Samoa,B1/B2,9
San Marino,J1,2
Sao Tome and Principe,F1,1
Sao Tome and Principe,G4,1
Saudi Arabia,A1,25
Saudi Arabia,A2,451
Saudi Arabia,B1,4
Saudi Arabia,B1/B2,"3,022"
Saudi Arabia,D,81
Saudi Arabia,F1,421
Saudi Arabia,F2,128
Saudi Arabia,G1,2
Saudi Arabia,G2,2
Saudi Arabia,G4,8
Saudi Arabia,H1B,25
Saudi Arabia,H4,4
Saudi Arabia,J1,28
Saudi Arabia,J2,29
Saudi Arabia,L1,31
Saudi Arabia,L2,68
Saudi Arabia,M1,43
Saudi Arabia,O1,2
Senegal,A1,11
Senegal,A2,28
Senegal,B1/B2,339
Senegal,E2,1
Senegal,F1,24
Senegal,F2,2
Senegal,G1,4
Senegal,G2,31
Senegal,G4,15
Senegal,G5,1
Senegal,H1B,1
Senegal,H4,1
Senegal,I,4
Senegal,J1,5
Senegal,J2,3
Senegal,K1,7
Senegal,O1,2
Senegal,O3,1
Senegal,P1,1
Serbia,A1,7
Serbia,A2,6
Serbia,B1,3
Serbia,B1/B2,"1,290"
Serbia,C1,1
Serbia,C1/D,139
Serbia,F1,105
Serbia,F2,1
Serbia,G4,6
Serbia,H1B,20
Serbia,H2B,190
Serbia,H4,3
Serbia,I,3
Serbia,J1,13
Serbia,K1,7
Serbia,L1,12
Serbia,L2,14
Serbia,O1,5
Serbia,P1,1
Serbia,P3,18
Serbia,P4,2
Seychelles,B1,2
Seychelles,B1/B2,1
Seychelles,C1/D,1
Sierra Leone,A1,12
Sierra Leone,A2,10
Sierra Leone,B1,1
Sierra Leone,B1/B2,101
Sierra Leone,B2,4
Sierra Leone,F1,22
Sierra Leone,F2,4
Sierra Leone,G2,7
Sierra Leone,G4,1
Sierra Leone,J1,2
Sierra Leone,K1,17
Sierra Leone,K2,3
Singapore,A1,3
Singapore,A2,46
Singapore,B1/B2,46
Singapore,C1/D,111
Singapore,C3,1
Singapore,E2,5
Singapore,E3D,1
Singapore,F1,92
Singapore,F2,1
Singapore,G1,1
Singapore,G4,6
Singapore,H1B,94
Singapore,H1B1,116
Singapore,H4,15
Singapore,I,1
Singapore,J1,153
Singapore,J2,7
Singapore,K1,5
Singapore,L1,25
Singapore,L2,24
Singapore,M1,2
Singapore,O1,9
Singapore,O2,1
Singapore,O3,2
Singapore,R1,1
Slovakia,A2,27
Slovakia,B1,17
Slovakia,B1/B2,42
Slovakia,C1/D,5
Slovakia,E2,3
Slovakia,F1,21
Slovakia,G4,2
Slovakia,H1B,6
Slovakia,J1,17
Slovakia,J2,7
Slovakia,L1,8
Slovakia,L2,6
Slovakia,O1,4
Slovenia,A2,2
Slovenia,B1,3
Slovenia,B1/B2,31
Slovenia,C1/D,3
Slovenia,F1,10
Slovenia,G1,6
Slovenia,G4,3
Slovenia,H1B,4
Slovenia,H2B,2
Slovenia,J1,7
Slovenia,L1,2
Slovenia,L2,1
Slovenia,NATO2,5
Slovenia,NATO4,1
Slovenia,O1,1
Solomon Islands,A2,1
Solomon Islands,G4,1
Somalia,A1,1
Somalia,B1/B2,20
Somalia,F1,2
Somalia,G2,7
Somalia,K1,5
South Africa,A1,3
South Africa,A2,7
South Africa,A3,1
South Africa,B1,24
South Africa,B1/B2,"2,433"
South Africa,C1,11
South Africa,C1/D,223
South Africa,C3,4
South Africa,E2,1
South Africa,F1,122
South Africa,F2,5
South Africa,G1,4
South Africa,G2,1
South Africa,G4,2
South Africa,H1B,37
South Africa,H2A,171
South Africa,H2B,81
South Africa,H4,31
South Africa,J1,167
South Africa,J2,4
South Africa,K1,11
South Africa,K2,4
South Africa,L1,40
South Africa,L2,58
South Africa,O1,19
South Africa,O2,8
South Africa,P1,4
South Africa,R1,5
South Africa,R2,11
South Sudan,A2,1
South Sudan,B1/B2,7
South Sudan,F1,6
South Sudan,H1B,1
South Sudan,K1,3
South Sudan,O1,2
Spain,A1,2
Spain,A2,46
Spain,A3,1
Spain,B1,10
Spain,B1/B2,882
Spain,B2,6
Spain,C1,1
Spain,C1/D,132
Spain,E1,1
Spain,E2,99
Spain,F1,315
Spain,F2,5
Spain,G1,3
Spain,G4,25
Spain,G5,1
Spain,H1B,144
Spain,H2B,1
Spain,H3,7
Spain,H4,19
Spain,I,41
Spain,J1,534
Spain,J2,37
Spain,K1,5
Spain,L1,56
Spain,L2,49
Spain,M1,2
Spain,NATO4,1
Spain,O1,38
Spain,O2,6
Spain,O3,7
Spain,P1,27
Spain,P3,3
Spain,P4,2
Spain,R1,1
Sri Lanka,A2,16
Sri Lanka,A3,4
Sri Lanka,B1,3
Sri Lanka,B1/B2,805
Sri Lanka,C1,10
Sri Lanka,C1/D,84
Sri Lanka,F1,59
Sri Lanka,F2,12
Sri Lanka,G1,4
Sri Lanka,G2,4
Sri Lanka,G4,21
Sri Lanka,H1B,27
Sri Lanka,H4,8
Sri Lanka,J1,5
Sri Lanka,J2,4
Sri Lanka,K1,1
Sri Lanka,L1,5
Sri Lanka,L2,6
Sri Lanka,M1,2
Sri Lanka,P3,7
Sri Lanka,R1,4
Sudan,A1,7
Sudan,A2,1
Sudan,A3,2
Sudan,B1,9
Sudan,B1/B2,186
Sudan,C1,1
Sudan,D,2
Sudan,F1,18
Sudan,F2,4
Sudan,G1,6
Sudan,G4,14
Sudan,H1B,2
Sudan,H4,3
Sudan,J1,8
Sudan,J2,1
Sudan,K1,2
Sudan,L1,1
Sudan,L2,1
Sudan,M1,1
Suriname,A2,5
Suriname,B1/B2,412
Suriname,C1,1
Suriname,C1/D,2
Suriname,F1,2
Suriname,G4,2
Suriname,K1,2
Suriname,L1,1
Sweden,A1,1
Sweden,A2,68
Sweden,B1,1
Sweden,B1/B2,290
Sweden,B2,2
Sweden,C1/D,39
Sweden,E2,37
Sweden,E3D,1
Sweden,F1,149
Sweden,G2,1
Sweden,G4,9
Sweden,H1B,14
Sweden,H2B,1
Sweden,H4,3
Sweden,I,6
Sweden,J1,118
Sweden,J2,4
Sweden,K1,6
Sweden,L1,20
Sweden,L2,13
Sweden,O1,14
Sweden,O2,6
Sweden,O3,2
Sweden,P1,14
Sweden,P4,2
Switzerland,A1,1
Switzerland,A2,22
Switzerland,B1,3
Switzerland,B1/B2,341
Switzerland,C1/D,70
Switzerland,C3,1
Switzerland,E2,11
Switzerland,F1,89
Switzerland,G1,1
Switzerland,G2,9
Switzerland,G4,5
Switzerland,H1B,13
Switzerland,I,7
Switzerland,J1,79
Switzerland,J2,7
Switzerland,L1,27
Switzerland,L2,16
Switzerland,M1,9
Switzerland,NATO2,4
Switzerland,O1,21
Switzerland,O2,2
Switzerland,O3,16
Switzerland,P1,6
Switzerland,P3,1
Switzerland,P4,2
Switzerland,Q1,1
Switzerland,R1,1
Syria,B1,1
Syria,B1/B2,251
Syria,C1/D,1
Syria,F1,15
Syria,F2,4
Syria,G4,3
Syria,J1,8
Syria,J2,1
Syria,K1,13
Syria,K2,2
Syria,L1,1
Syria,O1,1
Syria,O2,1
Syria,O3,2
Syria,P3,6
Syria,TD,1
Taiwan,B1/B2,619
Taiwan,C1,3
Taiwan,C1/D,189
Taiwan,E1,52
Taiwan,E2,323
Taiwan,F1,422
Taiwan,F2,19
Taiwan,G4,1
Taiwan,H1B,360
Taiwan,H2A,1
Taiwan,H4,36
Taiwan,I,3
Taiwan,J1,136
Taiwan,J2,19
Taiwan,K1,10
Taiwan,L1,67
Taiwan,L2,37
Taiwan,M1,14
Taiwan,O1,23
Taiwan,O2,5
Taiwan,O3,3
Taiwan,P1,4
Taiwan,P3,1
Taiwan,Q1,1
Taiwan,R1,3
Tajikistan,A2,1
Tajikistan,B1,2
Tajikistan,B1/B2,183
Tajikistan,F1,11
Tajikistan,F2,3
Tajikistan,G1,3
Tajikistan,G4,10
Tajikistan,J1,8
Tajikistan,K1,11
Tajikistan,K2,1
Tajikistan,L1,1
Tajikistan,M1,1
Tajikistan,O3,4
Tanzania,A2,13
Tanzania,B1,3
Tanzania,B1/B2,533
Tanzania,C1,1
Tanzania,C1/D,4
Tanzania,F1,79
Tanzania,F2,6
Tanzania,G2,2
Tanzania,G4,16
Tanzania,H1B,8
Tanzania,H4,1
Tanzania,J1,11
Tanzania,K1,2
Tanzania,L1,1
Tanzania,M1,2
Tanzania,R1,3
Thailand,A1,1
Thailand,A2,78
Thailand,A3,1
Thailand,B1,7
Thailand,B1/B2,"2,144"
Thailand,B2,2
Thailand,C1,4
Thailand,C1/D,141
Thailand,CW1,3
Thailand,E2,15
Thailand,F1,268
Thailand,F2,6
Thailand,G4,2
Thailand,H1B,78
Thailand,H4,1
Thailand,J1,101
Thailand,J2,3
Thailand,K1,55
Thailand,K2,8
Thailand,L1,17
Thailand,L2,6
Thailand,O1,11
Thailand,O3,2
Thailand,R1,7
Timor-Leste,B1/B2,4
Timor-Leste,F1,1
Timor-Leste,G4,1
Timor-Leste,J1,6
Togo,A1,1
Togo,B1/B2,134
Togo,C1,5
Togo,D,3
Togo,F1,19
Togo,G2,3
Togo,G4,8
Togo,K1,18
Togo,K2,2
Tonga,A2,1
Tonga,B1/B2,54
Tonga,C1/D,1
Tonga,F1,1
Tonga,J1,5
Tonga,J2,2
Tonga,R1,2
Tonga,R2,2
Trinidad and Tobago,A1,5
Trinidad and Tobago,A2,4
Trinidad and Tobago,B1,2
Trinidad and Tobago,B1/B2,"3,920"
Trinidad and Tobago,C1/D,26
Trinidad and Tobago,C3,1
Trinidad and Tobago,D,1
Trinidad and Tobago,E2,2
Trinidad and Tobago,F1,38
Trinidad and Tobago,G4,13
Trinidad and Tobago,H1B,23
Trinidad and Tobago,H4,4
Trinidad and Tobago,I,2
Trinidad and Tobago,J1,12
Trinidad and Tobago,K1,2
Trinidad and Tobago,K2,1
Trinidad and Tobago,L1,7
Trinidad and Tobago,L2,10
Trinidad and Tobago,M1,3
Trinidad and Tobago,O1,2
Trinidad and Tobago,O2,4
Trinidad and Tobago,P1,23
Trinidad and Tobago,P3,9
Trinidad and Tobago,R1,1
Tunisia,A1,1
Tunisia,A2,15
Tunisia,B1/B2,379
Tunisia,C1/D,59
Tunisia,E2,5
Tunisia,F1,27
Tunisia,G1,2
Tunisia,G2,4
Tunisia,G4,13
Tunisia,H1B,3
Tunisia,H4,4
Tunisia,J1,16
Tunisia,K1,4
Tunisia,K2,1
Tunisia,L1,1
Tunisia,L2,2
Tunisia,O1,1
Turkey,A1,2
Turkey,A2,61
Turkey,A3,1
Turkey,B1,1
Turkey,B1/B2,"7,723"
Turkey,B2,1
Turkey,C1,1
Turkey,C1/D,420
Turkey,E1,6
Turkey,E2,90
Turkey,F1,162
Turkey,F2,14
Turkey,G4,9
Turkey,G5,1
Turkey,H1B,72
Turkey,H2B,7
Turkey,H3,1
Turkey,H4,30
Turkey,I,1
Turkey,J1,173
Turkey,J2,53
Turkey,K1,44
Turkey,K2,2
Turkey,L1,29
Turkey,L2,39
Turkey,NATO2,2
Turkey,NATO6,2
Turkey,O1,14
Turkey,O3,4
Turkey,P1,3
Turkey,Q1,1
Turkey,R1,2
Turkey,R2,4
Turkmenistan,B1/B2,101
Turkmenistan,F1,35
Turkmenistan,F2,4
Turkmenistan,G4,1
Turkmenistan,H4,3
Turkmenistan,J1,3
Turkmenistan,O1,1
Turks and Caicos Islands,B1/B2,30
Turks and Caicos Islands,F1,4
Turks and Caicos Islands,M1,2
Tuvalu,B1/B2,1
Tuvalu,G2,1
Uganda,A1,5
Uganda,A2,10
Uganda,B1,1
Uganda,B1/B2,210
Uganda,C1,9
Uganda,D,9
Uganda,F1,122
Uganda,F2,12
Uganda,G1,1
Uganda,G2,6
Uganda,G4,17
Uganda,H1B,8
Uganda,I,1
Uganda,J1,31
Uganda,J2,4
Uganda,K1,18
Uganda,K2,2
Uganda,M1,2
Uganda,R2,1
Ukraine,A1,2
Ukraine,A2,146
Ukraine,B1,33
Ukraine,B1/B2,"1,832"
Ukraine,C1,1
Ukraine,C1/D,188
Ukraine,E2,3
Ukraine,F1,36
Ukraine,F2,1
Ukraine,G1,1
Ukraine,G4,2
Ukraine,G5,1
Ukraine,H1B,7
Ukraine,H2A,2
Ukraine,H2B,177
Ukraine,H3,1
Ukraine,H4,7
Ukraine,J1,19
Ukraine,J2,4
Ukraine,K1,3
Ukraine,L1,14
Ukraine,L2,29
Ukraine,O1,5
Ukraine,O2,18
Ukraine,O3,8
Ukraine,P1,2
Ukraine,P3,12
Ukraine,R1,1
United Arab Emirates,A1,14
United Arab Emirates,A2,131
United Arab Emirates,B1/B2,766
United Arab Emirates,C1,1
United Arab Emirates,D,4
United Arab Emirates,F1,114
United Arab Emirates,F2,1
United Arab Emirates,G1,2
United Arab Emirates,J1,3
United Arab Emirates,J2,4
Uruguay,A2,1
Uruguay,B1/B2,"2,028"
Uruguay,C1/D,3
Uruguay,E2,3
Uruguay,F1,14
Uruguay,G1,1
Uruguay,G2,1
Uruguay,G4,8
Uruguay,H1B,10
Uruguay,J1,40
Uruguay,J2,4
Uruguay,K1,2
Uruguay,L1,1
Uruguay,O1,4
Uruguay,P1,1
Uruguay,R1,1
Uruguay,R2,2
Uzbekistan,A1,4
Uzbekistan,A2,7
Uzbekistan,B1,2
Uzbekistan,B1/B2,510
Uzbekistan,C1/D,11
Uzbekistan,F1,71
Uzbekistan,G1,2
Uzbekistan,G4,6
Uzbekistan,H1B,4
Uzbekistan,H4,5
Uzbekistan,I,2
Uzbekistan,J1,15
Uzbekistan,K1,8
Uzbekistan,L1,1
Uzbekistan,L2,2
Uzbekistan,O1,3
Uzbekistan,P1,1
Uzbekistan,P3,8
Uzbekistan,R1,1
Uzbekistan,R2,3
Vanuatu,B1/B2,2
Vanuatu,P3,1
Vatican City,A2,1
Vatican City,B1/B2,1
Venezuela,A1,1
Venezuela,A2,2
Venezuela,B1,4
Venezuela,B1/B2,"4,063"
Venezuela,B2,2
Venezuela,C1/D,36
Venezuela,E1,1
Venezuela,F1,54
Venezuela,F2,2
Venezuela,G3,2
Venezuela,G4,7
Venezuela,H1B,17
Venezuela,H3,1
Venezuela,H4,3
Venezuela,I,1
Venezuela,J1,11
Venezuela,J2,6
Venezuela,K1,44
Venezuela,K2,21
Venezuela,L1,13
Venezuela,L2,18
Venezuela,O1,7
Venezuela,O2,6
Venezuela,O3,4
Venezuela,P1,96
Venezuela,P4,27
Venezuela,R1,2
Venezuela,TD,4
Vietnam,A1,19
Vietnam,A2,53
Vietnam,B1,4
Vietnam,B1/B2,"7,498"
Vietnam,B2,8
Vietnam,C1,9
Vietnam,C1/D,203
Vietnam,E2,2
Vietnam,F1,"1,809"
Vietnam,F2,10
Vietnam,G1,4
Vietnam,G2,1
Vietnam,G4,23
Vietnam,H1B,181
Vietnam,H3,1
Vietnam,H4,14
Vietnam,I,4
Vietnam,J1,71
Vietnam,J2,1
Vietnam,K1,212
Vietnam,K2,30
Vietnam,L1,16
Vietnam,L2,18
Vietnam,M1,1
Vietnam,O1,7
Vietnam,O2,9
Vietnam,P3,4
Vietnam,P4,1
Vietnam,R1,7
Yemen,A1,1
Yemen,A2,3
Yemen,B1,2
Yemen,B1/B2,217
Yemen,C1/D,1
Yemen,F1,9
Yemen,F2,3
Yemen,G2,1
Yemen,G4,2
Yemen,H1B,2
Yemen,H4,4
Yemen,J1,4
Yemen,J2,3
Yemen,K1,8
Zambia,A1,1
Zambia,A2,5
Zambia,B1,1
Zambia,B1/B2,95
Zambia,C1/D,16
Zambia,F1,37
Zambia,F2,6
Zambia,G2,1
Zambia,G4,17
Zambia,H1B,4
Zambia,J1,9
Zambia,L1,1
Zimbabwe,A1,5
Zimbabwe,B1,2
Zimbabwe,B1/B2,394
Zimbabwe,C1,70
Zimbabwe,C1/D,97
Zimbabwe,D,80
Zimbabwe,F1,158
Zimbabwe,F2,20
Zimbabwe,G1,2
Zimbabwe,G2,2
Zimbabwe,G4,12
Zimbabwe,H1B,6
Zimbabwe,H4,1
Zimbabwe,J1,25
Zimbabwe,J2,13
Zimbabwe,K1,8
Zimbabwe,L1,1
Zimbabwe,O1,1
GRAND TOTAL,,"755,973"
"*""Non-nationality based issuances"" includes individuals presenting travel documents issued by a competent authority other than their country of nationality, including, for example, aliens traveling on a Laissez-Passer issued by the United Nations and refugees residing in another country.",,