Nonimmigrant Visa Issuances by Nationality                                                      January 2024 (FY 2024),,
Nationality,Visa Class,Issuances
Afghanistan,B1/B2,171
Afghanistan,F1,20
Afghanistan,F2,5
Afghanistan,G4,12
Afghanistan,H4,1
Afghanistan,J1,3
Afghanistan,J2,5
Afghanistan,K1,14
Afghanistan,O1,2
Afghanistan,O3,1
Afghanistan,P1,1
Afghanistan,P4,1
Albania,A2,15
Albania,B1/B2,"2,433"
Albania,B2,1
Albania,C1/D,8
Albania,F1,38
Albania,F2,2
Albania,G1,3
Albania,G2,2
Albania,G4,1
Albania,G5,1
Albania,H1B,5
Albania,H4,1
Albania,J1,8
Albania,K1,7
Albania,L1,1
Albania,NATO1,4
Albania,NATO2,1
Albania,NATO4,3
Albania,P1,2
Albania,P3,5
Algeria,A1,4
Algeria,A2,15
Algeria,B1/B2,"1,544"
Algeria,C1,1
Algeria,D,20
Algeria,F1,43
Algeria,F2,2
Algeria,G1,5
Algeria,G2,3
Algeria,G4,2
Algeria,H1B,2
Algeria,H4,1
Algeria,J1,10
Algeria,J2,1
Algeria,K1,8
Algeria,L1,2
Algeria,L2,4
Angola,A2,3
Angola,B1,2
Angola,B1/B2,174
Angola,C1/D,9
Angola,F1,33
Angola,G1,1
Angola,G2,2
Angola,G4,4
Angola,H1B,1
Angola,J1,1
Angola,K1,1
Angola,K2,2
Angola,L1,2
Angola,L2,4
Anguilla,B1/B2,6
Antigua and Barbuda,A1,3
Antigua and Barbuda,A2,2
Antigua and Barbuda,B1/B2,282
Antigua and Barbuda,C1/D,1
Antigua and Barbuda,F1,2
Antigua and Barbuda,G2,1
Antigua and Barbuda,P1,1
Argentina,A1,5
Argentina,A2,11
Argentina,A3,1
Argentina,B1,11
Argentina,B1/B2,"20,011"
Argentina,B2,34
Argentina,BBBCC,1
Argentina,C1,7
Argentina,C1/D,124
Argentina,E1,5
Argentina,E2,50
Argentina,F1,107
Argentina,F2,5
Argentina,G1,3
Argentina,G2,3
Argentina,G4,36
Argentina,G5,1
Argentina,H1B,39
Argentina,H2A,4
Argentina,H2B,13
Argentina,H3,7
Argentina,H4,21
Argentina,I,23
Argentina,J1,190
Argentina,J2,27
Argentina,K1,7
Argentina,K2,1
Argentina,L1,44
Argentina,L2,32
Argentina,M1,3
Argentina,O1,38
Argentina,O2,23
Argentina,O3,21
Argentina,P1,71
Argentina,P3,9
Argentina,P4,44
Argentina,R1,4
Argentina,R2,4
Armenia,A1,2
Armenia,A2,5
Armenia,B1/B2,989
Armenia,E2,13
Armenia,F1,5
Armenia,G1,5
Armenia,G2,6
Armenia,G4,4
Armenia,H1B,3
Armenia,H4,2
Armenia,J1,42
Armenia,J2,2
Armenia,K1,10
Armenia,L1,1
Armenia,L2,1
Armenia,O1,4
Armenia,O2,4
Armenia,O3,2
Armenia,P1,1
Armenia,P3,2
Australia,A1,5
Australia,A2,311
Australia,B1,2
Australia,B1/B2,805
Australia,B2,1
Australia,C1,3
Australia,C1/D,153
Australia,C3,1
Australia,E1,1
Australia,E2,46
Australia,E3,343
Australia,E3D,197
Australia,E3R,291
Australia,F1,63
Australia,F2,6
Australia,G1,2
Australia,G2,4
Australia,G4,11
Australia,H1B,43
Australia,H2A,1
Australia,H2B,4
Australia,H3,1
Australia,H4,16
Australia,I,48
Australia,J1,181
Australia,J2,9
Australia,K1,15
Australia,L1,77
Australia,L2,75
Australia,M1,3
Australia,O1,67
Australia,O2,23
Australia,O3,2
Australia,P1,62
Australia,P3,3
Australia,P4,3
Australia,R1,9
Austria,A2,35
Austria,B1,1
Austria,B1/B2,222
Austria,C1/D,73
Austria,E2,25
Austria,F1,15
Austria,G1,1
Austria,G2,2
Austria,G4,9
Austria,H1B,9
Austria,I,16
Austria,J1,46
Austria,J2,3
Austria,K1,1
Austria,L1,27
Austria,L2,9
Austria,M1,1
Austria,NATO2,1
Austria,O1,10
Austria,O2,1
Austria,O3,1
Austria,P1,56
Austria,R1,2
Azerbaijan,A1,2
Azerbaijan,A2,13
Azerbaijan,B1,3
Azerbaijan,B1/B2,487
Azerbaijan,C1/D,35
Azerbaijan,E2,2
Azerbaijan,F1,26
Azerbaijan,F2,2
Azerbaijan,G1,2
Azerbaijan,G2,11
Azerbaijan,G4,9
Azerbaijan,H1B,1
Azerbaijan,H4,2
Azerbaijan,I,1
Azerbaijan,J1,7
Azerbaijan,K1,1
Azerbaijan,L1,1
Azerbaijan,L2,2
Azerbaijan,O1,1
"Bahamas, The",A1,12
"Bahamas, The",A2,6
"Bahamas, The",B1/B2,"1,163"
"Bahamas, The",B2,2
"Bahamas, The",C1,1
"Bahamas, The",C1/D,21
"Bahamas, The",F1,52
"Bahamas, The",G1,1
"Bahamas, The",H1B,17
"Bahamas, The",H4,1
"Bahamas, The",J2,1
"Bahamas, The",L1,3
"Bahamas, The",L2,1
"Bahamas, The",M1,4
"Bahamas, The",O1,2
"Bahamas, The",P1,5
"Bahamas, The",R1,1
Bahrain,A2,17
Bahrain,B1/B2,285
Bahrain,B2,1
Bahrain,C1/D,1
Bahrain,D,1
Bahrain,E2,1
Bahrain,F1,6
Bahrain,G1,1
Bahrain,H1B,5
Bahrain,J1,1
Bahrain,M1,1
Bangladesh,A2,29
Bangladesh,A3,1
Bangladesh,B1,10
Bangladesh,B1/B2,"3,591"
Bangladesh,C1,2
Bangladesh,C1/D,74
Bangladesh,CW1,2
Bangladesh,CW2,1
Bangladesh,F1,242
Bangladesh,F2,138
Bangladesh,G1,4
Bangladesh,G2,1
Bangladesh,G4,28
Bangladesh,H1B,35
Bangladesh,H4,22
Bangladesh,J1,24
Bangladesh,J2,18
Bangladesh,K1,1
Bangladesh,L1,4
Bangladesh,L2,7
Bangladesh,M1,3
Bangladesh,O1,2
Bangladesh,T2,1
Bangladesh,T3,2
Barbados,B1/B2,846
Barbados,C1,1
Barbados,C1/D,3
Barbados,F1,6
Barbados,G4,3
Barbados,H1B,1
Barbados,H2A,17
Barbados,H2B,6
Barbados,H4,2
Barbados,J1,1
Barbados,M1,1
Barbados,O1,1
Barbados,P1,2
Belarus,A1,2
Belarus,B1/B2,646
Belarus,C1/D,37
Belarus,F1,13
Belarus,F2,1
Belarus,G1,1
Belarus,G2,1
Belarus,G4,20
Belarus,H1B,6
Belarus,H4,3
Belarus,J1,13
Belarus,K1,6
Belarus,L1,14
Belarus,L2,15
Belarus,M1,1
Belarus,O1,2
Belarus,O3,3
Belarus,P1,4
Belarus,P4,2
Belgium,A1,3
Belgium,A2,23
Belgium,B1/B2,302
Belgium,C1/D,98
Belgium,E2,6
Belgium,F1,38
Belgium,G2,4
Belgium,G4,4
Belgium,H1B,12
Belgium,H4,1
Belgium,I,6
Belgium,J1,36
Belgium,J2,1
Belgium,K1,2
Belgium,K2,3
Belgium,L1,38
Belgium,L2,23
Belgium,M1,1
Belgium,NATO2,30
Belgium,NATO4,6
Belgium,O1,16
Belgium,O2,7
Belgium,P1,11
Belgium,P3,1
Belgium,R1,1
Belize,A2,9
Belize,B1,1
Belize,B1/B2,770
Belize,B2,4
Belize,C1,5
Belize,C1/D,1
Belize,C3,15
Belize,F1,5
Belize,G1,1
Belize,G4,2
Belize,H1B,2
Belize,H2A,1
Belize,H4,2
Belize,J1,2
Belize,M1,2
Benin,A2,3
Benin,B1/B2,160
Benin,F1,12
Benin,F2,3
Benin,G1,1
Benin,G2,5
Benin,G4,4
Benin,J1,3
Benin,K1,1
Bermuda,B1/B2,15
Bermuda,F1,2
Bermuda,I,1
Bhutan,A2,2
Bhutan,B1/B2,41
Bhutan,F1,6
Bhutan,F2,2
Bhutan,G2,4
Bhutan,G4,8
Bhutan,H1B,1
Bhutan,H4,1
Bhutan,K1,1
Bhutan,TD,1
Bolivia,A2,2
Bolivia,B1,6
Bolivia,B1/B2,"1,820"
Bolivia,C1,8
Bolivia,C1/D,9
Bolivia,E2,1
Bolivia,F1,11
Bolivia,F2,4
Bolivia,G2,9
Bolivia,G4,11
Bolivia,G5,1
Bolivia,H1B,7
Bolivia,H4,1
Bolivia,J1,26
Bolivia,J2,1
Bolivia,K1,10
Bolivia,K2,3
Bolivia,L1,4
Bolivia,L2,9
Bolivia,R1,3
Bolivia,R2,1
Bosnia-Herzegovina,A1,7
Bosnia-Herzegovina,A2,1
Bosnia-Herzegovina,B1,28
Bosnia-Herzegovina,B1/B2,357
Bosnia-Herzegovina,C1/D,26
Bosnia-Herzegovina,C2,1
Bosnia-Herzegovina,E2,13
Bosnia-Herzegovina,F1,12
Bosnia-Herzegovina,F2,1
Bosnia-Herzegovina,G4,1
Bosnia-Herzegovina,J1,10
Bosnia-Herzegovina,K1,7
Bosnia-Herzegovina,L1,3
Bosnia-Herzegovina,L2,1
Bosnia-Herzegovina,O3,1
Bosnia-Herzegovina,P1,1
Bosnia-Herzegovina,P3,1
Bosnia-Herzegovina,R1,1
Bosnia-Herzegovina,R2,1
Botswana,A1,3
Botswana,A2,9
Botswana,B1/B2,91
Botswana,C1/D,6
Botswana,F1,11
Botswana,G2,15
Botswana,H1B,4
Botswana,H2A,1
Botswana,H4,1
Botswana,J1,6
Botswana,J2,3
Brazil,A1,8
Brazil,A2,165
Brazil,B1,210
Brazil,B1/B2,"94,073"
Brazil,B2,2
Brazil,C1,43
Brazil,C1/D,346
Brazil,C2,1
Brazil,C3,12
Brazil,E2,22
Brazil,F1,357
Brazil,F2,77
Brazil,G1,7
Brazil,G2,14
Brazil,G4,35
Brazil,H1B,139
Brazil,H2A,28
Brazil,H2B,1
Brazil,H3,1
Brazil,H4,68
Brazil,I,24
Brazil,J1,661
Brazil,J2,109
Brazil,K1,77
Brazil,K2,17
Brazil,L1,398
Brazil,L2,531
Brazil,M1,10
Brazil,M2,1
Brazil,N8,1
Brazil,NATO2,1
Brazil,O1,183
Brazil,O2,64
Brazil,O3,52
Brazil,P1,157
Brazil,P3,3
Brazil,P4,21
Brazil,R1,18
Brazil,R2,6
Brazil,U3,1
British National Overseas (Hong Kong) Passport,B1/B2,324
British National Overseas (Hong Kong) Passport,C1/D,3
British National Overseas (Hong Kong) Passport,F1,1
British National Overseas (Hong Kong) Passport,J1,2
British National Overseas (Hong Kong) Passport,L2,1
British National Overseas (Hong Kong) Passport,P3,2
British Virgin Islands,B1/B2,3
Brunei,B1/B2,1
Brunei,J1,1
Bulgaria,A1,4
Bulgaria,A2,18
Bulgaria,A3,1
Bulgaria,B1,31
Bulgaria,B1/B2,"1,389"
Bulgaria,C1/D,68
Bulgaria,E2,3
Bulgaria,F1,2
Bulgaria,G2,1
Bulgaria,G4,5
Bulgaria,H1B,6
Bulgaria,H2B,2
Bulgaria,H4,1
Bulgaria,J1,28
Bulgaria,K1,3
Bulgaria,L1,4
Bulgaria,L2,1
Bulgaria,M1,1
Bulgaria,NATO2,9
Bulgaria,NATO4,1
Bulgaria,O1,3
Bulgaria,P1,40
Bulgaria,P3,2
Burkina Faso,A1,2
Burkina Faso,A2,12
Burkina Faso,B1/B2,67
Burkina Faso,B2,1
Burkina Faso,C3,2
Burkina Faso,F1,16
Burkina Faso,F2,1
Burkina Faso,G1,3
Burkina Faso,G2,1
Burkina Faso,G4,6
Burkina Faso,H1B,4
Burkina Faso,H4,2
Burkina Faso,J1,2
Burkina Faso,M1,1
Burma,A1,1
Burma,B1,6
Burma,B1/B2,402
Burma,B2,2
Burma,C1,128
Burma,D,284
Burma,F1,344
Burma,F2,9
Burma,G4,6
Burma,H1B,3
Burma,H4,1
Burma,J1,6
Burma,K1,12
Burma,K2,1
Burma,L1,3
Burma,L2,3
Burundi,A1,5
Burundi,B1/B2,45
Burundi,F1,12
Burundi,G2,5
Burundi,G4,6
Burundi,K1,1
Cabo Verde,A2,1
Cabo Verde,B1/B2,263
Cabo Verde,C1/D,3
Cabo Verde,F1,3
Cabo Verde,G2,1
Cabo Verde,J1,3
Cabo Verde,K1,2
Cabo Verde,M1,1
Cabo Verde,R1,1
Cambodia,A1,2
Cambodia,B1,4
Cambodia,B1/B2,529
Cambodia,C1,1
Cambodia,D,1
Cambodia,F1,81
Cambodia,G1,1
Cambodia,G2,5
Cambodia,G4,8
Cambodia,H1B,7
Cambodia,H4,3
Cambodia,J1,6
Cambodia,J2,1
Cambodia,K1,63
Cambodia,K2,11
Cambodia,L2,1
Cambodia,M1,1
Cambodia,R1,3
Cameroon,A2,5
Cameroon,B1,1
Cameroon,B1/B2,561
Cameroon,C1,1
Cameroon,C1/D,3
Cameroon,C2,3
Cameroon,F1,70
Cameroon,F2,4
Cameroon,G1,4
Cameroon,G2,7
Cameroon,G4,32
Cameroon,H1B,8
Cameroon,H4,8
Cameroon,J1,8
Cameroon,J2,10
Cameroon,K1,55
Cameroon,K2,4
Cameroon,L1,1
Cameroon,L2,8
Cameroon,P1,1
Cameroon,P3,1
Cameroon,R1,2
Canada,A1,4
Canada,A2,4
Canada,B1,2
Canada,B1/B2,16
Canada,C1/D,4
Canada,E1,97
Canada,E2,565
Canada,E3D,3
Canada,F1,2
Canada,G1,1
Canada,G4,48
Canada,H1B,5
Canada,H2A,1
Canada,H4,10
Canada,I,2
Canada,J1,4
Canada,J2,3
Canada,K1,78
Canada,K2,1
Canada,L1,4
Canada,L2,22
Canada,M1,1
Canada,NATO2,3
Canada,NATO5,2
Canada,NATO6,1
Canada,O1,3
Canada,O3,6
Canada,P1,14
Canada,R1,3
Canada,R2,5
Canada,TD,2
Canada,TN,2
Cayman Islands,B1/B2,130
Cayman Islands,F1,3
Cayman Islands,H1B,1
Central African Republic,B1/B2,5
Central African Republic,G1,11
Central African Republic,G2,1
Central African Republic,G4,1
Central African Republic,K1,1
Chad,A2,3
Chad,B1/B2,70
Chad,F1,4
Chad,G1,1
Chad,G2,2
Chad,G4,4
Chile,A1,7
Chile,A2,58
Chile,B1,34
Chile,B1/B2,746
Chile,B2,4
Chile,C1,2
Chile,C1/D,177
Chile,C3,11
Chile,E1,3
Chile,E2,16
Chile,F1,260
Chile,F2,51
Chile,G1,6
Chile,G2,4
Chile,G4,17
Chile,H1B,73
Chile,H1B1,221
Chile,H2A,1
Chile,H2B,4
Chile,H4,236
Chile,I,5
Chile,J1,59
Chile,J2,15
Chile,K1,12
Chile,L1,54
Chile,L2,93
Chile,M1,6
Chile,O1,11
Chile,O2,4
Chile,O3,8
Chile,P1,8
Chile,P3,1
Chile,R1,4
Chile,R2,6
China - mainland,A1,35
China - mainland,A2,45
China - mainland,B1,358
China - mainland,B1/B2,"51,808"
China - mainland,B2,7
China - mainland,C1,46
China - mainland,C1/D,"1,006"
China - mainland,C2,2
China - mainland,C3,8
China - mainland,CW1,26
China - mainland,CW2,11
China - mainland,E2,5
China - mainland,E3D,6
China - mainland,F1,"2,771"
China - mainland,F2,122
China - mainland,G1,22
China - mainland,G2,25
China - mainland,G4,81
China - mainland,H1B,"3,650"
China - mainland,H3,2
China - mainland,H4,454
China - mainland,I,2
China - mainland,J1,993
China - mainland,J2,300
China - mainland,K1,46
China - mainland,K2,3
China - mainland,L1,560
China - mainland,L2,407
China - mainland,M1,16
China - mainland,M2,3
China - mainland,O1,163
China - mainland,O2,47
China - mainland,O3,20
China - mainland,P1,47
China - mainland,P3,21
China - mainland,P4,4
China - mainland,Q1,3
China - mainland,R1,10
China - mainland,R2,5
China - mainland,T2,1
China - mainland,T3,1
China - mainland,TD,11
Colombia,A1,17
Colombia,A2,276
Colombia,A3,1
Colombia,B1,17
Colombia,B1/B2,"36,455"
Colombia,B2,7
Colombia,BBBCC,1
Colombia,C1,12
Colombia,C1/D,181
Colombia,E1,8
Colombia,E2,60
Colombia,E3D,1
Colombia,F1,280
Colombia,F2,30
Colombia,G1,10
Colombia,G2,6
Colombia,G4,59
Colombia,H1B,63
Colombia,H2A,20
Colombia,H2B,21
Colombia,H4,37
Colombia,I,17
Colombia,J1,400
Colombia,J2,28
Colombia,K1,147
Colombia,K2,25
Colombia,L1,61
Colombia,L2,70
Colombia,M1,9
Colombia,O1,39
Colombia,O2,37
Colombia,O3,20
Colombia,P1,48
Colombia,P3,55
Colombia,P4,22
Colombia,R1,21
Colombia,R2,8
Colombia,TD,1
Comoros,B1/B2,1
"Congo, Democratic Republic of the",A2,2
"Congo, Democratic Republic of the",B1,4
"Congo, Democratic Republic of the",B1/B2,697
"Congo, Democratic Republic of the",E2,1
"Congo, Democratic Republic of the",F1,65
"Congo, Democratic Republic of the",F2,1
"Congo, Democratic Republic of the",G4,7
"Congo, Democratic Republic of the",H1B,2
"Congo, Democratic Republic of the",H4,1
"Congo, Democratic Republic of the",J1,7
"Congo, Democratic Republic of the",K1,5
"Congo, Democratic Republic of the",K2,1
"Congo, Democratic Republic of the",L1,2
"Congo, Democratic Republic of the",L2,2
"Congo, Democratic Republic of the",O2,1
"Congo, Democratic Republic of the",P3,2
"Congo, Democratic Republic of the",R1,1
"Congo, Republic of the",A2,14
"Congo, Republic of the",B1/B2,172
"Congo, Republic of the",B2,1
"Congo, Republic of the",F1,6
"Congo, Republic of the",G1,12
"Congo, Republic of the",G4,4
"Congo, Republic of the",J1,2
"Congo, Republic of the",R1,1
Costa Rica,A2,15
Costa Rica,B1,1
Costa Rica,B1/B2,"7,966"
Costa Rica,C1,2
Costa Rica,C1/D,41
Costa Rica,E2,4
Costa Rica,E3D,1
Costa Rica,F1,20
Costa Rica,G4,8
Costa Rica,H1B,13
Costa Rica,H2A,5
Costa Rica,H2B,29
Costa Rica,H3,1
Costa Rica,H4,5
Costa Rica,I,1
Costa Rica,J1,15
Costa Rica,K1,12
Costa Rica,K2,2
Costa Rica,L1,38
Costa Rica,L2,35
Costa Rica,M1,1
Costa Rica,O1,2
Costa Rica,O3,1
Costa Rica,P1,2
Costa Rica,R1,3
Costa Rica,R2,4
Costa Rica,U3,1
Cote d'Ivoire,A2,11
Cote d'Ivoire,B1/B2,570
Cote d'Ivoire,C1/D,8
Cote d'Ivoire,C2,1
Cote d'Ivoire,F1,49
Cote d'Ivoire,F2,3
Cote d'Ivoire,G1,4
Cote d'Ivoire,G2,4
Cote d'Ivoire,G4,15
Cote d'Ivoire,H1B,6
Cote d'Ivoire,J1,9
Cote d'Ivoire,J2,1
Cote d'Ivoire,K1,11
Cote d'Ivoire,P1,1
Cote d'Ivoire,P3,2
Croatia,A2,4
Croatia,B1,22
Croatia,B1/B2,106
Croatia,C1/D,59
Croatia,E2,5
Croatia,F1,3
Croatia,G2,3
Croatia,G4,4
Croatia,H1B,4
Croatia,J1,27
Croatia,J2,1
Croatia,K1,2
Croatia,L1,8
Croatia,L2,3
Croatia,NATO2,3
Croatia,O1,1
Croatia,P1,1
Cuba,A1,4
Cuba,A2,8
Cuba,A3,1
Cuba,B1,76
Cuba,B1/B2,150
Cuba,B2,574
Cuba,BBBCC,2
Cuba,C1/D,1
Cuba,F1,3
Cuba,F2,1
Cuba,G1,5
Cuba,G2,5
Cuba,G4,3
Cuba,H1B,2
Cuba,H4,3
Cuba,J1,8
Cuba,K1,63
Cuba,K2,26
Cuba,L2,1
Cuba,P1,6
Cuba,P3,3
Cyprus,A2,2
Cyprus,B1/B2,394
Cyprus,C1/D,8
Cyprus,F1,4
Cyprus,G2,4
Cyprus,G4,2
Cyprus,H4,1
Cyprus,J1,5
Cyprus,J2,1
Cyprus,L1,1
Cyprus,L2,2
Cyprus,O1,1
Cyprus,P3,1
Czech Republic,A1,4
Czech Republic,A2,16
Czech Republic,B1/B2,309
Czech Republic,C1/D,37
Czech Republic,E2,5
Czech Republic,F1,9
Czech Republic,G1,2
Czech Republic,G2,8
Czech Republic,G4,1
Czech Republic,H1B,4
Czech Republic,H2A,1
Czech Republic,H2B,4
Czech Republic,I,2
Czech Republic,J1,34
Czech Republic,J2,7
Czech Republic,K1,3
Czech Republic,L1,8
Czech Republic,L2,4
Czech Republic,NATO2,6
Czech Republic,NATO4,1
Czech Republic,O1,5
Czech Republic,O3,1
Czech Republic,P1,11
Czech Republic,P4,1
Denmark,A2,71
Denmark,B1,1
Denmark,B1/B2,201
Denmark,C1/D,53
Denmark,E1,6
Denmark,E2,23
Denmark,F1,15
Denmark,G1,6
Denmark,G2,28
Denmark,G4,8
Denmark,H1B,3
Denmark,I,13
Denmark,J1,48
Denmark,J2,7
Denmark,K1,1
Denmark,L1,25
Denmark,L2,27
Denmark,NATO2,15
Denmark,NATO4,1
Denmark,NATO6,3
Denmark,O1,8
Denmark,O2,3
Denmark,P1,9
Denmark,P4,3
Denmark,Q1,1
Djibouti,A2,3
Djibouti,B1,3
Djibouti,B1/B2,27
Djibouti,F1,1
Djibouti,G2,3
Djibouti,G4,5
Djibouti,K1,1
Dominica,B1/B2,249
Dominica,C1/D,6
Dominica,F1,4
Dominica,G4,1
Dominica,H1B,3
Dominica,K1,1
Dominican Republic,A1,3
Dominican Republic,A2,10
Dominican Republic,B1,27
Dominican Republic,B1/B2,"10,649"
Dominican Republic,B2,1
Dominican Republic,C1,3
Dominican Republic,C1/D,54
Dominican Republic,C3,3
Dominican Republic,F1,108
Dominican Republic,F2,4
Dominican Republic,G1,2
Dominican Republic,G4,5
Dominican Republic,H1B,13
Dominican Republic,H2A,2
Dominican Republic,H2B,10
Dominican Republic,H3,1
Dominican Republic,H4,7
Dominican Republic,I,27
Dominican Republic,J1,35
Dominican Republic,J2,2
Dominican Republic,K1,206
Dominican Republic,K2,58
Dominican Republic,L1,11
Dominican Republic,L2,8
Dominican Republic,M1,1
Dominican Republic,O1,8
Dominican Republic,O2,5
Dominican Republic,P1,201
Dominican Republic,P4,39
Dominican Republic,R1,7
Dominican Republic,R2,4
Dominican Republic,U3,3
Ecuador,A1,3
Ecuador,A2,58
Ecuador,B1,20
Ecuador,B1/B2,"18,870"
Ecuador,B2,2
Ecuador,C1,5
Ecuador,C1/D,35
Ecuador,E2,4
Ecuador,E3D,1
Ecuador,F1,108
Ecuador,F2,6
Ecuador,G1,6
Ecuador,G2,2
Ecuador,G4,13
Ecuador,H1B,40
Ecuador,H2B,3
Ecuador,H4,15
Ecuador,I,7
Ecuador,J1,"1,203"
Ecuador,J2,7
Ecuador,K1,30
Ecuador,K2,7
Ecuador,L1,21
Ecuador,L2,24
Ecuador,M1,2
Ecuador,O1,6
Ecuador,O3,1
Ecuador,P1,1
Ecuador,R1,5
Ecuador,T3,2
Ecuador,U1,1
Ecuador,U3,11
Egypt,A2,114
Egypt,A3,1
Egypt,B1,7
Egypt,B1/B2,"6,836"
Egypt,C1,3
Egypt,C1/D,118
Egypt,E2,1
Egypt,F1,77
Egypt,F2,18
Egypt,G1,2
Egypt,G2,3
Egypt,G4,12
Egypt,H1B,27
Egypt,H2A,14
Egypt,H4,17
Egypt,I,3
Egypt,J1,114
Egypt,J2,39
Egypt,K1,14
Egypt,K2,2
Egypt,L1,18
Egypt,L2,23
Egypt,M1,3
Egypt,O1,3
Egypt,O2,7
Egypt,O3,7
Egypt,R1,3
Egypt,R2,5
Egypt,TD,2
El Salvador,A1,1
El Salvador,A2,111
El Salvador,B1,12
El Salvador,B1/B2,"3,640"
El Salvador,C1,3
El Salvador,C1/D,60
El Salvador,E2,1
El Salvador,F1,18
El Salvador,G1,1
El Salvador,G4,11
El Salvador,H1B,9
El Salvador,H2A,24
El Salvador,H2B,262
El Salvador,H4,1
El Salvador,I,7
El Salvador,J1,21
El Salvador,J2,5
El Salvador,K1,44
El Salvador,K2,8
El Salvador,L1,4
El Salvador,L2,4
El Salvador,O1,3
El Salvador,P1,3
El Salvador,P3,1
El Salvador,U2,2
El Salvador,U3,8
Equatorial Guinea,B1/B2,38
Equatorial Guinea,F1,11
Equatorial Guinea,L1,1
Equatorial Guinea,L2,4
Eritrea,B1/B2,59
Eritrea,F1,3
Eritrea,J2,1
Eritrea,K1,12
Eritrea,K2,1
Eritrea,R1,1
Estonia,A2,10
Estonia,B1/B2,31
Estonia,C1/D,13
Estonia,F1,3
Estonia,G1,1
Estonia,H1B,2
Estonia,J1,18
Estonia,J2,2
Estonia,K1,2
Estonia,NATO2,3
Estonia,O1,3
Estonia,O3,3
Estonia,P1,2
Eswatini,A2,4
Eswatini,B1,1
Eswatini,B1/B2,44
Eswatini,C1/D,1
Eswatini,F1,4
Eswatini,G1,1
Eswatini,G2,1
Eswatini,J1,1
Eswatini,R1,1
Ethiopia,A1,17
Ethiopia,A2,7
Ethiopia,B1,1
Ethiopia,B1/B2,"1,553"
Ethiopia,C1,1
Ethiopia,C1/D,84
Ethiopia,C2,4
Ethiopia,D,3
Ethiopia,E2,5
Ethiopia,F1,140
Ethiopia,F2,4
Ethiopia,G1,4
Ethiopia,G4,26
Ethiopia,H1B,30
Ethiopia,H4,7
Ethiopia,J1,14
Ethiopia,J2,3
Ethiopia,K1,53
Ethiopia,K2,4
Ethiopia,L1,2
Ethiopia,P1,2
Ethiopia,R1,1
Fiji,A2,11
Fiji,B1/B2,213
Fiji,C1,7
Fiji,C1/D,28
Fiji,C3,1
Fiji,E3D,1
Fiji,F1,2
Fiji,G2,1
Fiji,G4,3
Fiji,J1,2
Fiji,K1,1
Fiji,K2,1
Fiji,R1,2
Finland,A1,7
Finland,A2,15
Finland,B1,2
Finland,B1/B2,50
Finland,B2,2
Finland,C1/D,59
Finland,E2,12
Finland,E3D,1
Finland,F1,8
Finland,F2,3
Finland,G1,1
Finland,G2,11
Finland,G3,1
Finland,G4,2
Finland,H1B,7
Finland,H2A,1
Finland,H4,4
Finland,I,2
Finland,J1,12
Finland,K1,5
Finland,L1,22
Finland,L2,11
Finland,M1,1
Finland,NATO1,1
Finland,NATO2,23
Finland,NATO4,1
Finland,O1,4
Finland,O2,1
Finland,O3,2
Finland,P1,12
Finland,P4,2
France,A1,8
France,A2,96
France,B1,7
France,B1/B2,663
France,B2,1
France,BBBCC,1
France,C1,1
France,C1/D,362
France,E1,18
France,E2,209
France,E3D,2
France,F1,357
France,F2,5
France,G1,4
France,G2,4
France,G3,2
France,G4,57
France,H1B,74
France,H3,1
France,H4,10
France,I,58
France,J1,623
France,J2,33
France,K1,10
France,K2,1
France,L1,205
France,L2,156
France,M1,5
France,NATO2,35
France,O1,65
France,O2,11
France,O3,11
France,P1,123
France,P3,6
France,P4,6
France,Q1,38
France,R1,7
France,TD,2
Gabon,A1,2
Gabon,B1/B2,55
Gabon,F1,7
Gabon,J1,8
Gabon,K1,1
Gabon,L1,1
Gabon,P1,1
"Gambia, The",A1,1
"Gambia, The",B1/B2,86
"Gambia, The",C1,39
"Gambia, The",C1/D,15
"Gambia, The",F1,13
"Gambia, The",F2,1
"Gambia, The",G1,4
"Gambia, The",G2,4
"Gambia, The",G4,3
"Gambia, The",H1B,1
"Gambia, The",J2,3
"Gambia, The",K1,4
"Gambia, The",K2,1
Georgia,A1,4
Georgia,A2,12
Georgia,B1,2
Georgia,B1/B2,480
Georgia,C1/D,129
Georgia,C3,1
Georgia,E2,1
Georgia,F1,11
Georgia,F2,1
Georgia,G1,2
Georgia,G2,2
Georgia,G4,7
Georgia,H1B,7
Georgia,H4,3
Georgia,I,2
Georgia,J1,11
Georgia,J2,1
Georgia,K1,4
Georgia,L1,1
Georgia,L2,2
Georgia,O1,1
Georgia,P1,1
Germany,A1,13
Germany,A2,120
Germany,B1,2
Germany,B1/B2,"2,327"
Germany,C1,2
Germany,C1/D,647
Germany,E1,27
Germany,E2,298
Germany,E3D,1
Germany,F1,155
Germany,F2,2
Germany,G1,3
Germany,G2,18
Germany,G3,2
Germany,G4,37
Germany,H1B,78
Germany,H3,1
Germany,H4,13
Germany,I,75
Germany,J1,512
Germany,J2,43
Germany,K1,17
Germany,L1,234
Germany,L2,93
Germany,M1,16
Germany,NATO2,14
Germany,NATO4,2
Germany,NATO6,18
Germany,O1,78
Germany,O2,25
Germany,O3,21
Germany,P1,49
Germany,P2,2
Germany,P3,3
Germany,P4,1
Germany,Q1,14
Germany,R1,6
Germany,TD,1
Ghana,A1,3
Ghana,A2,47
Ghana,B1/B2,"1,905"
Ghana,B2,2
Ghana,C1,1
Ghana,C1/D,37
Ghana,C2,2
Ghana,C3,3
Ghana,F1,268
Ghana,F2,64
Ghana,G1,3
Ghana,G2,9
Ghana,G4,39
Ghana,G5,2
Ghana,H1B,33
Ghana,H3,2
Ghana,H4,27
Ghana,I,4
Ghana,J1,45
Ghana,J2,25
Ghana,K1,15
Ghana,K2,1
Ghana,L1,2
Ghana,O1,1
Ghana,P1,6
Ghana,P3,12
Ghana,R1,12
Great Britain and Northern Ireland,A1,10
Great Britain and Northern Ireland,A2,501
Great Britain and Northern Ireland,B1,146
Great Britain and Northern Ireland,B1/B2,"2,812"
Great Britain and Northern Ireland,B2,3
Great Britain and Northern Ireland,C1/D,676
Great Britain and Northern Ireland,C3,15
Great Britain and Northern Ireland,D,1
Great Britain and Northern Ireland,E1,13
Great Britain and Northern Ireland,E2,193
Great Britain and Northern Ireland,E3D,5
Great Britain and Northern Ireland,F1,112
Great Britain and Northern Ireland,F2,7
Great Britain and Northern Ireland,G1,6
Great Britain and Northern Ireland,G2,20
Great Britain and Northern Ireland,G4,43
Great Britain and Northern Ireland,H1B,80
Great Britain and Northern Ireland,H2A,1
Great Britain and Northern Ireland,H2B,4
Great Britain and Northern Ireland,H3,1
Great Britain and Northern Ireland,H4,33
Great Britain and Northern Ireland,I,137
Great Britain and Northern Ireland,J1,300
Great Britain and Northern Ireland,J2,13
Great Britain and Northern Ireland,K1,99
Great Britain and Northern Ireland,K2,1
Great Britain and Northern Ireland,L1,319
Great Britain and Northern Ireland,L2,185
Great Britain and Northern Ireland,M1,35
Great Britain and Northern Ireland,NATO2,37
Great Britain and Northern Ireland,NATO4,2
Great Britain and Northern Ireland,NATO5,4
Great Britain and Northern Ireland,NATO6,2
Great Britain and Northern Ireland,O1,180
Great Britain and Northern Ireland,O2,131
Great Britain and Northern Ireland,O3,24
Great Britain and Northern Ireland,P1,173
Great Britain and Northern Ireland,P3,12
Great Britain and Northern Ireland,P4,11
Great Britain and Northern Ireland,Q1,1
Great Britain and Northern Ireland,R1,8
Great Britain and Northern Ireland,R2,8
Greece,A2,27
Greece,B1,2
Greece,B1/B2,155
Greece,C1/D,231
Greece,E1,2
Greece,F1,31
Greece,G1,4
Greece,G2,1
Greece,G3,2
Greece,G4,3
Greece,H1B,42
Greece,H2B,1
Greece,H4,3
Greece,I,3
Greece,J1,42
Greece,K1,2
Greece,L1,11
Greece,L2,6
Greece,NATO2,6
Greece,NATO4,1
Greece,O1,13
Greece,O2,5
Greece,P1,1
Greece,P3,28
Greece,R1,1
Grenada,A2,1
Grenada,B1/B2,270
Grenada,C1/D,7
Grenada,E2,1
Grenada,F1,1
Grenada,H1B,4
Grenada,H4,1
Grenada,K1,1
Grenada,P1,1
Guatemala,A2,28
Guatemala,B1,11
Guatemala,B1/B2,"5,746"
Guatemala,BBBCC,1
Guatemala,C1,12
Guatemala,C1/D,12
Guatemala,C3,1
Guatemala,E2,1
Guatemala,F1,77
Guatemala,F2,2
Guatemala,G1,1
Guatemala,G4,6
Guatemala,G5,1
Guatemala,H1B,4
Guatemala,H2A,276
Guatemala,H2B,544
Guatemala,H4,5
Guatemala,I,1
Guatemala,J1,11
Guatemala,J2,2
Guatemala,K1,32
Guatemala,K2,14
Guatemala,L1,6
Guatemala,L2,2
Guatemala,M1,1
Guatemala,O1,2
Guatemala,O3,1
Guatemala,P1,4
Guatemala,R1,9
Guatemala,T3,3
Guatemala,U3,11
Guinea,B1/B2,140
Guinea,C1,1
Guinea,F1,5
Guinea,G4,2
Guinea,J1,1
Guinea,K1,7
Guinea-Bissau,B1/B2,4
Guinea-Bissau,G4,2
Guyana,A2,2
Guyana,B1/B2,"1,399"
Guyana,C1/D,9
Guyana,C3,9
Guyana,F1,8
Guyana,G4,3
Guyana,H1B,2
Guyana,J1,6
Guyana,K1,4
Guyana,L1,1
Guyana,M1,1
Guyana,O1,1
Guyana,O3,1
Guyana,R1,1
Guyana,TD,1
Haiti,A1,1
Haiti,A2,3
Haiti,B1/B2,579
Haiti,B2,1
Haiti,C1,9
Haiti,C1/D,7
Haiti,C3,1
Haiti,F1,7
Haiti,G2,1
Haiti,G4,17
Haiti,H1B,2
Haiti,H2B,1
Haiti,H4,1
Haiti,J1,6
Haiti,J2,2
Haiti,K1,24
Haiti,K2,6
Haiti,P3,14
Haiti,R1,3
Haiti,R2,2
Haiti,T3,1
Honduras,A1,3
Honduras,A2,29
Honduras,A3,1
Honduras,B1,6
Honduras,B1/B2,"5,913"
Honduras,B2,3
Honduras,C1,7
Honduras,C1/D,94
Honduras,C2,1
Honduras,E2,6
Honduras,F1,47
Honduras,F2,4
Honduras,G4,6
Honduras,H1B,9
Honduras,H2A,60
Honduras,H2B,439
Honduras,H3,1
Honduras,H4,3
Honduras,I,8
Honduras,J1,35
Honduras,J2,5
Honduras,K1,79
Honduras,K2,23
Honduras,L1,6
Honduras,L2,2
Honduras,P1,18
Honduras,R1,1
Honduras,T3,1
Honduras,U3,6
Hong Kong S.A.R.,B1,6
Hong Kong S.A.R.,B1/B2,"5,026"
Hong Kong S.A.R.,C1,2
Hong Kong S.A.R.,C1/D,89
Hong Kong S.A.R.,CW1,1
Hong Kong S.A.R.,E3D,1
Hong Kong S.A.R.,F1,64
Hong Kong S.A.R.,F2,3
Hong Kong S.A.R.,G2,1
Hong Kong S.A.R.,H1B,22
Hong Kong S.A.R.,H4,4
Hong Kong S.A.R.,I,1
Hong Kong S.A.R.,J1,18
Hong Kong S.A.R.,J2,5
Hong Kong S.A.R.,K1,6
Hong Kong S.A.R.,K2,1
Hong Kong S.A.R.,L1,12
Hong Kong S.A.R.,L2,7
Hong Kong S.A.R.,M1,22
Hong Kong S.A.R.,O1,10
Hong Kong S.A.R.,O2,1
Hong Kong S.A.R.,P1,35
Hong Kong S.A.R.,P3,5
Hong Kong S.A.R.,Q1,1
Hong Kong S.A.R.,R1,3
Hong Kong S.A.R.,R2,4
Hong Kong S.A.R.,TD,1
Hungary,A1,3
Hungary,A2,12
Hungary,B1,3
Hungary,B1/B2,341
Hungary,C1/D,32
Hungary,C3,1
Hungary,F1,12
Hungary,G2,4
Hungary,G4,1
Hungary,H1B,5
Hungary,H2A,2
Hungary,H2B,1
Hungary,H3,1
Hungary,J1,116
Hungary,J2,10
Hungary,K1,2
Hungary,L1,10
Hungary,L2,10
Hungary,NATO2,14
Hungary,O1,4
Hungary,O2,10
Hungary,O3,2
Hungary,P1,6
Hungary,P3,3
Iceland,A2,1
Iceland,B1/B2,59
Iceland,C1/D,45
Iceland,F1,8
Iceland,F2,1
Iceland,G4,5
Iceland,H1B,1
Iceland,J1,5
Iceland,L1,2
Iceland,O1,2
India,A1,6
India,A2,36
India,A3,10
India,B1,36
India,B1/B2,"74,571"
India,B2,12
India,C1,225
India,C1/D,"3,690"
India,C2,6
India,C3,2
India,CW1,1
India,D,1
India,E2,8
India,E3D,9
India,F1,"2,623"
India,F2,201
India,G1,1
India,G2,7
India,G4,81
India,H1B,"10,771"
India,H3,3
India,H4,"6,658"
India,I,5
India,J1,686
India,J2,216
India,K1,109
India,K2,5
India,L1,"1,198"
India,L2,"1,384"
India,M1,47
India,O1,144
India,O2,38
India,O3,36
India,P1,5
India,P3,91
India,P4,2
India,R1,127
India,R2,63
India,T4,3
India,TD,9
India,U1,3
India,U2,8
India,U3,23
Indonesia,A1,29
Indonesia,A2,161
Indonesia,A3,2
Indonesia,B1,29
Indonesia,B1/B2,"4,690"
Indonesia,C1,13
Indonesia,C1/D,"1,161"
Indonesia,C2,3
Indonesia,E2,1
Indonesia,E3D,1
Indonesia,F1,57
Indonesia,F2,5
Indonesia,G1,11
Indonesia,G2,10
Indonesia,G4,35
Indonesia,H1B,55
Indonesia,H4,4
Indonesia,I,10
Indonesia,J1,109
Indonesia,J2,13
Indonesia,K1,38
Indonesia,K2,6
Indonesia,L1,26
Indonesia,L2,32
Indonesia,M1,2
Indonesia,O1,7
Indonesia,O2,1
Indonesia,O3,1
Indonesia,P1,4
Indonesia,R1,4
Indonesia,R2,1
Iran,A3,1
Iran,B1,1
Iran,B1/B2,"1,212"
Iran,F1,38
Iran,F2,18
Iran,G1,9
Iran,G2,17
Iran,G4,26
Iran,H1B,2
Iran,H4,6
Iran,J1,29
Iran,J2,11
Iran,K1,60
Iran,K2,3
Iran,L2,1
Iran,O1,3
Iran,O3,1
Iran,P1,2
Iran,TD,2
Iraq,A1,22
Iraq,A2,62
Iraq,A3,1
Iraq,B1,3
Iraq,B1/B2,346
Iraq,C1/D,4
Iraq,F1,10
Iraq,G2,4
Iraq,G4,8
Iraq,H1B,3
Iraq,H4,2
Iraq,J1,9
Iraq,J2,1
Iraq,K1,56
Iraq,K2,1
Iraq,L1,2
Iraq,L2,4
Iraq,O1,1
Iraq,TD,1
Ireland,A1,1
Ireland,A2,15
Ireland,B1,5
Ireland,B1/B2,326
Ireland,C1/D,193
Ireland,E1,1
Ireland,E2,14
Ireland,F1,33
Ireland,F2,1
Ireland,G2,5
Ireland,G4,7
Ireland,H1B,30
Ireland,H2A,6
Ireland,H2B,2
Ireland,H3,16
Ireland,H4,7
Ireland,I,10
Ireland,J1,151
Ireland,J2,3
Ireland,K1,6
Ireland,L1,65
Ireland,L2,35
Ireland,O1,40
Ireland,O2,26
Ireland,O3,2
Ireland,P1,42
Ireland,P3,19
Ireland,P4,1
Ireland,Q1,3
Ireland,R1,1
Israel,A1,5
Israel,A2,165
Israel,B1,1
Israel,B1/B2,"2,397"
Israel,B2,4
Israel,C1/D,51
Israel,C3,1
Israel,E1,8
Israel,E2,64
Israel,E3D,2
Israel,F1,30
Israel,F2,1
Israel,G1,3
Israel,H1B,15
Israel,H4,4
Israel,I,3
Israel,J1,41
Israel,J2,23
Israel,K1,5
Israel,L1,56
Israel,L2,97
Israel,M1,1
Israel,O1,26
Israel,O2,2
Israel,O3,18
Israel,P1,8
Israel,P4,1
Israel,R1,2
Israel,R2,5
Italy,A2,39
Italy,B1,2
Italy,B1/B2,950
Italy,B2,1
Italy,C1/D,266
Italy,E1,26
Italy,E2,120
Italy,E3D,3
Italy,F1,342
Italy,F2,1
Italy,G1,8
Italy,G2,3
Italy,G3,1
Italy,G4,38
Italy,H1B,73
Italy,H2A,1
Italy,H2B,1
Italy,H3,1
Italy,H4,6
Italy,I,9
Italy,J1,423
Italy,J2,10
Italy,K1,7
Italy,L1,119
Italy,L2,63
Italy,M1,9
Italy,NATO2,42
Italy,O1,76
Italy,O2,26
Italy,O3,12
Italy,P1,59
Italy,P3,6
Italy,P4,9
Italy,Q1,11
Italy,R1,1
Jamaica,A1,2
Jamaica,A2,16
Jamaica,B1,20
Jamaica,B1/B2,"8,310"
Jamaica,B2,1
Jamaica,C1,19
Jamaica,C1/D,137
Jamaica,C3,17
Jamaica,E2,1
Jamaica,F1,41
Jamaica,F2,4
Jamaica,G4,7
Jamaica,H1B,18
Jamaica,H2A,155
Jamaica,H2B,730
Jamaica,H4,42
Jamaica,I,2
Jamaica,J1,111
Jamaica,J2,27
Jamaica,K1,56
Jamaica,K2,7
Jamaica,L1,5
Jamaica,L2,7
Jamaica,M1,3
Jamaica,P1,13
Jamaica,P3,6
Jamaica,P4,1
Jamaica,R1,6
Jamaica,R2,11
Japan,A1,7
Japan,A2,345
Japan,B1,14
Japan,B1/B2,540
Japan,C1,3
Japan,C1/D,347
Japan,C3,44
Japan,D,1
Japan,E1,99
Japan,E2,975
Japan,E3D,3
Japan,F1,517
Japan,F2,3
Japan,G1,3
Japan,G2,9
Japan,G4,32
Japan,H1B,51
Japan,H2B,4
Japan,H4,22
Japan,I,96
Japan,J1,188
Japan,J2,147
Japan,K1,15
Japan,K2,1
Japan,L1,191
Japan,L2,179
Japan,M1,39
Japan,O1,41
Japan,O2,17
Japan,O3,10
Japan,P1,57
Japan,P3,16
Japan,P4,3
Japan,R1,9
Japan,R2,1
Jordan,A2,70
Jordan,B1/B2,"2,777"
Jordan,C1,2
Jordan,C1/D,38
Jordan,E2,6
Jordan,F1,34
Jordan,F2,10
Jordan,G2,4
Jordan,G4,6
Jordan,H1B,16
Jordan,H4,4
Jordan,I,1
Jordan,J1,14
Jordan,J2,2
Jordan,K1,20
Jordan,L2,1
Jordan,O1,3
Jordan,O3,1
Jordan,R1,1
Kazakhstan,A2,5
Kazakhstan,B1,1
Kazakhstan,B1/B2,"1,598"
Kazakhstan,B2,1
Kazakhstan,C1,10
Kazakhstan,D,25
Kazakhstan,E2,3
Kazakhstan,E3D,1
Kazakhstan,F1,42
Kazakhstan,F2,10
Kazakhstan,G1,16
Kazakhstan,G2,3
Kazakhstan,G4,3
Kazakhstan,H1B,11
Kazakhstan,H4,9
Kazakhstan,J1,26
Kazakhstan,J2,5
Kazakhstan,K1,6
Kazakhstan,K2,4
Kazakhstan,L1,5
Kazakhstan,L2,5
Kazakhstan,M1,1
Kazakhstan,O1,4
Kazakhstan,O3,1
Kazakhstan,P1,9
Kazakhstan,R1,1
Kazakhstan,R2,2
Kenya,A1,7
Kenya,A2,37
Kenya,B1,70
Kenya,B1/B2,"1,186"
Kenya,B2,22
Kenya,C1,5
Kenya,C1/D,161
Kenya,C2,4
Kenya,E2,1
Kenya,F1,162
Kenya,F2,24
Kenya,G2,1
Kenya,G4,64
Kenya,H1B,27
Kenya,H4,27
Kenya,I,1
Kenya,J1,33
Kenya,J2,14
Kenya,K1,32
Kenya,K2,11
Kenya,L1,2
Kenya,L2,6
Kenya,M1,1
Kenya,O1,1
Kenya,P1,1
Kenya,P3,1
Kenya,R1,3
Kiribati,A2,3
Kiribati,G2,2
Kiribati,J1,1
"Korea, North",G3,3
"Korea, South",A1,59
"Korea, South",A2,132
"Korea, South",B1,1
"Korea, South",B1/B2,"1,388"
"Korea, South",C1/D,470
"Korea, South",C3,3
"Korea, South",CW1,19
"Korea, South",CW2,5
"Korea, South",E1,14
"Korea, South",E2,683
"Korea, South",E2C,2
"Korea, South",F1,481
"Korea, South",F2,30
"Korea, South",G1,8
"Korea, South",G4,32
"Korea, South",H1B,203
"Korea, South",H2B,4
"Korea, South",H4,43
"Korea, South",I,21
"Korea, South",J1,617
"Korea, South",J2,265
"Korea, South",K1,13
"Korea, South",L1,419
"Korea, South",L2,439
"Korea, South",M1,27
"Korea, South",M2,1
"Korea, South",O1,32
"Korea, South",O2,35
"Korea, South",O3,8
"Korea, South",P1,95
"Korea, South",P3,1
"Korea, South",R1,16
"Korea, South",R2,10
"Korea, South",TD,1
Kosovo,A1,1
Kosovo,A2,18
Kosovo,B1/B2,600
Kosovo,C1/D,1
Kosovo,F1,5
Kosovo,F2,1
Kosovo,G2,1
Kosovo,G4,2
Kosovo,H1B,1
Kosovo,I,1
Kosovo,J1,5
Kosovo,K1,15
Kosovo,O1,1
Kosovo,P3,4
Kuwait,A1,3
Kuwait,A2,27
Kuwait,B1/B2,"1,067"
Kuwait,C1/D,7
Kuwait,F1,98
Kuwait,F2,9
Kuwait,G2,7
Kuwait,H1B,2
Kuwait,I,1
Kuwait,J1,2
Kuwait,O1,1
Kyrgyzstan,A2,11
Kyrgyzstan,B1/B2,587
Kyrgyzstan,C1,9
Kyrgyzstan,D,11
Kyrgyzstan,F1,46
Kyrgyzstan,F2,4
Kyrgyzstan,G1,5
Kyrgyzstan,G2,1
Kyrgyzstan,G4,12
Kyrgyzstan,J1,4
Kyrgyzstan,K1,3
Kyrgyzstan,K2,2
Kyrgyzstan,O1,1
Kyrgyzstan,P1,2
Laos,A1,4
Laos,A2,4
Laos,B1/B2,74
Laos,F1,5
Laos,G1,8
Laos,G2,4
Laos,G4,6
Laos,K1,12
Laos,R1,1
Latvia,A2,4
Latvia,B1,1
Latvia,B1/B2,88
Latvia,C1/D,64
Latvia,E2,3
Latvia,F1,1
Latvia,G2,1
Latvia,H1B,2
Latvia,H4,1
Latvia,I,1
Latvia,J1,7
Latvia,K1,1
Latvia,K2,1
Latvia,L1,2
Latvia,NATO2,2
Latvia,NATO6,1
Latvia,O1,3
Latvia,P3,8
Latvia,TD,1
Lebanon,A2,10
Lebanon,A3,1
Lebanon,B1,3
Lebanon,B1/B2,"1,615"
Lebanon,B2,1
Lebanon,C1,1
Lebanon,C1/D,24
Lebanon,F1,7
Lebanon,G1,1
Lebanon,G2,2
Lebanon,G4,4
Lebanon,H1B,12
Lebanon,H4,5
Lebanon,I,8
Lebanon,J1,29
Lebanon,J2,4
Lebanon,K1,16
Lebanon,L1,3
Lebanon,L2,4
Lebanon,O1,6
Lebanon,O2,1
Lebanon,O3,2
Lebanon,P3,3
Lebanon,R1,2
Lebanon,TD,2
Lesotho,A2,1
Lesotho,B1/B2,16
Lesotho,F1,2
Lesotho,G1,3
Lesotho,G2,1
Lesotho,H1B,1
Lesotho,J1,1
Liberia,A1,22
Liberia,A2,5
Liberia,B1/B2,68
Liberia,F1,4
Liberia,G1,4
Liberia,G4,4
Liberia,H1B,1
Liberia,J1,4
Liberia,K1,22
Liberia,K2,9
Liberia,T3,1
Libya,A1,10
Libya,A2,22
Libya,B1,1
Libya,B1/B2,206
Libya,C1/D,2
Libya,D,1
Libya,F1,6
Libya,F2,2
Libya,G1,9
Libya,G2,2
Libya,G4,1
Libya,H1B,3
Libya,H4,3
Libya,J1,3
Libya,K1,1
Libya,L1,1
Libya,R2,1
Liechtenstein,B1/B2,3
Liechtenstein,C1/D,2
Liechtenstein,J1,1
Lithuania,A1,1
Lithuania,A2,9
Lithuania,B1,7
Lithuania,B1/B2,45
Lithuania,C1/D,12
Lithuania,E2,2
Lithuania,F1,5
Lithuania,G4,1
Lithuania,H1B,3
Lithuania,H2B,2
Lithuania,J1,12
Lithuania,K1,1
Lithuania,K2,1
Lithuania,L1,6
Lithuania,L2,8
Lithuania,NATO2,13
Lithuania,NATO4,1
Lithuania,O1,2
Lithuania,P1,2
Lithuania,P3,2
Luxembourg,A2,6
Luxembourg,B1/B2,7
Luxembourg,C1/D,1
Luxembourg,G1,1
Luxembourg,G4,1
Luxembourg,I,1
Luxembourg,J1,4
Luxembourg,L1,1
Luxembourg,L2,1
Luxembourg,M1,1
Luxembourg,NATO2,1
Macau S.A.R.,B1/B2,237
Macau S.A.R.,F1,8
Macau S.A.R.,H1B,4
Macau S.A.R.,J1,1
Macau S.A.R.,J2,1
Macau S.A.R.,O1,1
Madagascar,A1,1
Madagascar,B1/B2,94
Madagascar,C1,60
Madagascar,C1/D,1
Madagascar,C3,1
Madagascar,D,29
Madagascar,F1,9
Madagascar,G2,1
Madagascar,G4,12
Madagascar,I,1
Madagascar,J1,13
Madagascar,K1,3
Madagascar,L1,1
Malawi,A2,7
Malawi,B1/B2,126
Malawi,C1/D,2
Malawi,F1,14
Malawi,F2,9
Malawi,G2,11
Malawi,G4,8
Malawi,J1,6
Malawi,J2,4
Malawi,P1,1
Malaysia,A1,8
Malaysia,A2,38
Malaysia,B1,65
Malaysia,B1/B2,"2,896"
Malaysia,C1/D,290
Malaysia,E3D,1
Malaysia,F1,60
Malaysia,F2,5
Malaysia,G1,3
Malaysia,G2,14
Malaysia,G4,7
Malaysia,H1B,35
Malaysia,H4,3
Malaysia,I,2
Malaysia,J1,58
Malaysia,J2,6
Malaysia,K1,7
Malaysia,K2,4
Malaysia,L1,48
Malaysia,L2,15
Malaysia,M1,4
Malaysia,O2,1
Malaysia,O3,1
Malaysia,P1,2
Malaysia,P4,2
Malaysia,R2,1
Maldives,A1,1
Maldives,A2,6
Maldives,B1/B2,6
Maldives,C1/D,1
Maldives,G1,5
Maldives,G2,5
Maldives,G4,1
Maldives,M1,3
Mali,A2,2
Mali,B1,1
Mali,B1/B2,151
Mali,F1,7
Mali,G2,5
Mali,G4,2
Mali,H1B,1
Mali,H4,1
Mali,J1,5
Mali,K1,2
Mali,O1,1
Mali,P3,1
Malta,B1/B2,16
Malta,C1/D,7
Malta,F1,2
Malta,H1B,3
Malta,J1,1
Marshall Islands,B1/B2,5
Mauritania,A2,4
Mauritania,B1/B2,43
Mauritania,G1,1
Mauritania,G2,2
Mauritania,G4,2
Mauritania,J1,4
Mauritania,L1,1
Mauritania,L2,2
Mauritius,B1/B2,122
Mauritius,C1/D,77
Mauritius,D,1
Mauritius,F1,3
Mauritius,G2,1
Mauritius,H1B,2
Mauritius,J1,4
Mexico,A1,20
Mexico,A2,172
Mexico,B1,316
Mexico,B1/B2,"1,414"
Mexico,B2,1
Mexico,BBBCC,"165,380"
Mexico,BBBCV,"3,500"
Mexico,C1,12
Mexico,C1/D,320
Mexico,C2,2
Mexico,D,2
Mexico,E1,35
Mexico,E2,124
Mexico,F1,273
Mexico,F2,19
Mexico,G1,3
Mexico,G4,52
Mexico,H1B,188
Mexico,H2A,"19,348"
Mexico,H2B,"5,851"
Mexico,H3,6
Mexico,H4,424
Mexico,I,103
Mexico,J1,525
Mexico,J2,27
Mexico,K1,371
Mexico,K2,94
Mexico,L1,341
Mexico,L2,331
Mexico,M1,31
Mexico,O1,90
Mexico,O2,287
Mexico,O3,24
Mexico,P1,562
Mexico,P3,119
Mexico,P4,23
Mexico,Q1,18
Mexico,R1,37
Mexico,R2,11
Mexico,T2,3
Mexico,T3,9
Mexico,T6,1
Mexico,TD,952
Mexico,TN,"1,642"
Mexico,U1,13
Mexico,U2,3
Mexico,U3,42
"Micronesia, Federated States of",J1,1
Moldova,A2,8
Moldova,B1,6
Moldova,B1/B2,210
Moldova,C1/D,14
Moldova,G2,1
Moldova,G4,6
Moldova,H1B,1
Moldova,J1,9
Moldova,K1,1
Moldova,L1,1
Moldova,O1,1
Moldova,P3,1
Monaco,B1/B2,1
Monaco,F1,1
Monaco,H1B,1
Monaco,O2,1
Monaco,P1,1
Mongolia,A1,3
Mongolia,A2,75
Mongolia,B1,2
Mongolia,B1/B2,"1,251"
Mongolia,C1/D,2
Mongolia,E2,9
Mongolia,F1,25
Mongolia,F2,6
Mongolia,G2,3
Mongolia,G4,2
Mongolia,H1B,5
Mongolia,I,2
Mongolia,J1,153
Mongolia,J2,4
Mongolia,K1,1
Mongolia,L1,1
Mongolia,L2,2
Mongolia,M1,3
Mongolia,P1,14
Mongolia,P4,4
Mongolia,R1,1
Montenegro,A1,2
Montenegro,A2,20
Montenegro,B1,2
Montenegro,B1/B2,332
Montenegro,B2,1
Montenegro,C1/D,162
Montenegro,F1,1
Montenegro,G2,8
Montenegro,H1B,2
Montenegro,J1,10
Montenegro,K1,1
Montenegro,L1,1
Morocco,A1,2
Morocco,A2,37
Morocco,A3,1
Morocco,B1,1
Morocco,B1/B2,"2,254"
Morocco,C1/D,100
Morocco,E2,2
Morocco,E3D,1
Morocco,F1,41
Morocco,F2,1
Morocco,G2,4
Morocco,G4,4
Morocco,H1B,7
Morocco,H3,1
Morocco,H4,5
Morocco,I,2
Morocco,J1,77
Morocco,J2,1
Morocco,K1,19
Morocco,L1,2
Morocco,L2,3
Morocco,O1,3
Morocco,P3,1
Mozambique,A2,9
Mozambique,B1,7
Mozambique,B1/B2,51
Mozambique,C1,15
Mozambique,C1/D,1
Mozambique,F1,8
Mozambique,G1,10
Mozambique,G2,3
Mozambique,G4,7
Mozambique,H1B,1
Mozambique,J1,12
Mozambique,L2,1
Namibia,A2,4
Namibia,B1,2
Namibia,B1/B2,77
Namibia,C1/D,10
Namibia,F1,4
Namibia,F2,3
Namibia,G1,3
Namibia,G2,7
Namibia,H1B,2
Namibia,J1,7
Namibia,P1,2
Nauru,G2,1
Nepal,A2,17
Nepal,A3,2
Nepal,B1,1
Nepal,B1/B2,"2,365"
Nepal,B2,1
Nepal,C1,16
Nepal,C1/D,36
Nepal,C2,1
Nepal,CW1,1
Nepal,F1,"1,101"
Nepal,F2,64
Nepal,G1,5
Nepal,G4,45
Nepal,H1B,53
Nepal,H4,29
Nepal,I,1
Nepal,J1,51
Nepal,J2,19
Nepal,K1,5
Nepal,L1,3
Nepal,L2,7
Nepal,M1,6
Nepal,O1,2
Nepal,P1,2
Nepal,P4,1
Nepal,R1,1
Netherlands,A1,3
Netherlands,A2,29
Netherlands,B1,34
Netherlands,B1/B2,516
Netherlands,C1/D,130
Netherlands,E1,4
Netherlands,E2,33
Netherlands,E3D,1
Netherlands,F1,43
Netherlands,G2,3
Netherlands,G3,1
Netherlands,G4,11
Netherlands,H1B,17
Netherlands,H4,8
Netherlands,I,9
Netherlands,J1,124
Netherlands,J2,2
Netherlands,K1,15
Netherlands,K2,1
Netherlands,L1,83
Netherlands,L2,42
Netherlands,M1,2
Netherlands,NATO2,12
Netherlands,NATO4,1
Netherlands,NATO6,13
Netherlands,O1,32
Netherlands,O2,11
Netherlands,O3,1
Netherlands,P1,54
Netherlands,P4,1
Netherlands,Q1,1
Netherlands,R1,1
Netherlands,R2,1
New Zealand,A2,57
New Zealand,B1/B2,138
New Zealand,B2,1
New Zealand,C1/D,48
New Zealand,C2,1
New Zealand,C3,21
New Zealand,E2,4
New Zealand,E3D,3
New Zealand,F1,26
New Zealand,G4,5
New Zealand,H1B,14
New Zealand,H2A,8
New Zealand,H4,3
New Zealand,I,2
New Zealand,J1,91
New Zealand,J2,5
New Zealand,K1,7
New Zealand,L1,24
New Zealand,L2,11
New Zealand,M1,1
New Zealand,O1,23
New Zealand,O2,4
New Zealand,P1,27
New Zealand,P3,1
New Zealand,P4,3
New Zealand,R1,1
Nicaragua,A1,1
Nicaragua,B1,82
Nicaragua,B1/B2,"1,050"
Nicaragua,C1,19
Nicaragua,C1/D,28
Nicaragua,F1,9
Nicaragua,H1B,4
Nicaragua,H2A,372
Nicaragua,H2B,1
Nicaragua,I,2
Nicaragua,J1,15
Nicaragua,J2,2
Nicaragua,K1,15
Nicaragua,K2,6
Nicaragua,L1,2
Nicaragua,O1,1
Nicaragua,P1,3
Nicaragua,R1,3
Niger,A2,1
Niger,B1/B2,62
Niger,F1,7
Niger,G1,6
Niger,G2,1
Niger,G4,4
Niger,H1B,1
Niger,H4,1
Niger,J1,2
Nigeria,A1,9
Nigeria,A2,38
Nigeria,B1,5
Nigeria,B1/B2,"4,704"
Nigeria,B2,1
Nigeria,C1,5
Nigeria,C1/D,10
Nigeria,C2,5
Nigeria,D,1
Nigeria,F1,325
Nigeria,F2,64
Nigeria,G1,5
Nigeria,G2,8
Nigeria,G4,24
Nigeria,H1B,95
Nigeria,H3,3
Nigeria,H4,42
Nigeria,I,2
Nigeria,J1,35
Nigeria,J2,19
Nigeria,K1,78
Nigeria,K2,12
Nigeria,L1,22
Nigeria,L2,36
Nigeria,M1,2
Nigeria,O1,21
Nigeria,O2,1
Nigeria,O3,2
Nigeria,P3,3
Nigeria,R1,28
Nigeria,R2,6
*Non-Nationality Based Issuances,B1/B2,125
*Non-Nationality Based Issuances,C1/D,23
*Non-Nationality Based Issuances,F1,7
*Non-Nationality Based Issuances,G4,9
*Non-Nationality Based Issuances,H4,1
*Non-Nationality Based Issuances,I,2
*Non-Nationality Based Issuances,K1,7
*Non-Nationality Based Issuances,L1,1
*Non-Nationality Based Issuances,P1,2
*Non-Nationality Based Issuances,P3,2
North Macedonia,A1,1
North Macedonia,A2,3
North Macedonia,B1,5
North Macedonia,B1/B2,428
North Macedonia,C1,2
North Macedonia,C1/D,18
North Macedonia,F1,4
North Macedonia,G2,2
North Macedonia,G4,4
North Macedonia,H1B,1
North Macedonia,J1,8
North Macedonia,K1,3
North Macedonia,L1,1
North Macedonia,NATO2,3
North Macedonia,O1,1
North Macedonia,P3,1
Norway,A1,2
Norway,A2,10
Norway,B1/B2,232
Norway,C1/D,99
Norway,E2,9
Norway,E3D,1
Norway,F1,55
Norway,F2,4
Norway,G2,8
Norway,G4,3
Norway,H1B,4
Norway,H4,1
Norway,I,8
Norway,J1,38
Norway,J2,9
Norway,K1,2
Norway,L1,18
Norway,L2,12
Norway,NATO2,15
Norway,O1,10
Norway,O2,1
Norway,P1,26
Norway,P4,1
Norway,Q1,16
Norway,R1,3
Oman,A2,72
Oman,B1,1
Oman,B1/B2,177
Oman,C1,1
Oman,C1/D,26
Oman,D,1
Oman,F1,17
Oman,F2,2
Oman,G2,1
Oman,H1B,3
Oman,H4,1
Pakistan,A1,9
Pakistan,A2,52
Pakistan,A3,1
Pakistan,B1,3
Pakistan,B1/B2,"9,853"
Pakistan,B2,1
Pakistan,C1,1
Pakistan,C1/D,50
Pakistan,E1,7
Pakistan,E2,14
Pakistan,F1,161
Pakistan,F2,41
Pakistan,G1,8
Pakistan,G2,17
Pakistan,G4,44
Pakistan,H1B,178
Pakistan,H4,156
Pakistan,I,7
Pakistan,J1,121
Pakistan,J2,56
Pakistan,K1,29
Pakistan,L1,30
Pakistan,L2,42
Pakistan,M1,2
Pakistan,O1,2
Pakistan,P3,1
Pakistan,P4,2
Pakistan,R1,6
Pakistan,R2,13
Pakistan,TD,3
Palestinian Authority Travel Document,B1,2
Palestinian Authority Travel Document,B1/B2,703
Palestinian Authority Travel Document,C1/D,1
Palestinian Authority Travel Document,F1,11
Palestinian Authority Travel Document,F2,2
Palestinian Authority Travel Document,G4,3
Palestinian Authority Travel Document,H1B,3
Palestinian Authority Travel Document,H4,2
Palestinian Authority Travel Document,J1,11
Palestinian Authority Travel Document,J2,11
Palestinian Authority Travel Document,K1,8
Palestinian Authority Travel Document,O3,1
Panama,A2,12
Panama,B1,7
Panama,B1/B2,"2,375"
Panama,B2,1
Panama,C1,49
Panama,C1/D,146
Panama,E2,1
Panama,F1,49
Panama,G1,1
Panama,G4,4
Panama,H1B,7
Panama,H2B,2
Panama,H4,4
Panama,I,1
Panama,J1,18
Panama,K1,4
Panama,L1,5
Panama,L2,6
Panama,M1,9
Panama,M2,3
Panama,O1,2
Panama,P1,14
Panama,P4,2
Panama,R1,3
Panama,R2,1
Papua New Guinea,A2,4
Papua New Guinea,B1,4
Papua New Guinea,B1/B2,12
Papua New Guinea,F1,4
Papua New Guinea,G4,4
Papua New Guinea,J1,4
Papua New Guinea,L1,1
Papua New Guinea,L2,2
Papua New Guinea,R1,1
Papua New Guinea,R2,2
Paraguay,A2,19
Paraguay,B1,4
Paraguay,B1/B2,805
Paraguay,C1,1
Paraguay,C1/D,5
Paraguay,F1,12
Paraguay,F2,1
Paraguay,G2,4
Paraguay,G4,3
Paraguay,H1B,6
Paraguay,H2A,1
Paraguay,H4,1
Paraguay,J1,21
Paraguay,K1,1
Paraguay,L1,1
Paraguay,L2,1
Paraguay,O3,2
Paraguay,R1,1
Paraguay,R2,1
Peru,A1,10
Peru,A2,31
Peru,A3,2
Peru,B1,88
Peru,B1/B2,"11,915"
Peru,B2,1
Peru,C1,39
Peru,C1/D,199
Peru,C3,9
Peru,E2,4
Peru,F1,117
Peru,F2,5
Peru,G1,2
Peru,G2,4
Peru,G4,24
Peru,H1B,30
Peru,H2A,184
Peru,H4,16
Peru,I,2
Peru,J1,83
Peru,J2,3
Peru,K1,38
Peru,K2,7
Peru,L1,17
Peru,L2,26
Peru,M1,6
Peru,O1,8
Peru,O2,1
Peru,O3,9
Peru,P1,4
Peru,P3,5
Peru,P4,2
Peru,R1,4
Peru,T3,1
Peru,U3,1
Philippines,A1,8
Philippines,A2,93
Philippines,A3,30
Philippines,B1,393
Philippines,B1/B2,"15,921"
Philippines,B2,5
Philippines,C1,127
Philippines,C1/D,"8,632"
Philippines,C3,8
Philippines,CW1,346
Philippines,CW2,70
Philippines,E2,14
Philippines,E3D,1
Philippines,F1,41
Philippines,F2,7
Philippines,G1,4
Philippines,G2,5
Philippines,G4,20
Philippines,G5,5
Philippines,H1B,316
Philippines,H2A,3
Philippines,H2B,272
Philippines,H3,6
Philippines,H4,206
Philippines,I,1
Philippines,J1,238
Philippines,J2,235
Philippines,K1,846
Philippines,K2,136
Philippines,L1,88
Philippines,L2,61
Philippines,M1,1
Philippines,O1,10
Philippines,O2,3
Philippines,O3,1
Philippines,P1,22
Philippines,P4,1
Philippines,R1,44
Philippines,R2,29
Philippines,T2,5
Philippines,T3,5
Philippines,TD,4
Poland,A1,3
Poland,A2,33
Poland,B1,2
Poland,B1/B2,680
Poland,C1,1
Poland,C1/D,187
Poland,E2,18
Poland,E3D,1
Poland,F1,27
Poland,F2,1
Poland,G2,1
Poland,G4,4
Poland,H1B,17
Poland,H2B,1
Poland,H4,5
Poland,I,8
Poland,J1,82
Poland,J2,10
Poland,K1,5
Poland,K2,2
Poland,L1,61
Poland,L2,38
Poland,M1,1
Poland,NATO2,72
Poland,NATO4,1
Poland,NATO6,2
Poland,O1,15
Poland,O2,1
Poland,O3,9
Poland,P1,20
Poland,P3,9
Poland,P4,3
Poland,R1,2
Portugal,A1,3
Portugal,A2,2
Portugal,A3,1
Portugal,B1,6
Portugal,B1/B2,488
Portugal,C1/D,302
Portugal,E2,2
Portugal,F1,31
Portugal,F2,2
Portugal,G2,2
Portugal,G3,1
Portugal,G4,15
Portugal,G5,1
Portugal,H1B,16
Portugal,H3,3
Portugal,H4,3
Portugal,I,4
Portugal,J1,40
Portugal,J2,6
Portugal,K1,4
Portugal,L1,35
Portugal,L2,24
Portugal,M1,2
Portugal,NATO2,5
Portugal,NATO5,1
Portugal,O1,11
Portugal,O2,1
Portugal,O3,3
Portugal,P1,12
Portugal,P3,2
Qatar,A1,8
Qatar,A2,52
Qatar,B1/B2,398
Qatar,C1/D,3
Qatar,F1,10
Qatar,G2,11
Qatar,J1,1
Qatar,L1,1
Romania,A1,5
Romania,A2,10
Romania,B1,56
Romania,B1/B2,"3,647"
Romania,C1/D,317
Romania,E2,5
Romania,E3D,1
Romania,F1,16
Romania,G2,8
Romania,G4,7
Romania,H1B,12
Romania,H2A,15
Romania,H2B,10
Romania,H4,4
Romania,I,3
Romania,J1,76
Romania,J2,1
Romania,K1,11
Romania,K2,3
Romania,L1,25
Romania,L2,18
Romania,M1,1
Romania,NATO2,18
Romania,NATO4,1
Romania,NATO5,2
Romania,NATO6,2
Romania,O1,5
Romania,O2,6
Romania,O3,4
Romania,P1,5
Romania,P3,11
Romania,R1,1
Russia,A1,1
Russia,A2,62
Russia,B1,7
Russia,B1/B2,"4,541"
Russia,C1/D,282
Russia,E1,1
Russia,E2,2
Russia,E2C,2
Russia,F1,91
Russia,F2,7
Russia,G1,13
Russia,G2,49
Russia,G4,42
Russia,H1B,25
Russia,H4,16
Russia,I,30
Russia,J1,52
Russia,J2,2
Russia,K1,37
Russia,K2,5
Russia,L1,37
Russia,L2,49
Russia,M1,2
Russia,O1,34
Russia,O3,17
Russia,P1,37
Russia,P3,1
Russia,P4,4
Russia,R1,3
Rwanda,A1,3
Rwanda,A2,71
Rwanda,A3,1
Rwanda,B1,1
Rwanda,B1/B2,371
Rwanda,C2,1
Rwanda,C3,1
Rwanda,F1,21
Rwanda,G4,7
Rwanda,H1B,6
Rwanda,I,11
Rwanda,J1,9
Rwanda,K1,2
Rwanda,L1,1
Rwanda,L2,1
Saint Kitts and Nevis,B1/B2,258
Saint Kitts and Nevis,B2,1
Saint Kitts and Nevis,F1,7
Saint Kitts and Nevis,H1B,2
Saint Kitts and Nevis,J1,2
Saint Kitts and Nevis,L1,1
Saint Lucia,B1/B2,253
Saint Lucia,C1,1
Saint Lucia,C1/D,24
Saint Lucia,F1,2
Saint Lucia,G4,1
Saint Lucia,H1B,1
Saint Lucia,H4,1
Saint Lucia,M1,1
Saint Lucia,R1,1
Saint Vincent and the Grenadines,A2,4
Saint Vincent and the Grenadines,B1,1
Saint Vincent and the Grenadines,B1/B2,150
Saint Vincent and the Grenadines,B2,2
Saint Vincent and the Grenadines,C1/D,17
Saint Vincent and the Grenadines,F1,1
Samoa,A2,1
Samoa,B1/B2,55
Samoa,J1,3
Samoa,M1,1
Samoa,R1,3
San Marino,A1,5
San Marino,B1/B2,1
Sao Tome and Principe,A2,6
Sao Tome and Principe,B1/B2,1
Saudi Arabia,A1,19
Saudi Arabia,A2,500
Saudi Arabia,B1/B2,"4,084"
Saudi Arabia,C1,2
Saudi Arabia,D,88
Saudi Arabia,F1,182
Saudi Arabia,F2,81
Saudi Arabia,G2,12
Saudi Arabia,G4,3
Saudi Arabia,H1B,16
Saudi Arabia,H4,8
Saudi Arabia,J1,22
Saudi Arabia,J2,12
Saudi Arabia,K1,1
Saudi Arabia,L1,9
Saudi Arabia,L2,25
Saudi Arabia,M1,41
Saudi Arabia,O1,5
Saudi Arabia,O3,1
Senegal,A1,4
Senegal,A2,15
Senegal,B1/B2,441
Senegal,F1,16
Senegal,G1,2
Senegal,G2,6
Senegal,G4,17
Senegal,H1B,4
Senegal,H4,2
Senegal,I,2
Senegal,J1,7
Senegal,K1,6
Senegal,O1,1
Senegal,O2,1
Senegal,O3,5
Senegal,P1,3
Serbia,A1,4
Serbia,A2,3
Serbia,B1,7
Serbia,B1/B2,"1,480"
Serbia,C1,3
Serbia,C1/D,113
Serbia,F1,58
Serbia,G2,13
Serbia,G4,3
Serbia,H1B,21
Serbia,H2B,35
Serbia,H4,3
Serbia,I,2
Serbia,J1,13
Serbia,K1,3
Serbia,K2,1
Serbia,L1,20
Serbia,L2,14
Serbia,O1,6
Serbia,O3,1
Serbia,P1,3
Seychelles,B1/B2,4
Seychelles,C1/D,2
Seychelles,G2,1
Seychelles,G4,1
Seychelles,H4,1
Sierra Leone,A1,4
Sierra Leone,A2,22
Sierra Leone,B1,6
Sierra Leone,B1/B2,156
Sierra Leone,B2,20
Sierra Leone,C1,1
Sierra Leone,C1/D,1
Sierra Leone,F1,12
Sierra Leone,F2,2
Sierra Leone,G2,20
Sierra Leone,G4,3
Sierra Leone,J1,1
Sierra Leone,J2,1
Sierra Leone,K1,14
Sierra Leone,K2,2
Sierra Leone,L1,1
Sierra Leone,M1,1
Sierra Leone,P1,1
Sierra Leone,R1,1
Singapore,A1,3
Singapore,A2,77
Singapore,B1,1
Singapore,B1/B2,67
Singapore,C1,1
Singapore,C1/D,229
Singapore,E2,10
Singapore,E3D,1
Singapore,F1,45
Singapore,F2,2
Singapore,G2,3
Singapore,G4,3
Singapore,H1B,37
Singapore,H1B1,88
Singapore,H3,2
Singapore,H4,20
Singapore,I,3
Singapore,J1,40
Singapore,J2,5
Singapore,K1,2
Singapore,L1,29
Singapore,L2,35
Singapore,M1,2
Singapore,O1,6
Singapore,O3,1
Singapore,P1,2
Slovakia,A1,1
Slovakia,A2,39
Slovakia,B1,2
Slovakia,B1/B2,99
Slovakia,C1/D,12
Slovakia,E2,11
Slovakia,F1,10
Slovakia,F2,1
Slovakia,G2,1
Slovakia,H1B,3
Slovakia,H2B,1
Slovakia,H4,1
Slovakia,I,4
Slovakia,J1,11
Slovakia,J2,5
Slovakia,K1,5
Slovakia,L1,8
Slovakia,L2,1
Slovakia,NATO1,1
Slovakia,NATO2,1
Slovakia,O1,2
Slovakia,P1,2
Slovakia,P2,1
Slovakia,P4,1
Slovenia,A2,3
Slovenia,B1,3
Slovenia,B1/B2,41
Slovenia,C1/D,4
Slovenia,F1,7
Slovenia,G2,6
Slovenia,G4,5
Slovenia,H1B,2
Slovenia,J1,11
Slovenia,K1,2
Slovenia,L1,3
Slovenia,NATO2,7
Slovenia,O1,1
Solomon Islands,A2,1
Solomon Islands,B1/B2,1
Solomon Islands,C1,1
Solomon Islands,G4,1
Solomon Islands,H4,1
Solomon Islands,J1,3
Somalia,A1,2
Somalia,A2,1
Somalia,B1/B2,14
Somalia,F1,2
Somalia,G2,5
Somalia,G4,1
Somalia,K1,5
South Africa,A1,1
South Africa,A2,6
South Africa,A3,1
South Africa,B1,16
South Africa,B1/B2,"3,755"
South Africa,B2,1
South Africa,C1,3
South Africa,C1/D,426
South Africa,D,1
South Africa,E2,3
South Africa,F1,83
South Africa,F2,2
South Africa,G2,1
South Africa,G4,10
South Africa,H1B,21
South Africa,H2A,"1,315"
South Africa,H2B,208
South Africa,H3,1
South Africa,H4,42
South Africa,I,2
South Africa,J1,243
South Africa,J2,6
South Africa,K1,6
South Africa,K2,1
South Africa,L1,53
South Africa,L2,71
South Africa,M1,6
South Africa,O1,17
South Africa,O2,2
South Africa,P1,24
South Africa,P4,8
South Africa,R1,6
South Africa,R2,11
South Sudan,A1,5
South Sudan,A2,16
South Sudan,B1,1
South Sudan,B1/B2,11
South Sudan,F1,16
South Sudan,G1,1
South Sudan,G4,1
South Sudan,H1B,1
South Sudan,J1,3
South Sudan,K1,2
South Sudan,O1,9
Spain,A1,5
Spain,A2,18
Spain,A3,1
Spain,B1,6
Spain,B1/B2,"1,236"
Spain,B2,15
Spain,C1/D,226
Spain,C3,1
Spain,E1,6
Spain,E2,107
Spain,E3D,1
Spain,F1,98
Spain,F2,3
Spain,G4,44
Spain,H1B,88
Spain,H3,14
Spain,H4,20
Spain,I,46
Spain,J1,365
Spain,J2,27
Spain,K1,17
Spain,K2,5
Spain,L1,126
Spain,L2,95
Spain,M1,3
Spain,NATO2,16
Spain,O1,62
Spain,O2,36
Spain,O3,17
Spain,P1,34
Spain,P3,65
Spain,P4,13
Spain,R1,4
Spain,TD,4
Sri Lanka,A2,13
Sri Lanka,A3,4
Sri Lanka,B1,9
Sri Lanka,B1/B2,887
Sri Lanka,C1,22
Sri Lanka,C1/D,97
Sri Lanka,E2,1
Sri Lanka,F1,36
Sri Lanka,F2,3
Sri Lanka,G2,6
Sri Lanka,G4,9
Sri Lanka,H1B,24
Sri Lanka,H4,10
Sri Lanka,J1,15
Sri Lanka,J2,10
Sri Lanka,K1,1
Sri Lanka,L1,8
Sri Lanka,L2,4
Sri Lanka,M1,2
Sri Lanka,O1,1
Sri Lanka,P3,7
Sri Lanka,R1,4
Sudan,A1,1
Sudan,A2,1
Sudan,A3,1
Sudan,B1,5
Sudan,B1/B2,257
Sudan,F1,9
Sudan,F2,5
Sudan,G1,6
Sudan,G2,1
Sudan,G4,14
Sudan,H1B,2
Sudan,H4,1
Sudan,J1,6
Sudan,J2,2
Sudan,K1,4
Sudan,L1,1
Sudan,L2,1
Sudan,M1,1
Sudan,O1,1
Sudan,TD,2
Suriname,A1,2
Suriname,A2,3
Suriname,B1/B2,674
Suriname,C1/D,3
Suriname,C3,1
Suriname,F1,2
Suriname,G4,2
Suriname,H1B,2
Suriname,J1,1
Suriname,L1,1
Suriname,M1,1
Suriname,O1,1
Suriname,R1,1
Sweden,A2,118
Sweden,B1,5
Sweden,B1/B2,304
Sweden,C1/D,74
Sweden,C3,1
Sweden,E2,26
Sweden,E3D,1
Sweden,F1,133
Sweden,F2,1
Sweden,G1,4
Sweden,G2,4
Sweden,G3,1
Sweden,G4,14
Sweden,H1B,10
Sweden,H4,1
Sweden,I,8
Sweden,J1,45
Sweden,J2,4
Sweden,K1,6
Sweden,L1,31
Sweden,L2,16
Sweden,O1,30
Sweden,O2,6
Sweden,O3,9
Sweden,P1,24
Sweden,P3,1
Sweden,P4,2
Switzerland,A1,1
Switzerland,A2,44
Switzerland,B1,1
Switzerland,B1/B2,197
Switzerland,C1/D,74
Switzerland,C3,3
Switzerland,E1,1
Switzerland,E2,20
Switzerland,F1,67
Switzerland,G2,5
Switzerland,G4,12
Switzerland,H1B,8
Switzerland,H2A,1
Switzerland,H4,3
Switzerland,I,4
Switzerland,J1,53
Switzerland,J2,16
Switzerland,K1,2
Switzerland,L1,17
Switzerland,L2,5
Switzerland,M1,3
Switzerland,O1,15
Switzerland,O2,2
Switzerland,O3,2
Switzerland,P1,8
Syria,A2,1
Syria,B1/B2,324
Syria,F1,19
Syria,G1,6
Syria,G2,1
Syria,G4,3
Syria,H1B,2
Syria,I,1
Syria,J1,6
Syria,J2,7
Syria,K1,24
Syria,L1,1
Syria,L2,3
Syria,O1,1
Taiwan,B1,4
Taiwan,B1/B2,706
Taiwan,C1,5
Taiwan,C1/D,219
Taiwan,E1,21
Taiwan,E2,194
Taiwan,F1,231
Taiwan,F2,21
Taiwan,G4,1
Taiwan,H1B,263
Taiwan,H4,40
Taiwan,I,2
Taiwan,J1,93
Taiwan,J2,13
Taiwan,K1,10
Taiwan,L1,85
Taiwan,L2,52
Taiwan,M1,4
Taiwan,O1,21
Taiwan,O2,22
Taiwan,P1,28
Taiwan,P3,2
Taiwan,P4,1
Taiwan,R1,5
Tajikistan,A2,2
Tajikistan,B1/B2,130
Tajikistan,F1,7
Tajikistan,G1,4
Tajikistan,G4,2
Tajikistan,J1,2
Tajikistan,K1,4
Tajikistan,K2,1
Tanzania,A1,14
Tanzania,A2,22
Tanzania,B1,5
Tanzania,B1/B2,426
Tanzania,C1,3
Tanzania,C1/D,16
Tanzania,F1,48
Tanzania,F2,1
Tanzania,G1,1
Tanzania,G2,10
Tanzania,G4,11
Tanzania,H1B,7
Tanzania,H3,1
Tanzania,J1,15
Tanzania,J2,4
Tanzania,K1,5
Tanzania,K2,1
Tanzania,L1,1
Tanzania,R1,3
Thailand,A1,6
Thailand,A2,120
Thailand,B1,14
Thailand,B1/B2,"3,058"
Thailand,B2,36
Thailand,C1,10
Thailand,C1/D,287
Thailand,CW1,3
Thailand,E1,5
Thailand,E2,40
Thailand,F1,213
Thailand,F2,10
Thailand,G2,2
Thailand,G4,3
Thailand,H1B,55
Thailand,H2B,6
Thailand,H4,9
Thailand,I,3
Thailand,J1,771
Thailand,J2,4
Thailand,K1,126
Thailand,K2,13
Thailand,L1,24
Thailand,L2,19
Thailand,O1,7
Thailand,O2,1
Thailand,R1,15
Thailand,R2,1
Timor-Leste,B1/B2,4
Timor-Leste,F1,5
Timor-Leste,G2,1
Timor-Leste,J1,1
Timor-Leste,J2,1
Timor-Leste,M1,1
Togo,A2,5
Togo,B1/B2,199
Togo,C1,3
Togo,D,2
Togo,F1,14
Togo,G4,4
Togo,J1,3
Togo,K1,7
Togo,K2,2
Togo,O1,1
Togo,R1,2
Tonga,A1,1
Tonga,A2,3
Tonga,B1/B2,51
Tonga,C1,1
Tonga,F1,1
Tonga,F2,2
Tonga,G2,2
Tonga,J1,1
Tonga,K1,1
Tonga,R1,3
Trinidad and Tobago,A1,1
Trinidad and Tobago,A2,6
Trinidad and Tobago,B1/B2,"4,742"
Trinidad and Tobago,C1,2
Trinidad and Tobago,C1/D,16
Trinidad and Tobago,C2,1
Trinidad and Tobago,C3,1
Trinidad and Tobago,E2,4
Trinidad and Tobago,F1,19
Trinidad and Tobago,G1,1
Trinidad and Tobago,G2,3
Trinidad and Tobago,G4,4
Trinidad and Tobago,H1B,10
Trinidad and Tobago,H4,3
Trinidad and Tobago,I,1
Trinidad and Tobago,J1,8
Trinidad and Tobago,J2,1
Trinidad and Tobago,K1,3
Trinidad and Tobago,L1,11
Trinidad and Tobago,L2,16
Trinidad and Tobago,M1,1
Trinidad and Tobago,O1,2
Trinidad and Tobago,O2,2
Trinidad and Tobago,P1,4
Trinidad and Tobago,P3,4
Trinidad and Tobago,P4,2
Trinidad and Tobago,R1,2
Tunisia,A1,1
Tunisia,A2,9
Tunisia,A3,2
Tunisia,B1,1
Tunisia,B1/B2,540
Tunisia,C1,1
Tunisia,C1/D,100
Tunisia,E2,1
Tunisia,F1,21
Tunisia,F2,1
Tunisia,G2,2
Tunisia,G4,3
Tunisia,H1B,3
Tunisia,J1,9
Tunisia,J2,1
Tunisia,K1,11
Tunisia,L1,4
Tunisia,L2,2
Turkey,A1,1
Turkey,A2,48
Turkey,A3,1
Turkey,B1,5
Turkey,B1/B2,"10,114"
Turkey,B2,1
Turkey,C1/D,429
Turkey,E1,12
Turkey,E2,43
Turkey,F1,135
Turkey,F2,13
Turkey,G2,12
Turkey,G4,12
Turkey,H1B,75
Turkey,H2B,5
Turkey,H4,25
Turkey,I,6
Turkey,J1,192
Turkey,J2,68
Turkey,K1,34
Turkey,K2,1
Turkey,L1,64
Turkey,L2,45
Turkey,NATO2,4
Turkey,NATO4,2
Turkey,NATO6,1
Turkey,O1,19
Turkey,O2,1
Turkey,O3,14
Turkey,Q1,1
Turkey,R1,1
Turkey,R2,4
Turkmenistan,A2,4
Turkmenistan,B1,1
Turkmenistan,B1/B2,148
Turkmenistan,C1/D,1
Turkmenistan,F1,41
Turkmenistan,F2,4
Turkmenistan,G2,4
Turkmenistan,G4,1
Turkmenistan,H1B,4
Turkmenistan,H4,7
Turkmenistan,K1,1
Turks and Caicos Islands,B1/B2,24
Turks and Caicos Islands,F1,8
Turks and Caicos Islands,M1,2
Turks and Caicos Islands,R2,1
Tuvalu,B1/B2,1
Tuvalu,C3,3
Uganda,A1,1
Uganda,A2,19
Uganda,B1,1
Uganda,B1/B2,348
Uganda,C1,28
Uganda,D,27
Uganda,F1,91
Uganda,F2,12
Uganda,G1,2
Uganda,G2,4
Uganda,G4,27
Uganda,G5,1
Uganda,H1B,9
Uganda,H4,13
Uganda,J1,28
Uganda,J2,3
Uganda,K1,25
Uganda,K2,6
Uganda,L1,1
Uganda,L2,1
Uganda,M1,1
Uganda,P3,17
Uganda,R1,5
Ukraine,A2,96
Ukraine,B1,44
Ukraine,B1/B2,"2,808"
Ukraine,C1,2
Ukraine,C1/D,272
Ukraine,C2,3
Ukraine,E2,16
Ukraine,F1,25
Ukraine,F2,2
Ukraine,G4,10
Ukraine,H1B,16
Ukraine,H2A,26
Ukraine,H2B,3
Ukraine,H4,9
Ukraine,I,2
Ukraine,J1,81
Ukraine,J2,3
Ukraine,K1,6
Ukraine,K2,1
Ukraine,L1,29
Ukraine,L2,30
Ukraine,M1,2
Ukraine,M2,1
Ukraine,O1,9
Ukraine,O2,1
Ukraine,O3,3
Ukraine,P1,23
Ukraine,P3,6
United Arab Emirates,A2,72
United Arab Emirates,B1,2
United Arab Emirates,B1/B2,"1,451"
United Arab Emirates,D,12
United Arab Emirates,F1,34
United Arab Emirates,G1,1
United Arab Emirates,G4,1
United Arab Emirates,J1,6
United Arab Emirates,L1,2
United Arab Emirates,L2,2
Uruguay,A1,3
Uruguay,A2,3
Uruguay,B1,1
Uruguay,B1/B2,"2,186"
Uruguay,C1/D,21
Uruguay,E2,2
Uruguay,E3,1
Uruguay,F1,8
Uruguay,G1,1
Uruguay,G2,1
Uruguay,G4,11
Uruguay,H1B,6
Uruguay,H2A,35
Uruguay,H4,3
Uruguay,J1,9
Uruguay,J2,4
Uruguay,L1,2
Uruguay,L2,1
Uruguay,O1,3
Uruguay,O3,2
Uruguay,P1,7
Uzbekistan,A1,5
Uzbekistan,A2,16
Uzbekistan,B1,4
Uzbekistan,B1/B2,636
Uzbekistan,C1/D,29
Uzbekistan,F1,44
Uzbekistan,F2,3
Uzbekistan,G2,6
Uzbekistan,G4,5
Uzbekistan,H1B,2
Uzbekistan,H4,1
Uzbekistan,I,2
Uzbekistan,J1,18
Uzbekistan,K1,12
Uzbekistan,K2,1
Uzbekistan,O1,2
Uzbekistan,O3,4
Uzbekistan,P1,4
Uzbekistan,P4,4
Vanuatu,B1/B2,13
Vanuatu,G2,1
Vanuatu,J1,1
Venezuela,B1,7
Venezuela,B1/B2,"5,668"
Venezuela,B2,19
Venezuela,C1/D,48
Venezuela,E2,7
Venezuela,F1,47
Venezuela,F2,2
Venezuela,G3,5
Venezuela,G4,7
Venezuela,H1B,13
Venezuela,H3,2
Venezuela,H4,6
Venezuela,I,1
Venezuela,J1,18
Venezuela,J2,8
Venezuela,K1,47
Venezuela,K2,12
Venezuela,L1,21
Venezuela,L2,27
Venezuela,O1,12
Venezuela,O2,9
Venezuela,O3,8
Venezuela,P1,97
Venezuela,P3,2
Venezuela,P4,26
Venezuela,R1,1
Venezuela,TD,2
Vietnam,A1,22
Vietnam,A2,16
Vietnam,B1,6
Vietnam,B1/B2,"9,557"
Vietnam,B2,52
Vietnam,C1,9
Vietnam,C1/D,232
Vietnam,E2,1
Vietnam,E3D,4
Vietnam,F1,874
Vietnam,F2,24
Vietnam,G1,8
Vietnam,G2,14
Vietnam,G4,44
Vietnam,H1B,98
Vietnam,H3,1
Vietnam,H4,8
Vietnam,I,1
Vietnam,J1,72
Vietnam,J2,3
Vietnam,K1,189
Vietnam,K2,29
Vietnam,L1,33
Vietnam,L2,46
Vietnam,M1,18
Vietnam,O1,15
Vietnam,O2,12
Vietnam,O3,5
Vietnam,P3,6
Vietnam,P4,1
Vietnam,R1,15
Vietnam,TD,2
Yemen,A2,3
Yemen,B1,2
Yemen,B1/B2,252
Yemen,B2,5
Yemen,F1,15
Yemen,F2,2
Yemen,G1,3
Yemen,G2,2
Yemen,G4,10
Yemen,H1B,2
Yemen,H4,2
Yemen,J1,4
Yemen,J2,8
Yemen,K1,10
Zambia,A2,8
Zambia,B1/B2,181
Zambia,C1/D,16
Zambia,F1,8
Zambia,F2,4
Zambia,G2,5
Zambia,G4,21
Zambia,H1B,1
Zambia,H4,1
Zambia,J1,31
Zambia,J2,4
Zambia,O1,1
Zimbabwe,A1,8
Zimbabwe,A2,1
Zimbabwe,B1,3
Zimbabwe,B1/B2,626
Zimbabwe,C1,9
Zimbabwe,C1/D,218
Zimbabwe,D,25
Zimbabwe,F1,110
Zimbabwe,F2,23
Zimbabwe,G1,6
Zimbabwe,G2,9
Zimbabwe,G4,26
Zimbabwe,H1B,14
Zimbabwe,H2A,1
Zimbabwe,H4,6
Zimbabwe,J1,54
Zimbabwe,J2,13
Zimbabwe,K1,2
Zimbabwe,L1,5
Zimbabwe,L2,10
Zimbabwe,M1,1
Zimbabwe,O1,1
Zimbabwe,O2,1
Zimbabwe,P3,2
Zimbabwe,R1,1
GRAND TOTAL,,"875,162"
"*""Non-nationality based issuances"" includes individuals presenting travel documents issued by a competent authority other than their country of nationality, including, for example, aliens traveling on a Laissez-Passer issued by the United Nations and refugees residing in another country.",,