Nonimmigrant Visa Issuances by Nationality                                                      June 2024 (FY 2024),,
Nationality,Visa Class,Issuances
Afghanistan,B1,1
Afghanistan,B1/B2,160
Afghanistan,E2,1
Afghanistan,F1,41
Afghanistan,F2,2
Afghanistan,G4,9
Afghanistan,H1B,1
Afghanistan,H4,2
Afghanistan,J1,5
Afghanistan,K1,13
Afghanistan,L1,1
Afghanistan,P1,3
Afghanistan,P4,1
Albania,A1,3
Albania,A2,19
Albania,B1,1
Albania,B1/B2,"1,927"
Albania,C1/D,10
Albania,E2,1
Albania,F1,92
Albania,G4,8
Albania,H1B,1
Albania,H4,2
Albania,J1,94
Albania,K1,9
Albania,L1,1
Albania,NATO2,6
Albania,U2,1
Algeria,A1,20
Algeria,A2,8
Algeria,B1/B2,"1,234"
Algeria,B2,5
Algeria,C1,3
Algeria,D,11
Algeria,F1,30
Algeria,F2,1
Algeria,G1,1
Algeria,G2,10
Algeria,G4,1
Algeria,H1B,2
Algeria,H4,2
Algeria,I,2
Algeria,J1,57
Algeria,J2,4
Algeria,K1,8
Algeria,O1,1
Algeria,O3,4
Algeria,P3,1
Andorra,B1/B2,1
Andorra,F1,4
Andorra,J1,4
Angola,A1,10
Angola,A2,28
Angola,B1,1
Angola,B1/B2,443
Angola,C1/D,11
Angola,F1,34
Angola,G1,4
Angola,G2,8
Angola,H1B,1
Angola,I,1
Angola,J1,9
Angola,L1,2
Angola,L2,3
Anguilla,P3,1
Antigua and Barbuda,A2,2
Antigua and Barbuda,B1/B2,222
Antigua and Barbuda,F1,7
Antigua and Barbuda,G2,1
Antigua and Barbuda,G4,1
Antigua and Barbuda,H1B,1
Antigua and Barbuda,J1,2
Antigua and Barbuda,M1,1
Argentina,A1,2
Argentina,A2,22
Argentina,B1,10
Argentina,B1/B2,"18,374"
Argentina,B2,31
Argentina,C1,3
Argentina,C1/D,153
Argentina,C3,4
Argentina,E1,6
Argentina,E2,41
Argentina,F1,328
Argentina,F2,12
Argentina,G2,6
Argentina,G4,21
Argentina,H1B,19
Argentina,H2A,2
Argentina,H4,14
Argentina,I,14
Argentina,J1,246
Argentina,J2,54
Argentina,K1,6
Argentina,L1,59
Argentina,L2,87
Argentina,M1,3
Argentina,N8,2
Argentina,O1,24
Argentina,O2,5
Argentina,O3,26
Argentina,P1,51
Argentina,P3,14
Argentina,P4,10
Argentina,R1,2
Argentina,TD,1
Armenia,A1,5
Armenia,A2,13
Armenia,B1/B2,"1,028"
Armenia,D,1
Armenia,E2,2
Armenia,F1,34
Armenia,F2,3
Armenia,G1,1
Armenia,G2,6
Armenia,G4,2
Armenia,H1B,5
Armenia,H4,6
Armenia,J1,22
Armenia,J2,2
Armenia,K1,12
Armenia,K2,3
Armenia,L1,2
Armenia,L2,6
Armenia,P1,76
Australia,A1,29
Australia,A2,393
Australia,B1,4
Australia,B1/B2,691
Australia,B2,1
Australia,C1,4
Australia,C1/D,142
Australia,C3,5
Australia,E2,27
Australia,E3,298
Australia,E3D,273
Australia,E3R,228
Australia,F1,379
Australia,F2,10
Australia,G1,5
Australia,G2,2
Australia,G4,15
Australia,H1B,43
Australia,H2B,2
Australia,H4,22
Australia,I,22
Australia,J1,244
Australia,J2,16
Australia,K1,6
Australia,L1,68
Australia,L2,82
Australia,M1,18
Australia,M2,6
Australia,O1,45
Australia,O2,37
Australia,O3,9
Australia,P1,64
Australia,P3,3
Australia,P4,3
Australia,R1,3
Australia,R2,1
Austria,A1,4
Austria,A2,44
Austria,B1,6
Austria,B1/B2,183
Austria,C1/D,34
Austria,E1,5
Austria,E2,18
Austria,F1,70
Austria,G1,2
Austria,G2,1
Austria,G4,5
Austria,H1B,12
Austria,H4,4
Austria,I,3
Austria,J1,183
Austria,J2,5
Austria,K1,2
Austria,K2,2
Austria,L1,50
Austria,L2,11
Austria,M1,1
Austria,NATO2,1
Austria,O1,7
Austria,O2,4
Austria,P1,1
Austria,P3,1
Azerbaijan,A1,10
Azerbaijan,A2,16
Azerbaijan,B1,2
Azerbaijan,B1/B2,575
Azerbaijan,C1/D,14
Azerbaijan,E2,2
Azerbaijan,F1,153
Azerbaijan,F2,9
Azerbaijan,G1,6
Azerbaijan,G2,5
Azerbaijan,G4,5
Azerbaijan,H1B,8
Azerbaijan,H4,6
Azerbaijan,I,6
Azerbaijan,J1,36
Azerbaijan,J2,3
Azerbaijan,K1,3
Azerbaijan,L1,3
Azerbaijan,L2,4
Azerbaijan,O1,1
Azerbaijan,O2,1
Azerbaijan,O3,2
Azerbaijan,P1,1
Azerbaijan,TD,1
"Bahamas, The",A1,6
"Bahamas, The",A2,7
"Bahamas, The",B1,1
"Bahamas, The",B1/B2,"1,056"
"Bahamas, The",B2,6
"Bahamas, The",C1,1
"Bahamas, The",C1/D,3
"Bahamas, The",C3,7
"Bahamas, The",F1,188
"Bahamas, The",F2,1
"Bahamas, The",H1B,16
"Bahamas, The",H4,3
"Bahamas, The",J1,15
"Bahamas, The",J2,15
"Bahamas, The",K1,1
"Bahamas, The",L1,1
"Bahamas, The",L2,1
"Bahamas, The",M1,4
"Bahamas, The",O1,1
"Bahamas, The",P1,4
Bahrain,A1,3
Bahrain,A2,25
Bahrain,B1,1
Bahrain,B1/B2,253
Bahrain,C1/D,2
Bahrain,E2,1
Bahrain,F1,16
Bahrain,G2,5
Bahrain,J1,9
Bahrain,O1,1
Bangladesh,A1,1
Bangladesh,A2,41
Bangladesh,B1,13
Bangladesh,B1/B2,"2,620"
Bangladesh,C1/D,78
Bangladesh,CW1,1
Bangladesh,E2,1
Bangladesh,F1,"1,344"
Bangladesh,F2,359
Bangladesh,G1,6
Bangladesh,G2,28
Bangladesh,G4,6
Bangladesh,H1B,39
Bangladesh,H4,34
Bangladesh,I,8
Bangladesh,J1,46
Bangladesh,J2,14
Bangladesh,K1,3
Bangladesh,L1,4
Bangladesh,L2,10
Bangladesh,P3,6
Bangladesh,T5,1
Bangladesh,T6,1
Barbados,A2,3
Barbados,B1,1
Barbados,B1/B2,868
Barbados,B2,2
Barbados,C1/D,2
Barbados,F1,26
Barbados,G2,1
Barbados,G4,3
Barbados,H1B,3
Barbados,H2B,5
Barbados,I,1
Barbados,J1,22
Barbados,J2,6
Barbados,L1,1
Barbados,L2,1
Barbados,M1,1
Barbados,O2,1
Barbados,P1,1
Belarus,B1/B2,492
Belarus,C1/D,19
Belarus,E2,1
Belarus,F1,35
Belarus,G1,2
Belarus,G4,4
Belarus,H1B,5
Belarus,H2B,1
Belarus,H4,4
Belarus,J1,46
Belarus,K1,13
Belarus,K2,3
Belarus,L1,7
Belarus,L2,9
Belarus,M1,1
Belarus,O1,1
Belarus,O3,6
Belarus,P1,7
Belarus,P4,1
Belarus,R1,1
Belarus,R2,1
Belgium,A1,16
Belgium,A2,52
Belgium,B1/B2,251
Belgium,C1/D,69
Belgium,E1,2
Belgium,E2,30
Belgium,F1,142
Belgium,G2,4
Belgium,G3,3
Belgium,G4,11
Belgium,H1B,6
Belgium,H2B,2
Belgium,H4,1
Belgium,I,19
Belgium,J1,192
Belgium,J2,13
Belgium,K1,4
Belgium,L1,40
Belgium,L2,45
Belgium,M1,5
Belgium,NATO2,74
Belgium,NATO4,31
Belgium,NATO6,9
Belgium,O1,10
Belgium,O2,5
Belgium,O3,8
Belgium,P1,5
Belgium,R1,1
Belize,A2,29
Belize,B1,1
Belize,B1/B2,867
Belize,C1,5
Belize,C1/D,2
Belize,C3,17
Belize,F1,35
Belize,F2,3
Belize,G4,1
Belize,H1B,2
Belize,J1,19
Belize,J2,7
Belize,K1,4
Belize,K2,1
Belize,L2,1
Benin,A1,4
Benin,A2,4
Benin,B1,1
Benin,B1/B2,149
Benin,C3,1
Benin,F1,27
Benin,F2,2
Benin,G2,1
Benin,G4,4
Benin,J1,4
Benin,K1,1
Benin,O1,2
Benin,P1,1
Bermuda,B1/B2,8
Bermuda,F1,1
Bhutan,A1,1
Bhutan,A2,4
Bhutan,B1/B2,35
Bhutan,F1,20
Bhutan,F2,5
Bhutan,G2,3
Bhutan,J1,5
Bhutan,J2,1
Bhutan,K1,1
Bolivia,A2,1
Bolivia,B1,3
Bolivia,B1/B2,"2,209"
Bolivia,C1,6
Bolivia,C1/D,25
Bolivia,F1,90
Bolivia,G1,8
Bolivia,G4,8
Bolivia,H4,6
Bolivia,I,8
Bolivia,J1,35
Bolivia,K1,8
Bolivia,K2,1
Bolivia,L1,2
Bolivia,L2,2
Bolivia,M1,1
Bolivia,O1,4
Bolivia,O3,1
Bolivia,P1,1
Bolivia,R1,4
Bolivia,R2,3
Bosnia-Herzegovina,A1,4
Bosnia-Herzegovina,A2,23
Bosnia-Herzegovina,B1,4
Bosnia-Herzegovina,B1/B2,357
Bosnia-Herzegovina,C1/D,11
Bosnia-Herzegovina,E2,1
Bosnia-Herzegovina,F1,30
Bosnia-Herzegovina,G1,4
Bosnia-Herzegovina,G2,3
Bosnia-Herzegovina,G4,8
Bosnia-Herzegovina,H1B,2
Bosnia-Herzegovina,J1,34
Bosnia-Herzegovina,J2,1
Bosnia-Herzegovina,K1,3
Bosnia-Herzegovina,L1,1
Bosnia-Herzegovina,P3,2
Bosnia-Herzegovina,R1,2
Bosnia-Herzegovina,R2,4
Botswana,A1,4
Botswana,A2,39
Botswana,B1/B2,97
Botswana,F1,14
Botswana,G1,4
Botswana,G2,9
Botswana,H1B,1
Botswana,J1,19
Botswana,K1,1
Botswana,K2,1
Botswana,L1,1
Botswana,M1,2
Brazil,A1,16
Brazil,A2,241
Brazil,A3,2
Brazil,B1,254
Brazil,B1/B2,"70,456"
Brazil,B2,3
Brazil,C1,27
Brazil,C1/D,383
Brazil,C3,23
Brazil,E2,8
Brazil,F1,"1,429"
Brazil,F2,169
Brazil,G1,6
Brazil,G2,11
Brazil,G4,43
Brazil,H1B,185
Brazil,H2A,12
Brazil,H3,1
Brazil,H4,154
Brazil,I,10
Brazil,J1,"1,319"
Brazil,J2,192
Brazil,K1,113
Brazil,K2,19
Brazil,L1,503
Brazil,L2,910
Brazil,M1,24
Brazil,M2,1
Brazil,O1,132
Brazil,O2,64
Brazil,O3,56
Brazil,P1,84
Brazil,P3,2
Brazil,P4,13
Brazil,R1,24
Brazil,R2,15
Brazil,T3,1
British National Overseas (Hong Kong) Passport,B1/B2,191
British National Overseas (Hong Kong) Passport,C1/D,2
British National Overseas (Hong Kong) Passport,F1,3
British National Overseas (Hong Kong) Passport,H1B,2
British National Overseas (Hong Kong) Passport,J1,2
British National Overseas (Hong Kong) Passport,M1,1
British Virgin Islands,B1/B2,3
British Virgin Islands,C1/D,1
British Virgin Islands,F1,1
Brunei,A2,5
Brunei,B1/B2,2
Brunei,F1,1
Brunei,G2,1
Brunei,J1,1
Brunei,M1,1
Bulgaria,A2,3
Bulgaria,B1,16
Bulgaria,B1/B2,763
Bulgaria,C1,1
Bulgaria,C1/D,46
Bulgaria,E2,1
Bulgaria,F1,46
Bulgaria,G1,1
Bulgaria,G2,3
Bulgaria,G4,5
Bulgaria,H1B,4
Bulgaria,H2B,17
Bulgaria,I,4
Bulgaria,J1,110
Bulgaria,J2,1
Bulgaria,K1,2
Bulgaria,L1,7
Bulgaria,L2,5
Bulgaria,NATO2,6
Bulgaria,NATO6,1
Bulgaria,O1,1
Bulgaria,O3,1
Burkina Faso,A2,4
Burkina Faso,B1/B2,252
Burkina Faso,F1,23
Burkina Faso,F2,1
Burkina Faso,G2,3
Burkina Faso,G4,3
Burkina Faso,J1,13
Burkina Faso,K1,3
Burma,A1,14
Burma,B1,5
Burma,B1/B2,256
Burma,C1,124
Burma,D,338
Burma,E2,1
Burma,F1,350
Burma,F2,34
Burma,G4,12
Burma,H1B,4
Burma,H4,1
Burma,J1,22
Burma,K1,34
Burma,K2,1
Burma,L1,1
Burma,L2,5
Burma,P3,1
Burundi,A1,1
Burundi,A2,7
Burundi,B1,1
Burundi,B1/B2,61
Burundi,C1,2
Burundi,F1,12
Burundi,G1,1
Burundi,G2,4
Burundi,G4,1
Burundi,H1B,1
Burundi,J1,2
Burundi,K1,7
Burundi,TD,1
Cabo Verde,A2,17
Cabo Verde,B1/B2,340
Cabo Verde,F1,1
Cabo Verde,G4,1
Cabo Verde,I,3
Cabo Verde,K1,19
Cabo Verde,K2,8
Cabo Verde,R1,1
Cambodia,A2,7
Cambodia,B1,5
Cambodia,B1/B2,896
Cambodia,B2,1
Cambodia,C1,2
Cambodia,D,1
Cambodia,F1,141
Cambodia,F2,5
Cambodia,G2,9
Cambodia,G4,5
Cambodia,H1B,2
Cambodia,J1,22
Cambodia,J2,1
Cambodia,K1,45
Cambodia,K2,3
Cambodia,P3,3
Cambodia,R1,1
Cameroon,A1,7
Cameroon,A2,8
Cameroon,B1,3
Cameroon,B1/B2,"1,017"
Cameroon,B2,20
Cameroon,C1,2
Cameroon,C1/D,7
Cameroon,C3,1
Cameroon,F1,90
Cameroon,F2,2
Cameroon,G1,9
Cameroon,G2,10
Cameroon,G4,34
Cameroon,H1B,4
Cameroon,H4,11
Cameroon,I,1
Cameroon,J1,34
Cameroon,J2,1
Cameroon,K1,33
Cameroon,K2,4
Cameroon,L1,3
Cameroon,M1,1
Cameroon,P1,1
Cameroon,R1,3
Canada,A1,40
Canada,A2,5
Canada,B1/B2,16
Canada,E1,112
Canada,E2,570
Canada,F1,49
Canada,F2,5
Canada,G1,9
Canada,G4,49
Canada,H1B,7
Canada,H4,20
Canada,I,3
Canada,J1,7
Canada,J2,9
Canada,K1,56
Canada,K2,1
Canada,L1,17
Canada,L2,38
Canada,M1,2
Canada,NATO2,134
Canada,NATO4,4
Canada,O1,9
Canada,O2,1
Canada,O3,7
Canada,P1,2
Canada,P3,1
Canada,R1,2
Canada,R2,4
Canada,TD,3
Canada,TN,3
Cayman Islands,B1/B2,95
Cayman Islands,C1/D,2
Cayman Islands,F1,7
Central African Republic,A1,5
Central African Republic,A2,3
Central African Republic,B1/B2,15
Central African Republic,F1,2
Central African Republic,G2,1
Central African Republic,G4,1
Central African Republic,J1,6
Chad,A1,1
Chad,A2,12
Chad,B1,1
Chad,B1/B2,70
Chad,F1,2
Chad,G1,1
Chad,G2,18
Chad,G4,3
Chad,J1,7
Chad,L1,1
Chile,A2,91
Chile,B1,18
Chile,B1/B2,542
Chile,B2,1
Chile,C1,2
Chile,C1/D,72
Chile,C3,6
Chile,E1,2
Chile,E2,20
Chile,F1,232
Chile,F2,41
Chile,G1,4
Chile,G2,7
Chile,G4,17
Chile,H1B,37
Chile,H1B1,204
Chile,H2A,1
Chile,H4,233
Chile,I,8
Chile,J1,104
Chile,J2,34
Chile,K1,2
Chile,L1,46
Chile,L2,108
Chile,M1,1
Chile,O1,7
Chile,O2,6
Chile,O3,1
Chile,P3,1
Chile,R1,1
Chile,TD,1
China - mainland,A1,43
China - mainland,A2,37
China - mainland,B1,153
China - mainland,B1/B2,"54,046"
China - mainland,B2,8
China - mainland,C1,36
China - mainland,C1/D,960
China - mainland,C3,4
China - mainland,CW1,13
China - mainland,CW2,5
China - mainland,E1,1
China - mainland,E2,18
China - mainland,E3D,3
China - mainland,F1,"20,572"
China - mainland,F2,212
China - mainland,G1,8
China - mainland,G2,37
China - mainland,G4,83
China - mainland,H1B,"2,163"
China - mainland,H3,4
China - mainland,H4,552
China - mainland,I,11
China - mainland,J1,"1,753"
China - mainland,J2,301
China - mainland,K1,36
China - mainland,K2,2
China - mainland,L1,413
China - mainland,L2,442
China - mainland,M1,7
China - mainland,M2,1
China - mainland,O1,113
China - mainland,O2,5
China - mainland,O3,23
China - mainland,P1,15
China - mainland,P3,77
China - mainland,R1,5
China - mainland,R2,5
China - mainland,T3,1
China - mainland,TD,13
Colombia,A1,5
Colombia,A2,299
Colombia,A3,1
Colombia,B1,20
Colombia,B1/B2,"31,774"
Colombia,BBBCC,1
Colombia,C1,8
Colombia,C1/D,190
Colombia,E1,8
Colombia,E2,71
Colombia,F1,587
Colombia,F2,38
Colombia,G1,19
Colombia,G2,18
Colombia,G4,59
Colombia,G5,3
Colombia,H1B,87
Colombia,H2A,22
Colombia,H2B,96
Colombia,H4,52
Colombia,I,36
Colombia,J1,780
Colombia,J2,129
Colombia,K1,151
Colombia,K2,42
Colombia,L1,60
Colombia,L2,71
Colombia,M1,7
Colombia,O1,23
Colombia,O2,18
Colombia,O3,13
Colombia,P1,26
Colombia,P3,8
Colombia,P4,9
Colombia,R1,8
Colombia,R2,1
Colombia,T3,2
Colombia,T6,1
Comoros,A2,1
Comoros,B1,1
Comoros,B1/B2,7
Comoros,F1,1
Comoros,G4,1
"Congo, Democratic Republic of the",A1,1
"Congo, Democratic Republic of the",A2,17
"Congo, Democratic Republic of the",B1,1
"Congo, Democratic Republic of the",B1/B2,663
"Congo, Democratic Republic of the",B2,13
"Congo, Democratic Republic of the",C1,1
"Congo, Democratic Republic of the",C2,2
"Congo, Democratic Republic of the",F1,125
"Congo, Democratic Republic of the",F2,5
"Congo, Democratic Republic of the",G1,1
"Congo, Democratic Republic of the",G2,6
"Congo, Democratic Republic of the",G4,6
"Congo, Democratic Republic of the",H1B,2
"Congo, Democratic Republic of the",H3,3
"Congo, Democratic Republic of the",H4,2
"Congo, Democratic Republic of the",J1,1
"Congo, Democratic Republic of the",J2,1
"Congo, Democratic Republic of the",K1,16
"Congo, Democratic Republic of the",L1,3
"Congo, Democratic Republic of the",L2,5
"Congo, Democratic Republic of the",M1,1
"Congo, Democratic Republic of the",P1,1
"Congo, Democratic Republic of the",R1,2
"Congo, Republic of the",A1,2
"Congo, Republic of the",A2,17
"Congo, Republic of the",B1/B2,149
"Congo, Republic of the",C3,4
"Congo, Republic of the",F1,6
"Congo, Republic of the",G2,6
"Congo, Republic of the",G4,4
"Congo, Republic of the",J1,6
"Congo, Republic of the",K1,2
"Congo, Republic of the",K2,1
"Congo, Republic of the",L2,1
Costa Rica,A1,3
Costa Rica,A2,8
Costa Rica,B1,2
Costa Rica,B1/B2,"4,891"
Costa Rica,C1,2
Costa Rica,C1/D,15
Costa Rica,C3,3
Costa Rica,E2,3
Costa Rica,F1,94
Costa Rica,F2,1
Costa Rica,G1,1
Costa Rica,G4,6
Costa Rica,H1B,18
Costa Rica,H2A,16
Costa Rica,H2B,112
Costa Rica,H4,15
Costa Rica,I,3
Costa Rica,J1,83
Costa Rica,J2,21
Costa Rica,K1,10
Costa Rica,K2,1
Costa Rica,L1,27
Costa Rica,L2,23
Costa Rica,M1,4
Costa Rica,O1,4
Costa Rica,O3,3
Costa Rica,R1,2
Costa Rica,R2,3
Cote d'Ivoire,A2,8
Cote d'Ivoire,B1/B2,664
Cote d'Ivoire,C1/D,4
Cote d'Ivoire,F1,33
Cote d'Ivoire,F2,1
Cote d'Ivoire,G2,5
Cote d'Ivoire,G4,4
Cote d'Ivoire,H1B,1
Cote d'Ivoire,I,1
Cote d'Ivoire,J1,9
Cote d'Ivoire,K1,11
Cote d'Ivoire,K2,1
Croatia,A1,3
Croatia,A2,15
Croatia,B1,7
Croatia,B1/B2,85
Croatia,C1/D,48
Croatia,E2,1
Croatia,F1,41
Croatia,G4,2
Croatia,H1B,6
Croatia,H4,1
Croatia,J1,73
Croatia,J2,3
Croatia,K1,2
Croatia,L1,20
Croatia,L2,5
Croatia,M1,1
Croatia,NATO2,23
Croatia,O1,5
Croatia,P1,1
Croatia,P3,1
Cuba,A1,8
Cuba,A2,2
Cuba,B1,67
Cuba,B1/B2,121
Cuba,B2,694
Cuba,C1/D,1
Cuba,F1,4
Cuba,F2,1
Cuba,G1,6
Cuba,G2,3
Cuba,J1,10
Cuba,J2,1
Cuba,K1,66
Cuba,K2,22
Cuba,L1,1
Cuba,L2,1
Cuba,O1,1
Cuba,O3,1
Cuba,P1,8
Cuba,P4,1
Cuba,TD,1
Cyprus,A2,10
Cyprus,B1/B2,418
Cyprus,C1/D,4
Cyprus,F1,31
Cyprus,G2,1
Cyprus,G4,2
Cyprus,H1B,2
Cyprus,H4,1
Cyprus,J1,20
Cyprus,L1,2
Cyprus,L2,2
Cyprus,O1,1
Cyprus,P3,1
Czech Republic,A1,9
Czech Republic,A2,23
Czech Republic,B1,2
Czech Republic,B1/B2,172
Czech Republic,C1/D,24
Czech Republic,E2,14
Czech Republic,F1,79
Czech Republic,G1,4
Czech Republic,G2,10
Czech Republic,G4,1
Czech Republic,H1B,12
Czech Republic,H2B,1
Czech Republic,H4,2
Czech Republic,I,6
Czech Republic,J1,195
Czech Republic,J2,6
Czech Republic,L1,21
Czech Republic,L2,26
Czech Republic,NATO2,37
Czech Republic,O1,5
Czech Republic,O2,2
Czech Republic,P1,6
Czech Republic,R1,2
Denmark,A1,3
Denmark,A2,21
Denmark,B1,1
Denmark,B1/B2,175
Denmark,C1/D,31
Denmark,E2,17
Denmark,E3D,1
Denmark,F1,90
Denmark,G1,13
Denmark,G2,4
Denmark,G4,10
Denmark,H1B,3
Denmark,H3,1
Denmark,H4,1
Denmark,I,12
Denmark,J1,260
Denmark,J2,11
Denmark,K1,4
Denmark,L1,31
Denmark,L2,34
Denmark,M1,2
Denmark,NATO2,11
Denmark,NATO4,2
Denmark,O1,10
Denmark,O3,5
Denmark,P1,4
Djibouti,A1,10
Djibouti,A2,4
Djibouti,A3,2
Djibouti,B1/B2,10
Djibouti,F1,2
Djibouti,G2,1
Djibouti,G4,1
Djibouti,J2,1
Djibouti,K1,2
Dominica,A1,1
Dominica,A2,1
Dominica,B1/B2,204
Dominica,C1/D,2
Dominica,F1,14
Dominica,G4,3
Dominica,J1,4
Dominica,K1,1
Dominica,O1,1
Dominica,O2,1
Dominica,P1,8
Dominican Republic,A1,12
Dominican Republic,A2,41
Dominican Republic,B1,36
Dominican Republic,B1/B2,"15,730"
Dominican Republic,C1/D,52
Dominican Republic,C3,4
Dominican Republic,F1,212
Dominican Republic,F2,4
Dominican Republic,G1,1
Dominican Republic,G2,2
Dominican Republic,G3,1
Dominican Republic,G4,6
Dominican Republic,H1B,15
Dominican Republic,H2A,12
Dominican Republic,H2B,28
Dominican Republic,H4,18
Dominican Republic,I,29
Dominican Republic,J1,154
Dominican Republic,J2,14
Dominican Republic,K1,107
Dominican Republic,K2,27
Dominican Republic,L1,9
Dominican Republic,L2,12
Dominican Republic,O1,6
Dominican Republic,O2,6
Dominican Republic,O3,2
Dominican Republic,P1,64
Dominican Republic,P2,1
Dominican Republic,P4,8
Dominican Republic,R1,4
Dominican Republic,R2,3
Dominican Republic,T3,1
Dominican Republic,U3,4
Ecuador,A1,3
Ecuador,A2,36
Ecuador,B1,11
Ecuador,B1/B2,"19,751"
Ecuador,B2,3
Ecuador,C1,7
Ecuador,C1/D,35
Ecuador,E1,1
Ecuador,E2,1
Ecuador,F1,322
Ecuador,F2,4
Ecuador,G1,2
Ecuador,G2,2
Ecuador,G4,18
Ecuador,H1B,22
Ecuador,H2A,2
Ecuador,H2B,100
Ecuador,H3,2
Ecuador,H4,16
Ecuador,I,6
Ecuador,J1,392
Ecuador,J2,32
Ecuador,K1,27
Ecuador,K2,4
Ecuador,L1,9
Ecuador,L2,14
Ecuador,M1,3
Ecuador,O1,7
Ecuador,O3,4
Ecuador,P1,3
Ecuador,P4,5
Ecuador,R1,6
Ecuador,TD,1
Ecuador,U3,7
Egypt,A1,31
Egypt,A2,62
Egypt,A3,1
Egypt,B1,11
Egypt,B1/B2,"4,706"
Egypt,C1,3
Egypt,C1/D,123
Egypt,C3,6
Egypt,E2,8
Egypt,F1,202
Egypt,F2,47
Egypt,G1,4
Egypt,G2,2
Egypt,G4,8
Egypt,H1B,48
Egypt,H4,52
Egypt,I,9
Egypt,J1,158
Egypt,J2,49
Egypt,K1,8
Egypt,L1,22
Egypt,L2,39
Egypt,M1,1
Egypt,O1,10
Egypt,O2,7
Egypt,O3,6
Egypt,P1,1
Egypt,P3,1
Egypt,R1,5
Egypt,R2,6
Egypt,TD,1
Egypt,U1,1
El Salvador,A1,10
El Salvador,A2,35
El Salvador,A3,1
El Salvador,B1,7
El Salvador,B1/B2,"4,058"
El Salvador,C1,6
El Salvador,C1/D,47
El Salvador,C3,3
El Salvador,F1,69
El Salvador,F2,5
El Salvador,G2,5
El Salvador,G4,6
El Salvador,H1B,8
El Salvador,H2A,3
El Salvador,H2B,758
El Salvador,H4,1
El Salvador,I,5
El Salvador,J1,25
El Salvador,J2,6
El Salvador,K1,23
El Salvador,K2,8
El Salvador,L1,2
El Salvador,L2,4
El Salvador,M1,1
El Salvador,O1,1
El Salvador,O2,1
El Salvador,P1,7
El Salvador,Q1,3
El Salvador,T6,2
El Salvador,U3,4
El Salvador,U4,1
El Salvador,U5,2
Equatorial Guinea,A1,1
Equatorial Guinea,A2,3
Equatorial Guinea,B1/B2,17
Equatorial Guinea,F1,5
Equatorial Guinea,G2,1
Equatorial Guinea,H1B,1
Eritrea,B1,4
Eritrea,B1/B2,104
Eritrea,F1,5
Eritrea,G2,1
Eritrea,G4,2
Eritrea,J1,2
Eritrea,K1,7
Estonia,A1,7
Estonia,A2,10
Estonia,B1/B2,22
Estonia,C1/D,13
Estonia,F1,13
Estonia,G1,3
Estonia,G2,2
Estonia,G4,5
Estonia,H1B,2
Estonia,I,4
Estonia,J1,32
Estonia,L1,2
Estonia,NATO2,14
Estonia,NATO4,2
Estonia,NATO6,3
Estonia,P1,1
Eswatini,A2,3
Eswatini,B1/B2,19
Eswatini,C3,2
Eswatini,F1,5
Eswatini,G2,3
Eswatini,J1,6
Ethiopia,A1,5
Ethiopia,A2,5
Ethiopia,A3,1
Ethiopia,B1,13
Ethiopia,B1/B2,"1,499"
Ethiopia,C1/D,85
Ethiopia,E2,1
Ethiopia,F1,278
Ethiopia,F2,2
Ethiopia,G1,1
Ethiopia,G2,3
Ethiopia,G4,22
Ethiopia,H1B,4
Ethiopia,H4,5
Ethiopia,J1,16
Ethiopia,J2,12
Ethiopia,K1,66
Ethiopia,K2,2
Ethiopia,L2,4
Ethiopia,O1,1
Ethiopia,P1,18
Ethiopia,R2,4
Fiji,A1,1
Fiji,A2,11
Fiji,B1/B2,255
Fiji,C1,3
Fiji,C1/D,17
Fiji,C3,1
Fiji,G1,2
Fiji,G2,8
Fiji,G4,7
Fiji,J1,3
Fiji,K1,1
Fiji,K2,2
Fiji,O1,1
Fiji,P1,1
Finland,A1,3
Finland,A2,16
Finland,B1,9
Finland,B1/B2,46
Finland,B2,6
Finland,C1,1
Finland,C1/D,63
Finland,E2,2
Finland,F1,78
Finland,F2,5
Finland,G1,2
Finland,G2,12
Finland,G3,2
Finland,G4,1
Finland,H1B,7
Finland,H4,5
Finland,I,2
Finland,J1,146
Finland,J2,13
Finland,K1,4
Finland,L1,24
Finland,L2,34
Finland,NATO2,48
Finland,O1,7
Finland,O2,2
Finland,P1,15
Finland,P4,2
Finland,Q1,1
France,A1,34
France,A2,57
France,B1,9
France,B1/B2,677
France,C1,1
France,C1/D,275
France,C3,3
France,E1,10
France,E2,280
France,E3D,2
France,F1,"1,561"
France,F2,23
France,G1,23
France,G2,13
France,G3,3
France,G4,67
France,H1B,93
France,H3,1
France,H4,35
France,I,46
France,J1,"2,244"
France,J2,167
France,K1,32
France,K2,1
France,L1,293
France,L2,508
France,M1,14
France,N8,1
France,NATO2,137
France,NATO4,11
France,NATO5,2
France,NATO6,2
France,O1,72
France,O2,11
France,O3,25
France,P1,52
France,P3,2
France,P4,9
France,Q1,52
France,R1,3
France,R2,1
France,TD,3
Gabon,A2,6
Gabon,B1/B2,54
Gabon,D,1
Gabon,G2,1
Gabon,J1,7
"Gambia, The",A2,15
"Gambia, The",B1/B2,99
"Gambia, The",C1,3
"Gambia, The",C1/D,1
"Gambia, The",F1,22
"Gambia, The",F2,3
"Gambia, The",G4,1
"Gambia, The",J1,6
"Gambia, The",K1,12
Georgia,A1,12
Georgia,A2,22
Georgia,B1/B2,709
Georgia,C1/D,62
Georgia,E2,1
Georgia,F1,42
Georgia,G1,1
Georgia,G2,11
Georgia,G4,3
Georgia,H1B,9
Georgia,H4,5
Georgia,J1,55
Georgia,J2,3
Georgia,K1,4
Georgia,L1,2
Georgia,L2,1
Georgia,O1,2
Germany,A1,20
Germany,A2,146
Germany,B1,3
Germany,B1/B2,"1,446"
Germany,B2,1
Germany,C1/D,373
Germany,C3,3
Germany,E1,31
Germany,E2,435
Germany,E3D,1
Germany,F1,"1,326"
Germany,F2,21
Germany,G1,11
Germany,G2,8
Germany,G3,2
Germany,G4,30
Germany,H1B,78
Germany,H3,1
Germany,H4,24
Germany,I,51
Germany,J1,"3,263"
Germany,J2,57
Germany,K1,31
Germany,L1,212
Germany,L2,183
Germany,M1,27
Germany,NATO2,72
Germany,NATO4,3
Germany,NATO6,40
Germany,O1,56
Germany,O2,20
Germany,O3,24
Germany,P1,24
Germany,P2,1
Germany,P3,3
Germany,P4,4
Germany,Q1,9
Germany,R1,7
Germany,R2,1
Germany,TD,1
Ghana,A1,6
Ghana,A2,125
Ghana,B1/B2,"1,228"
Ghana,B2,1
Ghana,C1/D,29
Ghana,C3,6
Ghana,E2,1
Ghana,F1,"1,151"
Ghana,F2,174
Ghana,G2,20
Ghana,G4,19
Ghana,H1B,46
Ghana,H3,1
Ghana,H4,44
Ghana,I,11
Ghana,J1,136
Ghana,J2,45
Ghana,K1,36
Ghana,K2,9
Ghana,L1,3
Ghana,L2,6
Ghana,O3,2
Ghana,P1,1
Ghana,P3,10
Ghana,R1,6
Gibraltar,B1/B2,1
Gibraltar,C1/D,1
Gibraltar,J1,1
Great Britain and Northern Ireland,A1,23
Great Britain and Northern Ireland,A2,287
Great Britain and Northern Ireland,A3,1
Great Britain and Northern Ireland,B1,80
Great Britain and Northern Ireland,B1/B2,"1,680"
Great Britain and Northern Ireland,B2,2
Great Britain and Northern Ireland,C1,1
Great Britain and Northern Ireland,C1/D,455
Great Britain and Northern Ireland,C3,6
Great Britain and Northern Ireland,E1,13
Great Britain and Northern Ireland,E2,256
Great Britain and Northern Ireland,E3D,11
Great Britain and Northern Ireland,F1,831
Great Britain and Northern Ireland,F2,4
Great Britain and Northern Ireland,G1,8
Great Britain and Northern Ireland,G2,17
Great Britain and Northern Ireland,G3,1
Great Britain and Northern Ireland,G4,47
Great Britain and Northern Ireland,H1B,119
Great Britain and Northern Ireland,H2A,2
Great Britain and Northern Ireland,H2B,8
Great Britain and Northern Ireland,H3,2
Great Britain and Northern Ireland,H4,64
Great Britain and Northern Ireland,I,141
Great Britain and Northern Ireland,J1,617
Great Britain and Northern Ireland,J2,16
Great Britain and Northern Ireland,K1,83
Great Britain and Northern Ireland,K2,3
Great Britain and Northern Ireland,L1,319
Great Britain and Northern Ireland,L2,302
Great Britain and Northern Ireland,M1,36
Great Britain and Northern Ireland,NATO2,56
Great Britain and Northern Ireland,NATO4,15
Great Britain and Northern Ireland,NATO6,88
Great Britain and Northern Ireland,O1,212
Great Britain and Northern Ireland,O2,166
Great Britain and Northern Ireland,O3,39
Great Britain and Northern Ireland,P1,144
Great Britain and Northern Ireland,P2,2
Great Britain and Northern Ireland,P3,12
Great Britain and Northern Ireland,P4,4
Great Britain and Northern Ireland,Q1,6
Great Britain and Northern Ireland,R1,7
Great Britain and Northern Ireland,R2,5
Great Britain and Northern Ireland,TD,4
Greece,A1,9
Greece,A2,8
Greece,B1,14
Greece,B1/B2,118
Greece,C1/D,226
Greece,E2,3
Greece,F1,197
Greece,F2,1
Greece,G1,6
Greece,G2,1
Greece,G4,5
Greece,H1B,50
Greece,H2B,1
Greece,H4,8
Greece,I,4
Greece,J1,70
Greece,J2,7
Greece,L1,18
Greece,L2,4
Greece,M1,1
Greece,NATO2,25
Greece,O1,10
Greece,O3,4
Grenada,A2,2
Grenada,B1/B2,231
Grenada,B2,1
Grenada,C1/D,5
Grenada,E2,2
Grenada,F1,15
Grenada,H1B,1
Grenada,H4,2
Grenada,J1,3
Grenada,J2,1
Grenada,K1,1
Grenada,P3,1
Guatemala,A1,12
Guatemala,A2,22
Guatemala,B1,9
Guatemala,B1/B2,"6,517"
Guatemala,C1,1
Guatemala,C1/D,11
Guatemala,C3,24
Guatemala,E2,4
Guatemala,F1,144
Guatemala,F2,13
Guatemala,G4,3
Guatemala,H1B,5
Guatemala,H2A,226
Guatemala,H2B,860
Guatemala,H4,3
Guatemala,I,3
Guatemala,J1,30
Guatemala,J2,9
Guatemala,K1,29
Guatemala,K2,8
Guatemala,L1,6
Guatemala,L2,9
Guatemala,M1,5
Guatemala,O1,1
Guatemala,R1,7
Guatemala,R2,5
Guatemala,U2,1
Guatemala,U3,6
Guatemala,U4,2
Guatemala,U5,3
Guinea,A2,1
Guinea,B1/B2,128
Guinea,B2,1
Guinea,F1,4
Guinea,F2,1
Guinea,G1,3
Guinea,G2,2
Guinea,G4,1
Guinea,I,1
Guinea,J1,12
Guinea,K1,6
Guinea,P3,1
Guinea-Bissau,A1,1
Guinea-Bissau,A2,2
Guinea-Bissau,B1/B2,6
Guinea-Bissau,G2,4
Guinea-Bissau,H1B,1
Guinea-Bissau,P1,1
Guyana,A2,9
Guyana,B1,1
Guyana,B1/B2,"2,998"
Guyana,C1,1
Guyana,C1/D,19
Guyana,C3,12
Guyana,F1,12
Guyana,F2,1
Guyana,H1B,5
Guyana,H4,6
Guyana,I,1
Guyana,J1,31
Guyana,J2,7
Guyana,K1,4
Guyana,K2,1
Guyana,L1,1
Guyana,L2,1
Guyana,M1,2
Guyana,P1,3
Haiti,A1,3
Haiti,A2,3
Haiti,B1/B2,471
Haiti,C1,7
Haiti,C1/D,1
Haiti,F1,13
Haiti,G4,8
Haiti,H1B,1
Haiti,J1,3
Haiti,K1,14
Haiti,K2,1
Haiti,P1,1
Haiti,P3,2
Haiti,R1,3
Haiti,R2,1
Honduras,A1,7
Honduras,A2,45
Honduras,B1,3
Honduras,B1/B2,"4,030"
Honduras,B2,3
Honduras,C1,2
Honduras,C1/D,55
Honduras,E1,1
Honduras,E2,10
Honduras,F1,137
Honduras,F2,3
Honduras,G4,3
Honduras,H1B,8
Honduras,H2A,140
Honduras,H2B,841
Honduras,H4,9
Honduras,I,5
Honduras,J1,62
Honduras,J2,15
Honduras,K1,40
Honduras,K2,14
Honduras,L1,3
Honduras,M1,3
Honduras,O2,1
Honduras,O3,1
Honduras,R1,2
Honduras,T6,1
Honduras,TD,2
Honduras,U3,2
Hong Kong S.A.R.,B1,1
Hong Kong S.A.R.,B1/B2,"4,542"
Hong Kong S.A.R.,B2,3
Hong Kong S.A.R.,C1,1
Hong Kong S.A.R.,C1/D,158
Hong Kong S.A.R.,F1,675
Hong Kong S.A.R.,F2,5
Hong Kong S.A.R.,G4,1
Hong Kong S.A.R.,H1B,16
Hong Kong S.A.R.,H3,1
Hong Kong S.A.R.,H4,6
Hong Kong S.A.R.,J1,96
Hong Kong S.A.R.,J2,10
Hong Kong S.A.R.,K1,6
Hong Kong S.A.R.,K2,1
Hong Kong S.A.R.,L1,7
Hong Kong S.A.R.,L2,18
Hong Kong S.A.R.,M1,19
Hong Kong S.A.R.,O1,2
Hong Kong S.A.R.,O3,3
Hong Kong S.A.R.,TD,2
Hungary,A1,8
Hungary,A2,14
Hungary,B1,44
Hungary,B1/B2,311
Hungary,C1,1
Hungary,C1/D,23
Hungary,E2,1
Hungary,F1,81
Hungary,G1,1
Hungary,G2,3
Hungary,G4,3
Hungary,H1B,7
Hungary,H4,4
Hungary,I,3
Hungary,J1,147
Hungary,J2,4
Hungary,K1,1
Hungary,L1,14
Hungary,L2,19
Hungary,NATO2,73
Hungary,NATO4,1
Hungary,NATO6,1
Hungary,O1,5
Hungary,O2,1
Hungary,O3,3
Hungary,P3,6
Hungary,R1,1
Iceland,A1,8
Iceland,A2,4
Iceland,B1/B2,17
Iceland,C1/D,10
Iceland,F1,34
Iceland,F2,1
Iceland,G1,2
Iceland,G4,4
Iceland,H1B,1
Iceland,I,4
Iceland,J1,11
Iceland,J2,4
Iceland,K1,1
Iceland,L1,2
Iceland,L2,4
Iceland,M1,2
Iceland,M2,2
Iceland,NATO2,3
Iceland,O1,1
India,A1,12
India,A2,190
India,A3,12
India,B1,48
India,B1/B2,"50,978"
India,B2,7
India,C1,61
India,C1/D,"3,050"
India,C2,8
India,C3,5
India,CW1,1
India,E2,3
India,E3D,16
India,F1,"26,731"
India,F2,778
India,G1,4
India,G2,4
India,G4,50
India,G5,1
India,H1B,"7,329"
India,H3,6
India,H4,"9,325"
India,I,23
India,J1,"1,527"
India,J2,370
India,K1,96
India,K2,3
India,L1,"1,434"
India,L2,"1,536"
India,M1,119
India,M2,2
India,O1,80
India,O2,32
India,O3,43
India,P1,14
India,P3,328
India,P4,1
India,R1,70
India,R2,88
India,TD,3
India,U2,2
India,U3,5
Indonesia,A1,25
Indonesia,A2,208
Indonesia,A3,5
Indonesia,B1,66
Indonesia,B1/B2,"3,953"
Indonesia,B2,1
Indonesia,C1,8
Indonesia,C1/D,835
Indonesia,C2,1
Indonesia,C3,6
Indonesia,E3,2
Indonesia,E3D,1
Indonesia,F1,248
Indonesia,F2,25
Indonesia,G1,24
Indonesia,G2,28
Indonesia,G4,11
Indonesia,H1B,30
Indonesia,H4,4
Indonesia,I,3
Indonesia,J1,492
Indonesia,J2,63
Indonesia,K1,13
Indonesia,K2,1
Indonesia,L1,29
Indonesia,L2,47
Indonesia,M1,3
Indonesia,O1,7
Indonesia,O2,15
Indonesia,O3,3
Indonesia,P1,4
Indonesia,R1,3
Iran,A3,1
Iran,B1,1
Iran,B1/B2,925
Iran,F1,288
Iran,F2,40
Iran,G1,9
Iran,G2,5
Iran,G4,9
Iran,H1B,9
Iran,H4,11
Iran,J1,47
Iran,J2,24
Iran,K1,18
Iran,K2,2
Iran,O1,1
Iran,P1,1
Iran,P3,2
Iraq,A1,36
Iraq,A2,43
Iraq,B1,4
Iraq,B1/B2,419
Iraq,C1/D,1
Iraq,F1,35
Iraq,F2,2
Iraq,G1,18
Iraq,G2,3
Iraq,H1B,5
Iraq,H4,7
Iraq,I,2
Iraq,J1,51
Iraq,J2,1
Iraq,K1,28
Iraq,L1,2
Iraq,L2,5
Iraq,M1,1
Iraq,O1,1
Iraq,P3,4
Ireland,A1,5
Ireland,A2,14
Ireland,B1,5
Ireland,B1/B2,173
Ireland,B2,1
Ireland,C1/D,76
Ireland,E1,1
Ireland,E2,14
Ireland,F1,136
Ireland,F2,1
Ireland,G1,4
Ireland,G2,6
Ireland,G3,1
Ireland,G4,10
Ireland,H1B,35
Ireland,H2A,5
Ireland,H3,1
Ireland,H4,5
Ireland,I,7
Ireland,J1,294
Ireland,J2,9
Ireland,K1,7
Ireland,L1,72
Ireland,L2,33
Ireland,O1,19
Ireland,O2,20
Ireland,P1,16
Ireland,P3,32
Israel,A1,23
Israel,A2,309
Israel,B1/B2,"2,311"
Israel,B2,11
Israel,C1/D,77
Israel,C3,8
Israel,E1,41
Israel,E2,94
Israel,E3D,1
Israel,F1,163
Israel,F2,24
Israel,G1,4
Israel,G4,4
Israel,H1B,31
Israel,H4,49
Israel,I,4
Israel,J1,262
Israel,J2,280
Israel,K1,1
Israel,L1,109
Israel,L2,223
Israel,M1,1
Israel,O1,17
Israel,O2,6
Israel,O3,10
Israel,P1,1
Israel,P3,1
Israel,R1,7
Israel,R2,8
Israel,TD,1
Italy,A1,8
Italy,A2,75
Italy,B1,6
Italy,B1/B2,844
Italy,C1/D,226
Italy,C3,8
Italy,E1,19
Italy,E2,140
Italy,F1,"1,074"
Italy,F2,16
Italy,G1,3
Italy,G3,5
Italy,G4,42
Italy,H1B,72
Italy,H3,3
Italy,H4,21
Italy,I,36
Italy,J1,"1,130"
Italy,J2,22
Italy,K1,10
Italy,L1,108
Italy,L2,84
Italy,M1,7
Italy,NATO2,77
Italy,NATO4,10
Italy,NATO6,1
Italy,O1,54
Italy,O2,25
Italy,O3,5
Italy,P1,22
Italy,P2,3
Italy,P3,8
Italy,P4,1
Italy,Q1,15
Italy,R1,7
Italy,R2,2
Jamaica,A1,4
Jamaica,A2,17
Jamaica,B1,22
Jamaica,B1/B2,"7,448"
Jamaica,B2,9
Jamaica,C1,22
Jamaica,C1/D,101
Jamaica,C3,27
Jamaica,F1,181
Jamaica,F2,14
Jamaica,G1,3
Jamaica,G2,1
Jamaica,G4,7
Jamaica,H1B,56
Jamaica,H2A,235
Jamaica,H2B,527
Jamaica,H4,92
Jamaica,I,6
Jamaica,J1,422
Jamaica,J2,190
Jamaica,K1,49
Jamaica,K2,12
Jamaica,L1,3
Jamaica,O1,5
Jamaica,O2,21
Jamaica,P1,12
Jamaica,P3,9
Jamaica,Q1,4
Jamaica,R1,1
Jamaica,T3,2
Japan,A1,38
Japan,A2,482
Japan,B1,16
Japan,B1/B2,570
Japan,C1/D,564
Japan,C3,23
Japan,E1,171
Japan,E2,"1,720"
Japan,E3D,2
Japan,F1,"1,702"
Japan,F2,155
Japan,G1,9
Japan,G2,8
Japan,G4,38
Japan,H1B,61
Japan,H2A,2
Japan,H2B,93
Japan,H3,2
Japan,H4,52
Japan,I,76
Japan,J1,"1,176"
Japan,J2,213
Japan,K1,34
Japan,L1,313
Japan,L2,462
Japan,M1,26
Japan,O1,34
Japan,O2,37
Japan,O3,9
Japan,P1,55
Japan,P3,2
Japan,P4,7
Japan,Q1,3
Japan,R1,11
Japan,R2,6
Japan,TD,5
Jordan,A1,2
Jordan,A2,136
Jordan,B1,3
Jordan,B1/B2,"1,467"
Jordan,C1/D,17
Jordan,C2,1
Jordan,E2,9
Jordan,F1,102
Jordan,F2,19
Jordan,G1,13
Jordan,G2,1
Jordan,G4,9
Jordan,H1B,54
Jordan,H4,49
Jordan,I,6
Jordan,J1,143
Jordan,J2,12
Jordan,K1,22
Jordan,L1,3
Jordan,L2,4
Jordan,O1,4
Jordan,O2,3
Jordan,O3,7
Kazakhstan,A1,5
Kazakhstan,A2,10
Kazakhstan,B1,3
Kazakhstan,B1/B2,"1,417"
Kazakhstan,B2,2
Kazakhstan,C1/D,7
Kazakhstan,D,9
Kazakhstan,E2,2
Kazakhstan,F1,209
Kazakhstan,F2,40
Kazakhstan,G2,4
Kazakhstan,G4,4
Kazakhstan,H1B,9
Kazakhstan,H4,16
Kazakhstan,J1,180
Kazakhstan,J2,22
Kazakhstan,K1,7
Kazakhstan,L1,10
Kazakhstan,L2,16
Kazakhstan,M2,2
Kazakhstan,O1,2
Kazakhstan,O3,5
Kazakhstan,P1,8
Kazakhstan,R1,1
Kenya,A1,4
Kenya,A2,34
Kenya,A3,1
Kenya,B1,52
Kenya,B1/B2,"1,112"
Kenya,B2,8
Kenya,C1,5
Kenya,C1/D,143
Kenya,F1,260
Kenya,F2,19
Kenya,G2,4
Kenya,G4,28
Kenya,H1B,25
Kenya,H4,13
Kenya,J1,110
Kenya,J2,33
Kenya,K1,18
Kenya,K2,8
Kenya,L1,4
Kenya,M1,3
Kenya,O1,2
Kenya,R1,8
Kenya,R2,1
Kiribati,A2,2
Kiribati,B1/B2,78
Kiribati,C3,1
Kiribati,R1,4
"Korea, South",A1,11
"Korea, South",A2,240
"Korea, South",B1,1
"Korea, South",B1/B2,"1,062"
"Korea, South",C1/D,510
"Korea, South",C3,10
"Korea, South",CW1,6
"Korea, South",CW2,1
"Korea, South",E1,2
"Korea, South",E2,484
"Korea, South",E2C,1
"Korea, South",E3D,3
"Korea, South",F1,"2,736"
"Korea, South",F2,236
"Korea, South",G1,4
"Korea, South",G2,1
"Korea, South",G4,19
"Korea, South",H1B,195
"Korea, South",H2B,1
"Korea, South",H4,101
"Korea, South",I,76
"Korea, South",J1,"1,038"
"Korea, South",J2,373
"Korea, South",K1,26
"Korea, South",L1,276
"Korea, South",L2,406
"Korea, South",M1,53
"Korea, South",O1,40
"Korea, South",O2,36
"Korea, South",O3,4
"Korea, South",P1,149
"Korea, South",P3,1
"Korea, South",P4,2
"Korea, South",R1,20
"Korea, South",R2,27
"Korea, South",TD,2
Kosovo,A2,18
Kosovo,B1/B2,434
Kosovo,E2,5
Kosovo,F1,11
Kosovo,G4,1
Kosovo,H1B,2
Kosovo,J1,11
Kosovo,K1,10
Kuwait,A1,2
Kuwait,A2,39
Kuwait,B1/B2,"1,029"
Kuwait,C1/D,8
Kuwait,F1,118
Kuwait,F2,15
Kuwait,G1,5
Kuwait,G2,3
Kuwait,G4,1
Kuwait,H1B,1
Kuwait,J1,15
Kuwait,J2,3
Kuwait,L1,1
Kyrgyzstan,A2,10
Kyrgyzstan,B1,4
Kyrgyzstan,B1/B2,"1,043"
Kyrgyzstan,B2,1
Kyrgyzstan,C1,10
Kyrgyzstan,D,12
Kyrgyzstan,F1,236
Kyrgyzstan,F2,10
Kyrgyzstan,G2,2
Kyrgyzstan,H1B,11
Kyrgyzstan,H4,19
Kyrgyzstan,J1,78
Kyrgyzstan,P1,1
Laos,A2,3
Laos,B1/B2,66
Laos,C1,1
Laos,F1,10
Laos,G2,22
Laos,G4,1
Laos,J1,4
Laos,K1,57
Laos,P3,8
Latvia,A1,3
Latvia,A2,9
Latvia,B1,1
Latvia,B1/B2,116
Latvia,C1/D,54
Latvia,E2,3
Latvia,F1,22
Latvia,G2,3
Latvia,G4,1
Latvia,H1B,2
Latvia,I,3
Latvia,J1,47
Latvia,J2,1
Latvia,K1,2
Latvia,K2,1
Latvia,L1,4
Latvia,L2,7
Latvia,M1,1
Latvia,NATO2,19
Latvia,NATO6,9
Latvia,O3,1
Latvia,P1,2
Latvia,P3,2
Lebanon,A1,5
Lebanon,A2,18
Lebanon,B1,5
Lebanon,B1/B2,885
Lebanon,C1,1
Lebanon,C1/D,27
Lebanon,F1,59
Lebanon,G4,6
Lebanon,H1B,31
Lebanon,H4,4
Lebanon,I,3
Lebanon,J1,122
Lebanon,J2,7
Lebanon,K1,23
Lebanon,L1,5
Lebanon,L2,2
Lebanon,O1,6
Lebanon,O3,1
Lebanon,P3,1
Lesotho,A2,1
Lesotho,B1,2
Lesotho,B1/B2,14
Lesotho,C1/D,1
Lesotho,F1,4
Lesotho,G2,1
Lesotho,J1,4
Lesotho,Q1,1
Liberia,A2,23
Liberia,B1/B2,88
Liberia,C3,1
Liberia,F1,14
Liberia,G1,1
Liberia,G2,4
Liberia,G4,2
Liberia,H4,1
Liberia,J1,2
Liberia,K1,23
Liberia,K2,4
Libya,A1,4
Libya,A2,6
Libya,B1/B2,140
Libya,F1,11
Libya,F2,2
Libya,G2,13
Libya,H1B,2
Libya,H4,5
Libya,J1,16
Libya,J2,1
Liechtenstein,B1/B2,1
Liechtenstein,F1,1
Lithuania,A1,14
Lithuania,A2,25
Lithuania,B1,6
Lithuania,B1/B2,35
Lithuania,C1/D,23
Lithuania,C3,1
Lithuania,E2,6
Lithuania,F1,46
Lithuania,G1,2
Lithuania,G2,3
Lithuania,H1B,4
Lithuania,H2A,2
Lithuania,H2B,1
Lithuania,H4,4
Lithuania,I,5
Lithuania,J1,29
Lithuania,K1,1
Lithuania,L1,11
Lithuania,L2,7
Lithuania,M1,2
Lithuania,NATO2,15
Lithuania,NATO7,1
Lithuania,P1,1
Lithuania,P3,1
Lithuania,R1,2
Luxembourg,A1,7
Luxembourg,A2,3
Luxembourg,B1/B2,12
Luxembourg,C1/D,2
Luxembourg,F1,16
Luxembourg,I,3
Luxembourg,J1,24
Luxembourg,J2,1
Luxembourg,L1,1
Luxembourg,L2,7
Luxembourg,NATO2,4
Luxembourg,NATO4,2
Luxembourg,NATO6,1
Luxembourg,O1,2
Macau S.A.R.,B1/B2,181
Macau S.A.R.,F1,29
Macau S.A.R.,H1B,1
Macau S.A.R.,H4,1
Macau S.A.R.,J1,6
Macau S.A.R.,P1,1
Madagascar,A2,3
Madagascar,B1/B2,138
Madagascar,C1,41
Madagascar,D,18
Madagascar,F1,21
Madagascar,F2,8
Madagascar,G1,5
Madagascar,G2,2
Madagascar,G4,8
Madagascar,H1B,1
Madagascar,J1,12
Madagascar,J2,1
Madagascar,K1,2
Madagascar,R1,1
Malawi,A2,33
Malawi,B1/B2,148
Malawi,C1,1
Malawi,C1/D,1
Malawi,C3,15
Malawi,F1,39
Malawi,F2,5
Malawi,G2,22
Malawi,G4,2
Malawi,H1B,4
Malawi,H4,2
Malawi,J1,9
Malawi,J2,5
Malawi,O3,1
Malaysia,A1,11
Malaysia,A2,90
Malaysia,B1,63
Malaysia,B1/B2,"2,188"
Malaysia,C1,3
Malaysia,C1/D,169
Malaysia,E3D,2
Malaysia,F1,183
Malaysia,F2,3
Malaysia,G2,6
Malaysia,H1B,23
Malaysia,H3,10
Malaysia,H4,9
Malaysia,I,6
Malaysia,J1,41
Malaysia,J2,19
Malaysia,K1,4
Malaysia,L1,45
Malaysia,L2,31
Malaysia,M1,1
Malaysia,O1,2
Malaysia,O2,2
Malaysia,R1,1
Malaysia,R2,1
Maldives,A2,14
Maldives,B1/B2,6
Maldives,C1/D,1
Maldives,G1,5
Maldives,J1,1
Mali,A2,1
Mali,B1/B2,186
Mali,F1,5
Mali,G2,2
Mali,H1B,1
Mali,J1,18
Mali,J2,1
Mali,K1,3
Mali,K2,1
Mali,P3,13
Malta,A2,4
Malta,B1/B2,7
Malta,C1/D,1
Malta,F1,7
Malta,G2,2
Malta,H1B,1
Malta,H4,1
Malta,J1,1
Malta,L1,1
Malta,O1,1
Malta,O3,2
Marshall Islands,B1/B2,4
Marshall Islands,J1,2
Mauritania,A2,10
Mauritania,A3,1
Mauritania,B1/B2,29
Mauritania,G1,1
Mauritania,G4,1
Mauritania,J1,1
Mauritania,K1,1
Mauritius,A2,5
Mauritius,B1/B2,207
Mauritius,C1/D,56
Mauritius,F1,10
Mauritius,G2,1
Mauritius,G4,1
Mauritius,H1B,1
Mauritius,H2B,5
Mauritius,J1,4
Mexico,A1,39
Mexico,A2,149
Mexico,A3,1
Mexico,B1,566
Mexico,B1/B2,"1,293"
Mexico,B2,2
Mexico,BBBCC,"151,692"
Mexico,BBBCV,"3,111"
Mexico,C1,9
Mexico,C1/D,327
Mexico,C2,1
Mexico,E1,15
Mexico,E2,133
Mexico,F1,"1,188"
Mexico,F2,75
Mexico,G1,4
Mexico,G2,4
Mexico,G4,23
Mexico,H1B,154
Mexico,H2A,"24,740"
Mexico,H2B,"3,780"
Mexico,H3,62
Mexico,H4,972
Mexico,I,82
Mexico,J1,"1,285"
Mexico,J2,112
Mexico,K1,291
Mexico,K2,72
Mexico,L1,320
Mexico,L2,436
Mexico,M1,29
Mexico,M2,1
Mexico,O1,80
Mexico,O2,366
Mexico,O3,44
Mexico,P1,576
Mexico,P3,69
Mexico,P4,26
Mexico,Q1,17
Mexico,R1,51
Mexico,R2,25
Mexico,T2,1
Mexico,T3,4
Mexico,T4,1
Mexico,T5,1
Mexico,T6,3
Mexico,TD,"1,002"
Mexico,TN,"1,009"
Mexico,U1,6
Mexico,U2,3
Mexico,U3,41
Mexico,U4,1
Mexico,U5,1
Moldova,A2,1
Moldova,B1,1
Moldova,B1/B2,214
Moldova,C1/D,7
Moldova,F1,9
Moldova,G2,2
Moldova,G4,1
Moldova,H1B,1
Moldova,H2A,1
Moldova,J1,60
Moldova,K1,3
Monaco,F1,1
Monaco,G1,1
Mongolia,A1,3
Mongolia,A2,28
Mongolia,B1/B2,737
Mongolia,C1,1
Mongolia,C1/D,1
Mongolia,E2,6
Mongolia,F1,66
Mongolia,F2,8
Mongolia,G1,3
Mongolia,G2,5
Mongolia,G4,7
Mongolia,H1B,3
Mongolia,H2B,14
Mongolia,J1,57
Mongolia,J2,1
Mongolia,K1,1
Mongolia,L1,2
Mongolia,L2,2
Mongolia,P1,1
Mongolia,P3,2
Montenegro,A2,7
Montenegro,B1,1
Montenegro,B1/B2,240
Montenegro,C1/D,173
Montenegro,F1,36
Montenegro,G2,20
Montenegro,H1B,3
Montenegro,J1,138
Montenegro,K1,2
Montenegro,NATO2,2
Morocco,A1,4
Morocco,A2,32
Morocco,B1,4
Morocco,B1/B2,"2,614"
Morocco,C1,1
Morocco,C1/D,77
Morocco,E1,1
Morocco,F1,109
Morocco,F2,3
Morocco,G1,5
Morocco,G2,19
Morocco,G4,13
Morocco,G5,1
Morocco,H1B,3
Morocco,H4,1
Morocco,I,1
Morocco,J1,52
Morocco,J2,1
Morocco,K1,23
Morocco,L1,3
Morocco,L2,2
Morocco,M1,1
Morocco,O1,1
Morocco,TD,2
Mozambique,A1,9
Mozambique,A2,25
Mozambique,B1,3
Mozambique,B1/B2,140
Mozambique,C1,3
Mozambique,C1/D,1
Mozambique,F1,27
Mozambique,G1,8
Mozambique,G2,1
Mozambique,G4,4
Mozambique,J1,5
Mozambique,J2,2
Mozambique,O1,1
Mozambique,O3,2
Namibia,A2,9
Namibia,B1,1
Namibia,B1/B2,53
Namibia,C1/D,5
Namibia,F1,4
Namibia,G2,11
Namibia,G4,2
Namibia,J1,5
Namibia,L1,2
Namibia,L2,3
Namibia,O2,1
Nepal,A2,38
Nepal,B1,1
Nepal,B1/B2,"1,686"
Nepal,C1,8
Nepal,C1/D,19
Nepal,C2,4
Nepal,F1,"1,695"
Nepal,F2,76
Nepal,G2,6
Nepal,G4,24
Nepal,H1B,53
Nepal,H4,20
Nepal,J1,136
Nepal,J2,42
Nepal,K1,26
Nepal,K2,2
Nepal,L1,4
Nepal,L2,3
Nepal,M1,2
Nepal,R1,1
Netherlands,A1,7
Netherlands,A2,38
Netherlands,B1,30
Netherlands,B1/B2,414
Netherlands,C1/D,135
Netherlands,E2,37
Netherlands,F1,250
Netherlands,F2,3
Netherlands,G1,3
Netherlands,G2,3
Netherlands,G3,1
Netherlands,G4,15
Netherlands,H1B,16
Netherlands,H2A,1
Netherlands,H2B,1
Netherlands,H4,3
Netherlands,I,11
Netherlands,J1,310
Netherlands,J2,14
Netherlands,K1,12
Netherlands,L1,60
Netherlands,L2,67
Netherlands,M1,4
Netherlands,NATO2,41
Netherlands,NATO4,1
Netherlands,NATO6,26
Netherlands,O1,26
Netherlands,O2,7
Netherlands,O3,8
Netherlands,P1,21
Netherlands,P3,1
Netherlands,R1,2
Netherlands,R2,4
New Zealand,A1,6
New Zealand,A2,89
New Zealand,B1,3
New Zealand,B1/B2,125
New Zealand,B2,1
New Zealand,C1/D,59
New Zealand,C3,36
New Zealand,E2,21
New Zealand,E3D,6
New Zealand,F1,162
New Zealand,F2,1
New Zealand,G1,3
New Zealand,G2,1
New Zealand,G4,5
New Zealand,H1B,8
New Zealand,H2A,6
New Zealand,H2B,1
New Zealand,H4,12
New Zealand,I,12
New Zealand,J1,89
New Zealand,J2,6
New Zealand,K1,6
New Zealand,L1,16
New Zealand,L2,9
New Zealand,M1,2
New Zealand,O1,15
New Zealand,O2,3
New Zealand,O3,5
New Zealand,P1,24
New Zealand,R1,5
Nicaragua,A1,1
Nicaragua,A2,3
Nicaragua,B1,77
Nicaragua,B1/B2,"1,142"
Nicaragua,B2,5
Nicaragua,C1,14
Nicaragua,C1/D,58
Nicaragua,E2,1
Nicaragua,F1,57
Nicaragua,G1,4
Nicaragua,G4,3
Nicaragua,H1B,2
Nicaragua,H2A,83
Nicaragua,H2B,3
Nicaragua,H4,2
Nicaragua,J1,24
Nicaragua,J2,1
Nicaragua,K1,5
Nicaragua,K2,7
Nicaragua,L1,1
Nicaragua,O1,1
Nicaragua,P1,1
Nicaragua,R1,2
Niger,A1,5
Niger,B1/B2,86
Niger,F1,17
Niger,G2,1
Niger,G4,10
Niger,J1,10
Niger,J2,1
Nigeria,A1,2
Nigeria,A2,65
Nigeria,B1,4
Nigeria,B1/B2,"5,602"
Nigeria,C1,1
Nigeria,C1/D,15
Nigeria,C2,2
Nigeria,F1,"1,057"
Nigeria,F2,94
Nigeria,G1,1
Nigeria,G2,1
Nigeria,G4,33
Nigeria,H1B,46
Nigeria,H4,39
Nigeria,I,3
Nigeria,J1,177
Nigeria,J2,36
Nigeria,K1,47
Nigeria,K2,8
Nigeria,L1,19
Nigeria,L2,37
Nigeria,M1,4
Nigeria,O1,9
Nigeria,O2,1
Nigeria,O3,5
Nigeria,P1,1
Nigeria,P3,5
Nigeria,P4,1
Nigeria,R1,8
*Non-Nationality Based Issuances,B1,2
*Non-Nationality Based Issuances,B1/B2,114
*Non-Nationality Based Issuances,B2,4
*Non-Nationality Based Issuances,C1/D,19
*Non-Nationality Based Issuances,F1,16
*Non-Nationality Based Issuances,G4,1
*Non-Nationality Based Issuances,H1B,1
*Non-Nationality Based Issuances,H4,1
*Non-Nationality Based Issuances,I,2
*Non-Nationality Based Issuances,J1,3
*Non-Nationality Based Issuances,K1,4
*Non-Nationality Based Issuances,R1,1
North Macedonia,A1,2
North Macedonia,A2,4
North Macedonia,B1,2
North Macedonia,B1/B2,415
North Macedonia,C1,1
North Macedonia,C1/D,18
North Macedonia,F1,14
North Macedonia,G2,4
North Macedonia,H1B,1
North Macedonia,H2B,9
North Macedonia,I,2
North Macedonia,J1,12
North Macedonia,J2,6
North Macedonia,K1,7
North Macedonia,NATO2,11
North Macedonia,P3,6
Norway,A1,9
Norway,A2,22
Norway,B1/B2,235
Norway,C1/D,91
Norway,E1,2
Norway,E2,13
Norway,F1,271
Norway,F2,6
Norway,G2,1
Norway,G4,7
Norway,H1B,3
Norway,I,13
Norway,J1,177
Norway,J2,19
Norway,K1,2
Norway,L1,11
Norway,L2,10
Norway,M1,9
Norway,NATO2,62
Norway,O1,6
Norway,O2,2
Norway,O3,2
Norway,P1,2
Norway,Q1,29
Oman,A1,6
Oman,A2,35
Oman,B1/B2,129
Oman,C1/D,14
Oman,F1,20
Oman,F2,4
Oman,G2,18
Oman,J1,2
Oman,L1,2
Oman,L2,2
Pakistan,A1,8
Pakistan,A2,83
Pakistan,B1,8
Pakistan,B1/B2,"6,455"
Pakistan,C1,2
Pakistan,C1/D,27
Pakistan,C3,1
Pakistan,E1,5
Pakistan,E2,3
Pakistan,E3D,1
Pakistan,F1,747
Pakistan,F2,67
Pakistan,G1,8
Pakistan,G2,2
Pakistan,G4,12
Pakistan,H1B,150
Pakistan,H4,108
Pakistan,I,7
Pakistan,J1,306
Pakistan,J2,88
Pakistan,K1,21
Pakistan,L1,40
Pakistan,L2,70
Pakistan,M1,3
Pakistan,O1,7
Pakistan,O3,7
Pakistan,P3,26
Pakistan,P4,2
Pakistan,TD,7
Pakistan,U1,1
Pakistan,U2,1
Pakistan,U3,5
Palau,A2,1
Palau,J1,2
Palestinian Authority Travel Document,B1,1
Palestinian Authority Travel Document,B1/B2,784
Palestinian Authority Travel Document,B2,1
Palestinian Authority Travel Document,C1/D,1
Palestinian Authority Travel Document,F1,33
Palestinian Authority Travel Document,F2,8
Palestinian Authority Travel Document,G4,1
Palestinian Authority Travel Document,H1B,2
Palestinian Authority Travel Document,H4,9
Palestinian Authority Travel Document,J1,59
Palestinian Authority Travel Document,J2,3
Palestinian Authority Travel Document,K1,5
Palestinian Authority Travel Document,O1,1
Palestinian Authority Travel Document,O3,2
Palestinian Authority Travel Document,TD,2
Panama,A2,43
Panama,B1,3
Panama,B1/B2,"2,313"
Panama,C1/D,104
Panama,E2,4
Panama,F1,109
Panama,F2,1
Panama,G4,2
Panama,H1B,8
Panama,H2B,17
Panama,H3,2
Panama,H4,2
Panama,I,1
Panama,J1,46
Panama,J2,1
Panama,K1,4
Panama,K2,1
Panama,L1,7
Panama,L2,6
Panama,O1,3
Panama,O3,4
Panama,P1,3
Papua New Guinea,A2,2
Papua New Guinea,B1,1
Papua New Guinea,B1/B2,77
Papua New Guinea,C1,3
Papua New Guinea,D,1
Papua New Guinea,F1,7
Papua New Guinea,G2,1
Papua New Guinea,J1,7
Papua New Guinea,K1,1
Papua New Guinea,L1,1
Papua New Guinea,L2,1
Paraguay,A1,2
Paraguay,A2,19
Paraguay,B1,7
Paraguay,B1/B2,797
Paraguay,C1,2
Paraguay,C1/D,1
Paraguay,C3,1
Paraguay,F1,34
Paraguay,F2,2
Paraguay,G1,2
Paraguay,G2,6
Paraguay,G4,1
Paraguay,G5,1
Paraguay,H1B,4
Paraguay,H4,2
Paraguay,J1,25
Paraguay,J2,4
Paraguay,K1,2
Paraguay,L1,3
Paraguay,L2,2
Paraguay,M1,1
Paraguay,R1,2
Paraguay,R2,1
Peru,A1,6
Peru,A2,60
Peru,B1,30
Peru,B1/B2,"7,787"
Peru,C1,55
Peru,C1/D,164
Peru,E2,2
Peru,F1,303
Peru,F2,19
Peru,G4,22
Peru,G5,1
Peru,H1B,22
Peru,H2A,26
Peru,H2B,2
Peru,H4,13
Peru,I,10
Peru,J1,160
Peru,J2,16
Peru,K1,60
Peru,K2,12
Peru,L1,6
Peru,L2,8
Peru,M1,3
Peru,O1,5
Peru,O3,5
Peru,P1,2
Peru,P3,13
Peru,P4,1
Peru,Q1,1
Peru,R1,3
Peru,TD,2
Philippines,A1,4
Philippines,A2,229
Philippines,A3,28
Philippines,B1,468
Philippines,B1/B2,"10,062"
Philippines,B2,3
Philippines,C1,174
Philippines,C1/D,"7,420"
Philippines,C2,1
Philippines,CW1,94
Philippines,CW2,37
Philippines,E1,1
Philippines,E2,8
Philippines,E3D,2
Philippines,F1,154
Philippines,F2,4
Philippines,G1,4
Philippines,G2,9
Philippines,G4,22
Philippines,G5,4
Philippines,H1B,257
Philippines,H2B,130
Philippines,H3,5
Philippines,H4,185
Philippines,I,4
Philippines,J1,795
Philippines,J2,406
Philippines,K1,814
Philippines,K2,150
Philippines,L1,79
Philippines,L2,62
Philippines,M1,4
Philippines,O1,7
Philippines,O2,8
Philippines,O3,1
Philippines,R1,14
Philippines,R2,3
Philippines,T3,1
Philippines,TD,2
Philippines,U2,1
Philippines,U3,1
Poland,A1,20
Poland,A2,54
Poland,B1,3
Poland,B1/B2,602
Poland,C1/D,168
Poland,C3,2
Poland,E2,20
Poland,F1,177
Poland,F2,3
Poland,G1,4
Poland,G2,13
Poland,G4,5
Poland,H1B,19
Poland,H2B,9
Poland,H4,6
Poland,I,24
Poland,J1,338
Poland,J2,17
Poland,K1,10
Poland,L1,55
Poland,L2,58
Poland,M1,2
Poland,NATO2,97
Poland,NATO4,2
Poland,NATO6,1
Poland,O1,10
Poland,O3,8
Poland,P1,2
Poland,P3,2
Poland,R1,4
Portugal,A1,2
Portugal,A2,21
Portugal,B1,7
Portugal,B1/B2,318
Portugal,C1/D,210
Portugal,C3,3
Portugal,E2,2
Portugal,F1,90
Portugal,F2,3
Portugal,G2,7
Portugal,G4,10
Portugal,H1B,9
Portugal,H3,1
Portugal,H4,2
Portugal,I,26
Portugal,J1,54
Portugal,J2,6
Portugal,K1,13
Portugal,L1,25
Portugal,L2,20
Portugal,NATO2,9
Portugal,NATO4,3
Portugal,NATO5,3
Portugal,O1,6
Portugal,O2,11
Portugal,P1,9
Portugal,R1,2
Qatar,A1,8
Qatar,A2,134
Qatar,A3,2
Qatar,B1/B2,566
Qatar,F1,26
Qatar,G2,15
Qatar,I,2
Qatar,J1,2
Qatar,M1,1
Romania,A1,8
Romania,A2,34
Romania,B1,38
Romania,B1/B2,"7,837"
Romania,C1,1
Romania,C1/D,220
Romania,E2,9
Romania,E3D,1
Romania,F1,58
Romania,G2,4
Romania,G3,1
Romania,G4,6
Romania,H1B,6
Romania,H2A,10
Romania,H2B,122
Romania,H4,6
Romania,I,25
Romania,J1,708
Romania,J2,2
Romania,K1,10
Romania,K2,1
Romania,L1,18
Romania,L2,13
Romania,NATO2,21
Romania,NATO4,2
Romania,O1,3
Romania,P1,4
Romania,P3,10
Romania,P4,1
Romania,R1,1
Romania,R2,1
Russia,A1,2
Russia,A2,74
Russia,B1,6
Russia,B1/B2,"3,119"
Russia,C1,1
Russia,C1/D,230
Russia,E2,9
Russia,E3D,1
Russia,F1,487
Russia,F2,19
Russia,G1,15
Russia,G2,20
Russia,G4,32
Russia,H1B,30
Russia,H4,19
Russia,I,8
Russia,J1,107
Russia,J2,20
Russia,K1,28
Russia,K2,5
Russia,L1,54
Russia,L2,75
Russia,M1,3
Russia,M2,2
Russia,O1,33
Russia,O2,2
Russia,O3,15
Russia,P1,17
Russia,P3,3
Russia,P4,6
Russia,R1,2
Russia,TD,1
Rwanda,A1,1
Rwanda,A2,26
Rwanda,B1/B2,230
Rwanda,C1/D,5
Rwanda,F1,68
Rwanda,F2,8
Rwanda,G4,8
Rwanda,H1B,4
Rwanda,J1,15
Rwanda,J2,1
Rwanda,L1,2
Rwanda,L2,1
Saint Kitts and Nevis,A2,1
Saint Kitts and Nevis,B1/B2,208
Saint Kitts and Nevis,C1/D,1
Saint Kitts and Nevis,F1,19
Saint Kitts and Nevis,H1B,1
Saint Kitts and Nevis,H4,1
Saint Kitts and Nevis,J1,1
Saint Kitts and Nevis,O1,1
Saint Lucia,A1,1
Saint Lucia,A2,3
Saint Lucia,B1,2
Saint Lucia,B1/B2,296
Saint Lucia,C1/D,5
Saint Lucia,C3,1
Saint Lucia,F1,9
Saint Lucia,H1B,1
Saint Lucia,J1,3
Saint Lucia,J2,1
Saint Lucia,K1,2
Saint Vincent and the Grenadines,A2,7
Saint Vincent and the Grenadines,B1,5
Saint Vincent and the Grenadines,B1/B2,208
Saint Vincent and the Grenadines,C1/D,9
Saint Vincent and the Grenadines,F1,6
Saint Vincent and the Grenadines,H2B,1
Saint Vincent and the Grenadines,J1,1
Saint Vincent and the Grenadines,P1,1
Samoa,A2,4
Samoa,B1/B2,15
Samoa,C1/D,1
Samoa,C3,2
Samoa,R1,3
San Marino,J1,1
Sao Tome and Principe,B1/B2,2
Saudi Arabia,A1,30
Saudi Arabia,A2,384
Saudi Arabia,A3,5
Saudi Arabia,B1,8
Saudi Arabia,B1/B2,"4,674"
Saudi Arabia,B2,1
Saudi Arabia,C1,2
Saudi Arabia,D,72
Saudi Arabia,F1,698
Saudi Arabia,F2,204
Saudi Arabia,G1,5
Saudi Arabia,G2,17
Saudi Arabia,G4,6
Saudi Arabia,H1B,13
Saudi Arabia,H4,10
Saudi Arabia,I,1
Saudi Arabia,J1,86
Saudi Arabia,J2,17
Saudi Arabia,L1,5
Saudi Arabia,L2,30
Saudi Arabia,M1,47
Saudi Arabia,O1,3
Saudi Arabia,O3,2
Senegal,A1,1
Senegal,A2,11
Senegal,B1/B2,425
Senegal,D,1
Senegal,F1,32
Senegal,F2,2
Senegal,G2,4
Senegal,G4,13
Senegal,H1B,6
Senegal,I,2
Senegal,J1,25
Senegal,K1,7
Senegal,L1,2
Senegal,O1,2
Senegal,P1,1
Serbia,A1,2
Serbia,A2,17
Serbia,B1,3
Serbia,B1/B2,"1,134"
Serbia,C1,1
Serbia,C1/D,110
Serbia,E1,1
Serbia,E2,4
Serbia,F1,184
Serbia,F2,4
Serbia,G1,4
Serbia,G2,4
Serbia,G3,1
Serbia,G4,6
Serbia,H1B,12
Serbia,H2B,134
Serbia,H4,8
Serbia,I,13
Serbia,J1,111
Serbia,J2,1
Serbia,K1,2
Serbia,L1,20
Serbia,L2,18
Serbia,O1,2
Serbia,O3,1
Serbia,P1,1
Serbia,TD,1
Seychelles,A2,2
Seychelles,B1/B2,17
Seychelles,C1/D,1
Seychelles,F1,4
Seychelles,G4,1
Seychelles,H1B,1
Sierra Leone,A1,1
Sierra Leone,A2,19
Sierra Leone,B1,1
Sierra Leone,B1/B2,146
Sierra Leone,B2,12
Sierra Leone,F1,23
Sierra Leone,G1,2
Sierra Leone,G2,7
Sierra Leone,J1,8
Sierra Leone,J2,2
Sierra Leone,K1,23
Sierra Leone,K2,3
Singapore,A1,5
Singapore,A2,127
Singapore,B1,1
Singapore,B1/B2,49
Singapore,C1/D,145
Singapore,CW1,1
Singapore,E2,5
Singapore,F1,304
Singapore,F2,17
Singapore,G1,1
Singapore,G2,3
Singapore,G4,4
Singapore,H1B,40
Singapore,H1B1,94
Singapore,H3,2
Singapore,H4,30
Singapore,J1,105
Singapore,J2,11
Singapore,K1,4
Singapore,K2,2
Singapore,L1,36
Singapore,L2,33
Singapore,M1,3
Singapore,O1,5
Singapore,O3,6
Singapore,P1,4
Singapore,R1,2
Singapore,TD,1
Slovakia,A1,2
Slovakia,A2,20
Slovakia,B1,19
Slovakia,B1/B2,53
Slovakia,C1/D,8
Slovakia,E2,5
Slovakia,F1,56
Slovakia,G1,3
Slovakia,G2,1
Slovakia,G4,1
Slovakia,H1B,2
Slovakia,H2B,1
Slovakia,H4,3
Slovakia,I,4
Slovakia,J1,98
Slovakia,J2,2
Slovakia,L1,3
Slovakia,L2,9
Slovakia,M1,1
Slovakia,NATO2,7
Slovakia,NATO4,1
Slovakia,O1,4
Slovakia,O3,5
Slovakia,P1,2
Slovenia,A2,2
Slovenia,B1,2
Slovenia,B1/B2,29
Slovenia,C1/D,3
Slovenia,E2,1
Slovenia,F1,30
Slovenia,F2,1
Slovenia,G2,7
Slovenia,H1B,1
Slovenia,H4,1
Slovenia,I,4
Slovenia,J1,20
Slovenia,J2,3
Slovenia,K1,2
Slovenia,L1,1
Slovenia,L2,1
Slovenia,NATO2,7
Slovenia,O1,1
Slovenia,O2,1
Solomon Islands,B1/B2,74
Solomon Islands,G2,1
Solomon Islands,I,1
Solomon Islands,J1,1
Somalia,A1,1
Somalia,A2,2
Somalia,B1/B2,17
Somalia,F1,3
Somalia,G2,5
Somalia,J1,1
Somalia,K1,2
South Africa,A1,6
South Africa,A2,10
South Africa,A3,1
South Africa,B1,5
South Africa,B1/B2,"3,620"
South Africa,B2,2
South Africa,C1,8
South Africa,C1/D,361
South Africa,E3D,2
South Africa,F1,252
South Africa,F2,13
South Africa,G1,1
South Africa,G2,8
South Africa,G4,15
South Africa,H1B,14
South Africa,H2A,392
South Africa,H2B,41
South Africa,H4,93
South Africa,I,9
South Africa,J1,312
South Africa,J2,13
South Africa,K1,11
South Africa,K2,1
South Africa,L1,52
South Africa,L2,60
South Africa,M1,9
South Africa,M2,3
South Africa,O1,8
South Africa,O2,5
South Africa,O3,6
South Africa,P1,15
South Africa,P3,1
South Africa,P4,2
South Africa,Q1,1
South Africa,R1,4
South Africa,R2,1
South Sudan,A2,1
South Sudan,B1,2
South Sudan,B1/B2,9
South Sudan,F1,13
South Sudan,G2,5
South Sudan,G4,2
South Sudan,J1,2
South Sudan,K1,3
South Sudan,O1,1
South Sudan,R1,1
Spain,A1,13
Spain,A2,21
Spain,A3,1
Spain,B1,6
Spain,B1/B2,"1,119"
Spain,B2,26
Spain,C1,1
Spain,C1/D,349
Spain,E1,3
Spain,E2,66
Spain,E3D,2
Spain,F1,"1,454"
Spain,F2,11
Spain,G1,6
Spain,G2,17
Spain,G4,39
Spain,H1B,121
Spain,H2A,1
Spain,H2B,1
Spain,H4,38
Spain,I,64
Spain,J1,"3,200"
Spain,J2,346
Spain,K1,9
Spain,L1,129
Spain,L2,142
Spain,M1,10
Spain,NATO2,69
Spain,NATO4,4
Spain,O1,37
Spain,O2,35
Spain,O3,18
Spain,P1,31
Spain,P3,11
Spain,P4,3
Spain,R1,6
Spain,R2,3
Spain,TD,1
Sri Lanka,A2,39
Sri Lanka,A3,1
Sri Lanka,B1,4
Sri Lanka,B1/B2,679
Sri Lanka,C1,10
Sri Lanka,C1/D,84
Sri Lanka,E2,2
Sri Lanka,F1,190
Sri Lanka,F2,24
Sri Lanka,G1,4
Sri Lanka,G2,13
Sri Lanka,G4,4
Sri Lanka,H1B,10
Sri Lanka,H4,2
Sri Lanka,I,2
Sri Lanka,J1,18
Sri Lanka,J2,1
Sri Lanka,K1,6
Sri Lanka,K2,1
Sri Lanka,L1,11
Sri Lanka,L2,10
Sri Lanka,O1,3
Sri Lanka,P1,1
Sri Lanka,P3,1
Sri Lanka,R1,1
Sri Lanka,TD,1
Sudan,A1,1
Sudan,A2,2
Sudan,A3,2
Sudan,B1,16
Sudan,B1/B2,249
Sudan,F1,23
Sudan,F2,7
Sudan,G1,2
Sudan,G4,5
Sudan,H1B,6
Sudan,H4,5
Sudan,J1,14
Sudan,J2,8
Sudan,K1,7
Sudan,L1,3
Sudan,L2,9
Suriname,A1,1
Suriname,A2,4
Suriname,B1/B2,511
Suriname,C3,1
Suriname,F1,2
Suriname,G2,1
Suriname,H1B,1
Suriname,J1,6
Suriname,K1,1
Suriname,M1,2
Sweden,A1,8
Sweden,A2,89
Sweden,B1,2
Sweden,B1/B2,412
Sweden,C1/D,32
Sweden,E1,2
Sweden,E2,45
Sweden,E3D,1
Sweden,F1,390
Sweden,F2,3
Sweden,G1,3
Sweden,G2,3
Sweden,G3,1
Sweden,G4,7
Sweden,H1B,13
Sweden,H4,6
Sweden,I,2
Sweden,J1,255
Sweden,J2,20
Sweden,K1,6
Sweden,L1,35
Sweden,L2,51
Sweden,M1,6
Sweden,O1,16
Sweden,O2,5
Sweden,O3,4
Sweden,P1,26
Sweden,P3,5
Switzerland,A1,2
Switzerland,A2,17
Switzerland,B1,24
Switzerland,B1/B2,338
Switzerland,B2,2
Switzerland,C1/D,70
Switzerland,C3,5
Switzerland,E2,15
Switzerland,F1,251
Switzerland,F2,5
Switzerland,G1,4
Switzerland,G2,4
Switzerland,G4,9
Switzerland,H1B,4
Switzerland,I,15
Switzerland,J1,184
Switzerland,J2,14
Switzerland,L1,23
Switzerland,L2,15
Switzerland,M1,12
Switzerland,O1,11
Switzerland,O2,1
Switzerland,O3,2
Switzerland,P1,5
Switzerland,P3,1
Syria,B1,3
Syria,B1/B2,435
Syria,F1,49
Syria,F2,7
Syria,G1,2
Syria,G4,5
Syria,H1B,6
Syria,H4,4
Syria,J1,25
Syria,J2,3
Syria,K1,37
Syria,K2,1
Syria,L2,1
Syria,O1,1
Syria,O2,2
Syria,TD,1
Taiwan,B1,1
Taiwan,B1/B2,513
Taiwan,C1,2
Taiwan,C1/D,195
Taiwan,CW1,1
Taiwan,E1,77
Taiwan,E2,223
Taiwan,F1,"1,842"
Taiwan,F2,38
Taiwan,G4,1
Taiwan,H1B,85
Taiwan,H4,26
Taiwan,I,7
Taiwan,J1,432
Taiwan,J2,56
Taiwan,K1,8
Taiwan,L1,77
Taiwan,L2,75
Taiwan,M1,20
Taiwan,O1,7
Taiwan,O2,5
Taiwan,O3,5
Taiwan,P1,5
Taiwan,P3,1
Taiwan,R1,3
Taiwan,TD,1
Tajikistan,A2,3
Tajikistan,B1/B2,148
Tajikistan,F1,20
Tajikistan,G1,2
Tajikistan,G2,2
Tajikistan,G4,7
Tajikistan,H1B,1
Tajikistan,H4,3
Tajikistan,J1,40
Tajikistan,K1,1
Tajikistan,O1,1
Tajikistan,P1,2
Tanzania,A2,24
Tanzania,B1,8
Tanzania,B1/B2,444
Tanzania,B2,1
Tanzania,C1/D,12
Tanzania,F1,70
Tanzania,F2,3
Tanzania,G1,3
Tanzania,G2,32
Tanzania,G4,11
Tanzania,H1B,3
Tanzania,H4,4
Tanzania,J1,54
Tanzania,J2,3
Tanzania,K1,5
Tanzania,L2,1
Tanzania,O1,1
Tanzania,R1,2
Thailand,A2,128
Thailand,A3,2
Thailand,B1,47
Thailand,B1/B2,"3,195"
Thailand,B2,10
Thailand,C1,3
Thailand,C1/D,186
Thailand,CW1,3
Thailand,E1,1
Thailand,E2,31
Thailand,F1,539
Thailand,F2,3
Thailand,G1,1
Thailand,G2,15
Thailand,G4,2
Thailand,H1B,19
Thailand,H2A,4
Thailand,H4,4
Thailand,J1,266
Thailand,J2,3
Thailand,K1,63
Thailand,K2,8
Thailand,L1,22
Thailand,L2,37
Thailand,O1,5
Thailand,O3,2
Thailand,P1,2
Thailand,P3,2
Thailand,R1,12
Thailand,R2,1
Thailand,TD,6
Timor-Leste,A2,9
Timor-Leste,B1/B2,1
Timor-Leste,F1,2
Timor-Leste,J1,4
Togo,A1,1
Togo,A2,12
Togo,B1/B2,170
Togo,C1,3
Togo,C3,8
Togo,D,2
Togo,F1,11
Togo,F2,1
Togo,G1,1
Togo,G2,3
Togo,H4,1
Togo,J1,5
Togo,K1,8
Tonga,A1,1
Tonga,A2,31
Tonga,B1/B2,52
Tonga,C3,1
Tonga,J1,2
Tonga,R1,6
Trinidad and Tobago,A2,1
Trinidad and Tobago,B1,1
Trinidad and Tobago,B1/B2,"4,192"
Trinidad and Tobago,C1,9
Trinidad and Tobago,C1/D,20
Trinidad and Tobago,E2,4
Trinidad and Tobago,F1,89
Trinidad and Tobago,F2,2
Trinidad and Tobago,G2,2
Trinidad and Tobago,G4,9
Trinidad and Tobago,H1B,11
Trinidad and Tobago,H4,5
Trinidad and Tobago,J1,24
Trinidad and Tobago,J2,15
Trinidad and Tobago,K1,9
Trinidad and Tobago,L1,13
Trinidad and Tobago,L2,23
Trinidad and Tobago,M1,6
Trinidad and Tobago,O1,1
Trinidad and Tobago,O2,4
Trinidad and Tobago,O3,1
Trinidad and Tobago,P1,30
Trinidad and Tobago,P3,14
Trinidad and Tobago,R1,2
Trinidad and Tobago,R2,5
Tunisia,A2,30
Tunisia,A3,1
Tunisia,B1,2
Tunisia,B1/B2,458
Tunisia,C1,1
Tunisia,C1/D,52
Tunisia,E2,1
Tunisia,F1,34
Tunisia,G1,5
Tunisia,G2,2
Tunisia,G4,14
Tunisia,H1B,3
Tunisia,I,3
Tunisia,J1,71
Tunisia,J2,1
Tunisia,K1,14
Tunisia,L1,1
Turkey,A2,65
Turkey,B1,5
Turkey,B1/B2,"6,602"
Turkey,B2,4
Turkey,C1,1
Turkey,C1/D,229
Turkey,C2,1
Turkey,E1,12
Turkey,E2,63
Turkey,F1,432
Turkey,F2,22
Turkey,G1,1
Turkey,G2,1
Turkey,G4,5
Turkey,H1B,73
Turkey,H4,33
Turkey,I,4
Turkey,J1,420
Turkey,J2,100
Turkey,K1,15
Turkey,K2,2
Turkey,L1,34
Turkey,L2,33
Turkey,M1,1
Turkey,NATO2,22
Turkey,NATO4,4
Turkey,NATO6,9
Turkey,O1,10
Turkey,O3,3
Turkey,P1,2
Turkey,R1,1
Turkey,R2,1
Turkey,TD,1
Turkmenistan,A2,9
Turkmenistan,B1,1
Turkmenistan,B1/B2,178
Turkmenistan,C1,1
Turkmenistan,C1/D,1
Turkmenistan,F1,67
Turkmenistan,F2,12
Turkmenistan,G4,4
Turkmenistan,H1B,6
Turkmenistan,H4,2
Turkmenistan,J1,13
Turkmenistan,L2,1
Turks and Caicos Islands,B1/B2,13
Turks and Caicos Islands,F1,4
Tuvalu,A2,4
Tuvalu,B1/B2,12
Tuvalu,G4,1
Uganda,A2,9
Uganda,A3,1
Uganda,B1/B2,765
Uganda,C1,2
Uganda,C1/D,16
Uganda,C2,2
Uganda,D,2
Uganda,F1,211
Uganda,F2,19
Uganda,G2,24
Uganda,G4,25
Uganda,H1B,1
Uganda,H4,3
Uganda,I,1
Uganda,J1,45
Uganda,J2,11
Uganda,K1,17
Uganda,K2,1
Uganda,L1,1
Uganda,M1,1
Uganda,O1,1
Uganda,R1,3
Uganda,R2,2
Uganda,TD,1
Ukraine,A1,12
Ukraine,A2,112
Ukraine,B1,16
Ukraine,B1/B2,"2,691"
Ukraine,C1,1
Ukraine,C1/D,228
Ukraine,E2,14
Ukraine,F1,185
Ukraine,F2,8
Ukraine,G1,5
Ukraine,G2,2
Ukraine,G4,11
Ukraine,H1B,13
Ukraine,H2A,15
Ukraine,H2B,67
Ukraine,H4,7
Ukraine,I,3
Ukraine,J1,138
Ukraine,J2,12
Ukraine,K1,1
Ukraine,K2,1
Ukraine,L1,24
Ukraine,L2,39
Ukraine,O1,7
Ukraine,O2,1
Ukraine,P1,11
Ukraine,P3,8
Ukraine,P4,3
Ukraine,R1,1
Ukraine,R2,3
Ukraine,TD,1
United Arab Emirates,A1,14
United Arab Emirates,A2,84
United Arab Emirates,B1/B2,"1,481"
United Arab Emirates,D,23
United Arab Emirates,F1,56
United Arab Emirates,F2,3
United Arab Emirates,G1,4
United Arab Emirates,G2,9
United Arab Emirates,H4,1
United Arab Emirates,J1,6
Uruguay,A1,1
Uruguay,A2,10
Uruguay,B1,6
Uruguay,B1/B2,"2,596"
Uruguay,C1,1
Uruguay,C1/D,6
Uruguay,F1,22
Uruguay,F2,1
Uruguay,G1,3
Uruguay,G2,1
Uruguay,G4,1
Uruguay,H4,1
Uruguay,I,10
Uruguay,J1,20
Uruguay,J2,3
Uruguay,K1,1
Uruguay,L1,1
Uruguay,L2,5
Uruguay,M1,2
Uruguay,O3,2
Uruguay,P1,1
Uruguay,P4,2
Uzbekistan,A1,7
Uzbekistan,A2,15
Uzbekistan,B1,1
Uzbekistan,B1/B2,570
Uzbekistan,C1/D,24
Uzbekistan,F1,116
Uzbekistan,F2,7
Uzbekistan,G1,13
Uzbekistan,G2,6
Uzbekistan,G4,2
Uzbekistan,H1B,2
Uzbekistan,I,1
Uzbekistan,J1,71
Uzbekistan,K1,12
Uzbekistan,K2,1
Uzbekistan,P1,3
Vanuatu,A2,2
Vanuatu,B1/B2,15
Vanuatu,F1,1
Vanuatu,J1,1
Vatican City,A2,1
Venezuela,A1,1
Venezuela,B1,3
Venezuela,B1/B2,"4,484"
Venezuela,B2,6
Venezuela,C1,3
Venezuela,C1/D,41
Venezuela,E2,1
Venezuela,F1,109
Venezuela,F2,2
Venezuela,G3,1
Venezuela,G4,13
Venezuela,H1B,12
Venezuela,H4,12
Venezuela,I,5
Venezuela,J1,26
Venezuela,J2,3
Venezuela,K1,21
Venezuela,K2,7
Venezuela,L1,25
Venezuela,L2,21
Venezuela,M1,1
Venezuela,O1,12
Venezuela,O2,2
Venezuela,O3,7
Venezuela,P1,50
Venezuela,P4,8
Venezuela,R1,4
Venezuela,TD,2
Vietnam,A1,20
Vietnam,A2,71
Vietnam,B1,11
Vietnam,B1/B2,"9,680"
Vietnam,B2,228
Vietnam,C1,13
Vietnam,C1/D,226
Vietnam,C3,3
Vietnam,E2,2
Vietnam,E3D,1
Vietnam,F1,"3,431"
Vietnam,F2,32
Vietnam,G1,1
Vietnam,G2,18
Vietnam,G4,32
Vietnam,H1B,46
Vietnam,H4,15
Vietnam,I,3
Vietnam,J1,143
Vietnam,J2,10
Vietnam,K1,231
Vietnam,K2,39
Vietnam,L1,46
Vietnam,L2,35
Vietnam,M1,6
Vietnam,O1,7
Vietnam,O2,1
Vietnam,O3,2
Vietnam,P3,11
Vietnam,P4,3
Vietnam,R1,14
Yemen,A2,3
Yemen,B1/B2,230
Yemen,F1,15
Yemen,F2,8
Yemen,G2,5
Yemen,G4,6
Yemen,H1B,3
Yemen,H4,6
Yemen,J1,4
Yemen,K1,9
Yemen,M1,1
Zambia,A1,1
Zambia,A2,10
Zambia,B1/B2,171
Zambia,C1/D,11
Zambia,F1,44
Zambia,F2,3
Zambia,G2,6
Zambia,G4,15
Zambia,H1B,3
Zambia,H4,6
Zambia,J1,25
Zambia,K1,1
Zambia,P1,1
Zambia,R1,2
Zimbabwe,A1,5
Zimbabwe,A2,5
Zimbabwe,B1,1
Zimbabwe,B1/B2,546
Zimbabwe,C1,2
Zimbabwe,C1/D,394
Zimbabwe,D,1
Zimbabwe,F1,287
Zimbabwe,F2,22
Zimbabwe,G1,6
Zimbabwe,G2,17
Zimbabwe,G4,32
Zimbabwe,G5,1
Zimbabwe,H1B,7
Zimbabwe,H4,4
Zimbabwe,I,2
Zimbabwe,J1,72
Zimbabwe,J2,36
Zimbabwe,K1,4
Zimbabwe,K2,2
Zimbabwe,L1,5
Zimbabwe,L2,8
Zimbabwe,O1,1
Zimbabwe,R1,1
GRAND TOTAL,,"883,594"
"*""Non-nationality based issuances"" includes individuals presenting travel documents issued by a competent authority other than their country of nationality, including, for example, aliens traveling on a Laissez-Passer issued by the United Nations and refugees residing in another country.",,