Nonimmigrant Visa Issuances by Nationality                                                      May 2024 (FY 2024),,
Nationality,Visa Class,Issuances
Afghanistan,B1/B2,186
Afghanistan,F1,21
Afghanistan,F2,1
Afghanistan,G4,6
Afghanistan,J1,3
Afghanistan,K1,18
Albania,A2,2
Albania,B1/B2,"1,648"
Albania,B2,1
Albania,C1/D,7
Albania,F1,42
Albania,F2,1
Albania,G2,1
Albania,G4,6
Albania,H1B,3
Albania,H4,1
Albania,J1,572
Albania,K1,13
Albania,L1,2
Albania,L2,1
Albania,NATO2,10
Albania,NATO4,1
Albania,O1,1
Albania,P1,2
Albania,P3,1
Algeria,A1,12
Algeria,A2,22
Algeria,B1/B2,"1,665"
Algeria,C1,2
Algeria,D,23
Algeria,F1,29
Algeria,G1,8
Algeria,G2,1
Algeria,G4,1
Algeria,H1B,3
Algeria,H4,1
Algeria,J1,19
Algeria,K1,19
Algeria,K2,1
Algeria,L1,2
Algeria,L2,2
Andorra,A1,2
Andorra,F1,1
Andorra,G2,1
Andorra,J1,2
Angola,A1,6
Angola,A2,48
Angola,B1/B2,441
Angola,C1/D,22
Angola,F1,33
Angola,F2,1
Angola,G2,1
Angola,I,1
Angola,J1,17
Angola,L1,3
Angola,L2,5
Anguilla,B1/B2,5
Anguilla,J1,1
Antigua and Barbuda,B1/B2,356
Antigua and Barbuda,C1/D,2
Antigua and Barbuda,F1,2
Antigua and Barbuda,H1B,2
Antigua and Barbuda,J1,9
Antigua and Barbuda,J2,2
Argentina,A1,14
Argentina,A2,43
Argentina,B1,7
Argentina,B1/B2,"25,488"
Argentina,B2,70
Argentina,C1,1
Argentina,C1/D,154
Argentina,C3,2
Argentina,E1,6
Argentina,E2,42
Argentina,F1,292
Argentina,F2,13
Argentina,G1,1
Argentina,G2,4
Argentina,G4,22
Argentina,H1B,12
Argentina,H2A,28
Argentina,H2B,12
Argentina,H4,3
Argentina,I,124
Argentina,J1,267
Argentina,J2,17
Argentina,K1,17
Argentina,L1,49
Argentina,L2,47
Argentina,M1,3
Argentina,O1,26
Argentina,O3,10
Argentina,P1,62
Argentina,P3,13
Argentina,P4,17
Argentina,R1,6
Argentina,R2,1
Armenia,A1,7
Armenia,A2,29
Armenia,B1,4
Armenia,B1/B2,"1,775"
Armenia,E2,4
Armenia,F1,37
Armenia,F2,6
Armenia,G2,6
Armenia,G4,1
Armenia,H1B,3
Armenia,H4,1
Armenia,J1,33
Armenia,J2,4
Armenia,K1,12
Armenia,L1,4
Armenia,L2,6
Armenia,O1,1
Armenia,P1,2
Australia,A1,23
Australia,A2,612
Australia,B1,3
Australia,B1/B2,957
Australia,C1,3
Australia,C1/D,153
Australia,C3,7
Australia,E2,34
Australia,E3,350
Australia,E3D,198
Australia,E3R,222
Australia,F1,359
Australia,F2,8
Australia,G1,4
Australia,G2,6
Australia,G4,37
Australia,H1B,29
Australia,H3,2
Australia,H4,12
Australia,I,36
Australia,J1,655
Australia,J2,12
Australia,K1,24
Australia,K2,1
Australia,L1,72
Australia,L2,70
Australia,M1,13
Australia,M2,10
Australia,O1,54
Australia,O2,21
Australia,O3,4
Australia,P1,60
Australia,P4,4
Australia,R1,9
Australia,R2,1
Austria,A1,3
Austria,A2,54
Austria,B1/B2,186
Austria,C1/D,58
Austria,E1,1
Austria,E2,12
Austria,F1,47
Austria,G1,1
Austria,G2,1
Austria,G3,3
Austria,G4,12
Austria,H1B,4
Austria,H4,1
Austria,I,4
Austria,J1,89
Austria,J2,5
Austria,K1,3
Austria,L1,44
Austria,L2,5
Austria,M1,3
Austria,O1,7
Austria,P1,1
Azerbaijan,A1,8
Azerbaijan,A2,18
Azerbaijan,B1,4
Azerbaijan,B1/B2,853
Azerbaijan,C1/D,25
Azerbaijan,E2,3
Azerbaijan,F1,98
Azerbaijan,F2,10
Azerbaijan,G1,3
Azerbaijan,G2,17
Azerbaijan,G4,7
Azerbaijan,H1B,6
Azerbaijan,H4,5
Azerbaijan,I,1
Azerbaijan,J1,73
Azerbaijan,J2,1
Azerbaijan,K1,1
Azerbaijan,L1,5
Azerbaijan,L2,6
Azerbaijan,P3,3
"Bahamas, The",A1,2
"Bahamas, The",A2,4
"Bahamas, The",B1,1
"Bahamas, The",B1/B2,"1,674"
"Bahamas, The",C1/D,15
"Bahamas, The",F1,81
"Bahamas, The",F2,3
"Bahamas, The",G1,2
"Bahamas, The",G2,1
"Bahamas, The",G4,1
"Bahamas, The",H1B,10
"Bahamas, The",H4,2
"Bahamas, The",J1,21
"Bahamas, The",J2,1
"Bahamas, The",K1,1
"Bahamas, The",M1,1
"Bahamas, The",O1,3
"Bahamas, The",P1,2
Bahrain,A1,6
Bahrain,A2,47
Bahrain,B1/B2,359
Bahrain,B2,1
Bahrain,C1/D,3
Bahrain,F1,17
Bahrain,F2,2
Bahrain,G2,1
Bahrain,J1,12
Bahrain,P3,1
Bangladesh,A1,8
Bangladesh,A2,73
Bangladesh,B1,22
Bangladesh,B1/B2,"3,313"
Bangladesh,B2,1
Bangladesh,C1,7
Bangladesh,C1/D,82
Bangladesh,CW1,1
Bangladesh,CW2,2
Bangladesh,E2,2
Bangladesh,F1,986
Bangladesh,F2,365
Bangladesh,G1,1
Bangladesh,G2,18
Bangladesh,G4,15
Bangladesh,H1B,35
Bangladesh,H4,39
Bangladesh,I,38
Bangladesh,J1,55
Bangladesh,J2,7
Bangladesh,K1,6
Bangladesh,K2,2
Bangladesh,L1,4
Bangladesh,L2,1
Bangladesh,M1,1
Bangladesh,R2,3
Bangladesh,T2,2
Bangladesh,T3,5
Bangladesh,T4,1
Bangladesh,TD,1
Barbados,A1,1
Barbados,A2,2
Barbados,B1/B2,987
Barbados,C1,1
Barbados,C1/D,7
Barbados,C3,1
Barbados,F1,15
Barbados,G2,1
Barbados,G4,6
Barbados,H1B,2
Barbados,H2A,8
Barbados,H2B,10
Barbados,I,1
Barbados,J1,9
Barbados,L1,2
Barbados,L2,1
Barbados,P1,3
Barbados,P3,1
Belarus,A1,2
Belarus,A2,1
Belarus,B1,1
Belarus,B1/B2,647
Belarus,C1/D,20
Belarus,E2,1
Belarus,F1,30
Belarus,F2,1
Belarus,G4,3
Belarus,H1B,3
Belarus,H2B,1
Belarus,H4,4
Belarus,J1,68
Belarus,J2,2
Belarus,K1,8
Belarus,K2,1
Belarus,L1,12
Belarus,L2,15
Belarus,O1,2
Belarus,O2,2
Belarus,O3,1
Belarus,P1,2
Belarus,P4,1
Belgium,A1,8
Belgium,A2,24
Belgium,B1,2
Belgium,B1/B2,212
Belgium,C1/D,63
Belgium,E2,14
Belgium,F1,72
Belgium,F2,4
Belgium,G1,2
Belgium,G2,4
Belgium,G3,2
Belgium,G4,8
Belgium,H1B,8
Belgium,I,15
Belgium,J1,87
Belgium,J2,7
Belgium,K1,2
Belgium,L1,33
Belgium,L2,22
Belgium,M1,2
Belgium,NATO2,60
Belgium,NATO4,2
Belgium,NATO6,5
Belgium,O1,8
Belgium,O2,4
Belgium,P1,6
Belgium,P3,5
Belgium,R1,1
Belize,A1,1
Belize,A2,51
Belize,B1/B2,920
Belize,C1,8
Belize,C3,20
Belize,F1,14
Belize,G4,3
Belize,H1B,1
Belize,H2A,2
Belize,H2B,15
Belize,H4,2
Belize,J1,13
Belize,K1,3
Belize,K2,2
Belize,R1,1
Belize,TD,1
Belize,U3,1
Benin,A1,2
Benin,A2,4
Benin,B1/B2,167
Benin,F1,18
Benin,G2,3
Benin,G4,7
Benin,H1B,1
Benin,H4,1
Benin,J1,18
Bermuda,B1/B2,29
Bermuda,F1,1
Bermuda,K1,1
Bermuda,P1,1
Bhutan,B1/B2,45
Bhutan,C1,1
Bhutan,F1,8
Bhutan,F2,1
Bhutan,G2,1
Bhutan,J1,5
Bhutan,R1,4
Bhutan,R2,3
Bolivia,A2,6
Bolivia,B1,9
Bolivia,B1/B2,"2,376"
Bolivia,C1/D,9
Bolivia,F1,44
Bolivia,F2,2
Bolivia,G2,1
Bolivia,G4,12
Bolivia,H1B,4
Bolivia,I,2
Bolivia,J1,39
Bolivia,J2,1
Bolivia,K1,5
Bolivia,L1,5
Bolivia,L2,7
Bolivia,M1,1
Bolivia,O2,3
Bolivia,O3,6
Bolivia,R1,2
Bosnia-Herzegovina,A2,20
Bosnia-Herzegovina,B1,13
Bosnia-Herzegovina,B1/B2,329
Bosnia-Herzegovina,C1/D,16
Bosnia-Herzegovina,E2,1
Bosnia-Herzegovina,F1,6
Bosnia-Herzegovina,G4,2
Bosnia-Herzegovina,H1B,2
Bosnia-Herzegovina,H4,2
Bosnia-Herzegovina,I,1
Bosnia-Herzegovina,J1,106
Bosnia-Herzegovina,K1,9
Bosnia-Herzegovina,L1,1
Bosnia-Herzegovina,L2,2
Bosnia-Herzegovina,P1,1
Bosnia-Herzegovina,P3,8
Botswana,A1,3
Botswana,A2,42
Botswana,B1/B2,69
Botswana,C3,3
Botswana,F1,4
Botswana,F2,1
Botswana,G4,2
Botswana,H1B,2
Botswana,H4,3
Botswana,J1,28
Botswana,J2,1
Botswana,M1,1
Brazil,A1,17
Brazil,A2,532
Brazil,B1,271
Brazil,B1/B2,"86,683"
Brazil,B2,2
Brazil,C1,28
Brazil,C1/D,481
Brazil,C3,10
Brazil,E2,10
Brazil,E3D,3
Brazil,F1,"1,037"
Brazil,F2,171
Brazil,G1,29
Brazil,G2,23
Brazil,G4,53
Brazil,H1B,125
Brazil,H2A,22
Brazil,H2B,10
Brazil,H3,1
Brazil,H4,91
Brazil,I,36
Brazil,J1,864
Brazil,J2,176
Brazil,K1,81
Brazil,K2,13
Brazil,L1,351
Brazil,L2,450
Brazil,M1,17
Brazil,O1,118
Brazil,O2,68
Brazil,O3,48
Brazil,P1,89
Brazil,P3,16
Brazil,P4,12
Brazil,R1,16
Brazil,R2,12
Brazil,TD,2
British National Overseas (Hong Kong) Passport,B1/B2,179
British National Overseas (Hong Kong) Passport,C1/D,2
British National Overseas (Hong Kong) Passport,F1,3
British National Overseas (Hong Kong) Passport,H1B,4
British National Overseas (Hong Kong) Passport,J1,3
British National Overseas (Hong Kong) Passport,K1,1
British National Overseas (Hong Kong) Passport,L1,1
British National Overseas (Hong Kong) Passport,L2,1
British Virgin Islands,B1/B2,2
British Virgin Islands,F1,2
Brunei,A1,6
Brunei,A2,7
Brunei,B1/B2,1
Brunei,C3,1
Brunei,F1,2
Brunei,G1,1
Brunei,J1,1
Bulgaria,A2,55
Bulgaria,B1,5
Bulgaria,B1/B2,"1,257"
Bulgaria,C1/D,95
Bulgaria,E2,3
Bulgaria,F1,29
Bulgaria,F2,1
Bulgaria,G4,7
Bulgaria,H1B,6
Bulgaria,H2B,14
Bulgaria,H4,2
Bulgaria,I,5
Bulgaria,J1,637
Bulgaria,K1,3
Bulgaria,L1,6
Bulgaria,L2,2
Bulgaria,NATO2,13
Bulgaria,O3,1
Bulgaria,P1,1
Burkina Faso,A2,3
Burkina Faso,B1/B2,241
Burkina Faso,C3,1
Burkina Faso,F1,23
Burkina Faso,G2,1
Burkina Faso,G4,7
Burkina Faso,J1,26
Burkina Faso,K1,1
Burma,A1,3
Burma,B1,17
Burma,B1/B2,301
Burma,B2,1
Burma,C1,146
Burma,D,370
Burma,E2,1
Burma,F1,271
Burma,F2,10
Burma,G4,4
Burma,H1B,1
Burma,J1,23
Burma,K1,38
Burma,K2,1
Burma,L1,1
Burma,M1,2
Burma,R1,1
Burundi,A1,1
Burundi,A2,25
Burundi,B1/B2,97
Burundi,C1,1
Burundi,C1/D,1
Burundi,F1,14
Burundi,G2,2
Burundi,G4,6
Burundi,I,2
Burundi,J1,6
Burundi,K1,3
Cabo Verde,A2,13
Cabo Verde,B1/B2,337
Cabo Verde,C1,3
Cabo Verde,C1/D,2
Cabo Verde,C3,9
Cabo Verde,F1,1
Cabo Verde,J1,10
Cabo Verde,K1,10
Cabo Verde,K2,1
Cabo Verde,O1,1
Cabo Verde,P3,2
Cambodia,A2,7
Cambodia,B1,6
Cambodia,B1/B2,"1,122"
Cambodia,C1,4
Cambodia,D,5
Cambodia,F1,54
Cambodia,F2,1
Cambodia,G1,8
Cambodia,G2,12
Cambodia,G4,4
Cambodia,H1B,1
Cambodia,H4,1
Cambodia,J1,19
Cambodia,K1,32
Cambodia,K2,5
Cameroon,A1,5
Cameroon,A2,17
Cameroon,B1,6
Cameroon,B1/B2,844
Cameroon,B2,11
Cameroon,C1/D,4
Cameroon,C3,1
Cameroon,F1,34
Cameroon,F2,2
Cameroon,G1,3
Cameroon,G2,17
Cameroon,G4,35
Cameroon,H1B,5
Cameroon,H4,5
Cameroon,J1,44
Cameroon,K1,43
Cameroon,K2,2
Cameroon,O1,1
Cameroon,P3,2
Cameroon,P4,1
Cameroon,R1,6
Canada,A1,21
Canada,A2,3
Canada,B1/B2,11
Canada,C1/D,1
Canada,E1,115
Canada,E2,612
Canada,E3D,6
Canada,F1,32
Canada,F2,1
Canada,G1,5
Canada,G3,1
Canada,G4,39
Canada,H1B,7
Canada,H2A,1
Canada,H4,18
Canada,I,1
Canada,J1,20
Canada,J2,9
Canada,K1,65
Canada,K2,1
Canada,L1,20
Canada,L2,22
Canada,NATO2,117
Canada,NATO4,1
Canada,O1,6
Canada,O3,1
Canada,P1,6
Canada,P2,1
Canada,R1,4
Canada,TD,2
Canada,TN,8
Canada,U1,1
Cayman Islands,B1/B2,105
Cayman Islands,C1/D,7
Cayman Islands,F1,5
Central African Republic,A1,1
Central African Republic,B1/B2,13
Central African Republic,G2,7
Central African Republic,G4,1
Chad,A1,4
Chad,A2,8
Chad,B1/B2,43
Chad,F1,6
Chad,G1,2
Chad,G2,1
Chad,J1,6
Chile,A1,1
Chile,A2,244
Chile,B1,9
Chile,B1/B2,592
Chile,B2,4
Chile,C1/D,68
Chile,C3,5
Chile,E1,2
Chile,E2,11
Chile,F1,177
Chile,F2,26
Chile,G1,2
Chile,G2,3
Chile,G4,8
Chile,H1B,31
Chile,H1B1,183
Chile,H2A,3
Chile,H2B,2
Chile,H3,1
Chile,H4,145
Chile,I,6
Chile,J1,93
Chile,J2,18
Chile,K1,6
Chile,K2,1
Chile,L1,35
Chile,L2,48
Chile,M1,2
Chile,O1,8
Chile,O3,3
Chile,P1,7
Chile,P4,3
Chile,R1,2
Chile,T3,2
China - mainland,A1,71
China - mainland,A2,64
China - mainland,B1,168
China - mainland,B1/B2,"63,824"
China - mainland,B2,6
China - mainland,BBBCC,2
China - mainland,C1,16
China - mainland,C1/D,"1,262"
China - mainland,C3,5
China - mainland,CW1,9
China - mainland,CW2,2
China - mainland,E2,23
China - mainland,E3D,4
China - mainland,F1,"16,987"
China - mainland,F2,186
China - mainland,G1,16
China - mainland,G2,31
China - mainland,G4,79
China - mainland,H1B,"2,147"
China - mainland,H3,1
China - mainland,H4,380
China - mainland,I,17
China - mainland,J1,"2,204"
China - mainland,J2,345
China - mainland,K1,66
China - mainland,K2,8
China - mainland,L1,507
China - mainland,L2,489
China - mainland,M1,13
China - mainland,O1,104
China - mainland,O2,12
China - mainland,O3,28
China - mainland,P1,26
China - mainland,P3,25
China - mainland,R1,6
China - mainland,R2,6
China - mainland,TD,6
Colombia,A1,6
Colombia,A2,475
Colombia,B1,25
Colombia,B1/B2,"40,274"
Colombia,B2,3
Colombia,C1,11
Colombia,C1/D,202
Colombia,C3,2
Colombia,E1,6
Colombia,E2,42
Colombia,E3D,1
Colombia,F1,554
Colombia,F2,37
Colombia,G1,2
Colombia,G2,6
Colombia,G4,56
Colombia,G5,2
Colombia,H1B,38
Colombia,H2A,25
Colombia,H2B,241
Colombia,H4,20
Colombia,I,56
Colombia,J1,"2,992"
Colombia,J2,86
Colombia,K1,163
Colombia,K2,50
Colombia,L1,56
Colombia,L2,71
Colombia,M1,7
Colombia,O1,22
Colombia,O2,58
Colombia,O3,16
Colombia,P1,54
Colombia,P2,1
Colombia,P3,10
Colombia,P4,7
Colombia,R1,16
Colombia,R2,3
Colombia,T3,1
Colombia,TD,2
Comoros,A3,1
Comoros,B1/B2,4
Comoros,G4,1
Comoros,J1,4
"Congo, Democratic Republic of the",A1,8
"Congo, Democratic Republic of the",A2,13
"Congo, Democratic Republic of the",B1,2
"Congo, Democratic Republic of the",B1/B2,867
"Congo, Democratic Republic of the",C1,1
"Congo, Democratic Republic of the",C3,2
"Congo, Democratic Republic of the",F1,49
"Congo, Democratic Republic of the",F2,5
"Congo, Democratic Republic of the",G2,7
"Congo, Democratic Republic of the",G4,7
"Congo, Democratic Republic of the",H1B,3
"Congo, Democratic Republic of the",H3,5
"Congo, Democratic Republic of the",J1,26
"Congo, Democratic Republic of the",K1,14
"Congo, Democratic Republic of the",K2,1
"Congo, Democratic Republic of the",O1,1
"Congo, Democratic Republic of the",O2,1
"Congo, Democratic Republic of the",R1,3
"Congo, Republic of the",A1,2
"Congo, Republic of the",A2,5
"Congo, Republic of the",B1/B2,165
"Congo, Republic of the",B2,1
"Congo, Republic of the",F1,3
"Congo, Republic of the",G1,12
"Congo, Republic of the",J1,5
"Congo, Republic of the",K1,1
Costa Rica,A2,25
Costa Rica,B1,5
Costa Rica,B1/B2,"6,730"
Costa Rica,C1/D,11
Costa Rica,E2,7
Costa Rica,F1,77
Costa Rica,F2,1
Costa Rica,G1,1
Costa Rica,G2,1
Costa Rica,G4,5
Costa Rica,H1B,5
Costa Rica,H2A,47
Costa Rica,H2B,120
Costa Rica,H3,2
Costa Rica,H4,2
Costa Rica,I,2
Costa Rica,J1,44
Costa Rica,J2,7
Costa Rica,K1,5
Costa Rica,K2,3
Costa Rica,L1,33
Costa Rica,L2,26
Costa Rica,M1,1
Costa Rica,O1,2
Costa Rica,O2,1
Costa Rica,O3,1
Costa Rica,R1,3
Cote d'Ivoire,A1,4
Cote d'Ivoire,A2,17
Cote d'Ivoire,B1/B2,744
Cote d'Ivoire,C1,4
Cote d'Ivoire,C1/D,1
Cote d'Ivoire,F1,29
Cote d'Ivoire,G1,7
Cote d'Ivoire,G2,9
Cote d'Ivoire,G4,12
Cote d'Ivoire,H1B,2
Cote d'Ivoire,H4,1
Cote d'Ivoire,J1,20
Cote d'Ivoire,J2,2
Cote d'Ivoire,K1,10
Cote d'Ivoire,K2,1
Cote d'Ivoire,L1,1
Croatia,A2,9
Croatia,B1,4
Croatia,B1/B2,48
Croatia,C1/D,27
Croatia,E1,1
Croatia,E2,1
Croatia,F1,7
Croatia,G2,2
Croatia,G4,2
Croatia,H1B,2
Croatia,H2B,1
Croatia,I,1
Croatia,J1,279
Croatia,J2,1
Croatia,L1,10
Croatia,NATO2,4
Croatia,O1,3
Croatia,O2,1
Croatia,P1,1
Cuba,A1,3
Cuba,A2,3
Cuba,B1,117
Cuba,B1/B2,177
Cuba,B2,710
Cuba,C1/D,1
Cuba,F1,3
Cuba,G1,25
Cuba,G2,4
Cuba,I,2
Cuba,J1,4
Cuba,K1,60
Cuba,K2,22
Cuba,L1,2
Cuba,L2,1
Cuba,O1,2
Cuba,O2,1
Cuba,O3,1
Cuba,P1,6
Cuba,P3,1
Cyprus,A2,19
Cyprus,B1,1
Cyprus,B1/B2,599
Cyprus,B2,1
Cyprus,C1/D,6
Cyprus,F1,20
Cyprus,G2,1
Cyprus,J1,11
Cyprus,L1,2
Cyprus,O1,1
Cyprus,O3,1
Cyprus,P3,1
Czech Republic,A1,1
Czech Republic,A2,25
Czech Republic,B1,1
Czech Republic,B1/B2,164
Czech Republic,B2,1
Czech Republic,C1/D,21
Czech Republic,C3,1
Czech Republic,E1,1
Czech Republic,E2,2
Czech Republic,E3D,1
Czech Republic,F1,34
Czech Republic,F2,2
Czech Republic,G2,2
Czech Republic,G4,1
Czech Republic,H2A,2
Czech Republic,H2B,4
Czech Republic,I,5
Czech Republic,J1,376
Czech Republic,J2,4
Czech Republic,K1,1
Czech Republic,L1,9
Czech Republic,L2,7
Czech Republic,M1,1
Czech Republic,NATO2,13
Czech Republic,O1,3
Czech Republic,O2,11
Czech Republic,P1,1
Czech Republic,R1,1
Denmark,A1,2
Denmark,A2,30
Denmark,B1/B2,219
Denmark,C1/D,41
Denmark,E2,23
Denmark,F1,47
Denmark,F2,3
Denmark,G1,13
Denmark,G2,4
Denmark,G4,6
Denmark,H1B,4
Denmark,H3,1
Denmark,H4,2
Denmark,I,9
Denmark,J1,144
Denmark,J2,3
Denmark,L1,31
Denmark,L2,23
Denmark,M1,4
Denmark,NATO2,27
Denmark,O1,14
Denmark,O2,8
Denmark,O3,3
Denmark,P1,5
Denmark,P3,2
Djibouti,A1,6
Djibouti,A2,6
Djibouti,B1,2
Djibouti,B1/B2,29
Djibouti,F1,1
Djibouti,G4,1
Djibouti,J1,10
Djibouti,K1,2
Dominica,B1/B2,317
Dominica,C1/D,2
Dominica,F1,11
Dominica,H1B,2
Dominica,J1,4
Dominica,K1,1
Dominica,P1,2
Dominican Republic,A1,1
Dominican Republic,A2,48
Dominican Republic,B1,55
Dominican Republic,B1/B2,"14,340"
Dominican Republic,B2,1
Dominican Republic,C1,6
Dominican Republic,C1/D,58
Dominican Republic,C3,2
Dominican Republic,F1,142
Dominican Republic,F2,2
Dominican Republic,G2,4
Dominican Republic,G4,2
Dominican Republic,H1B,13
Dominican Republic,H2A,3
Dominican Republic,H2B,117
Dominican Republic,H4,2
Dominican Republic,I,33
Dominican Republic,J1,490
Dominican Republic,J2,7
Dominican Republic,K1,148
Dominican Republic,K2,48
Dominican Republic,L1,7
Dominican Republic,L2,9
Dominican Republic,M1,4
Dominican Republic,O1,5
Dominican Republic,O2,9
Dominican Republic,P1,129
Dominican Republic,P3,1
Dominican Republic,P4,14
Dominican Republic,R1,3
Ecuador,A1,9
Ecuador,A2,71
Ecuador,B1,25
Ecuador,B1/B2,"19,245"
Ecuador,B2,1
Ecuador,C1,4
Ecuador,C1/D,34
Ecuador,E2,1
Ecuador,F1,184
Ecuador,F2,4
Ecuador,G2,3
Ecuador,G4,6
Ecuador,H1B,14
Ecuador,H2B,54
Ecuador,H4,8
Ecuador,I,24
Ecuador,J1,938
Ecuador,J2,14
Ecuador,K1,45
Ecuador,K2,13
Ecuador,L1,16
Ecuador,L2,15
Ecuador,M1,1
Ecuador,O1,6
Ecuador,O2,1
Ecuador,O3,5
Ecuador,P1,8
Ecuador,P3,14
Ecuador,R2,1
Ecuador,U2,1
Ecuador,U3,5
Egypt,A1,29
Egypt,A2,257
Egypt,A3,3
Egypt,B1,12
Egypt,B1/B2,"6,630"
Egypt,C1,2
Egypt,C1/D,132
Egypt,E2,2
Egypt,F1,134
Egypt,F2,21
Egypt,G1,14
Egypt,G2,2
Egypt,G3,1
Egypt,G4,13
Egypt,H1B,40
Egypt,H2A,2
Egypt,H4,37
Egypt,I,5
Egypt,J1,206
Egypt,J2,34
Egypt,K1,33
Egypt,L1,24
Egypt,L2,25
Egypt,M1,1
Egypt,O1,8
Egypt,O3,5
Egypt,P1,2
Egypt,R1,3
Egypt,R2,9
El Salvador,A1,1
El Salvador,A2,64
El Salvador,B1,8
El Salvador,B1/B2,"4,364"
El Salvador,C1,8
El Salvador,C1/D,76
El Salvador,C3,1
El Salvador,F1,36
El Salvador,G2,1
El Salvador,G4,7
El Salvador,H1B,6
El Salvador,H2A,63
El Salvador,H2B,"1,935"
El Salvador,H4,2
El Salvador,I,1
El Salvador,J1,40
El Salvador,J2,2
El Salvador,K1,24
El Salvador,K2,3
El Salvador,L1,2
El Salvador,L2,3
El Salvador,P1,14
El Salvador,R1,3
El Salvador,T4,1
El Salvador,U2,1
El Salvador,U3,7
Equatorial Guinea,A2,3
Equatorial Guinea,B1/B2,25
Equatorial Guinea,F1,1
Equatorial Guinea,G1,2
Equatorial Guinea,G4,1
Equatorial Guinea,J1,6
Equatorial Guinea,L1,2
Eritrea,A2,1
Eritrea,B1,3
Eritrea,B1/B2,161
Eritrea,F1,6
Eritrea,G4,2
Eritrea,J1,1
Eritrea,K1,5
Estonia,A1,1
Estonia,A2,13
Estonia,B1/B2,22
Estonia,C1/D,13
Estonia,C3,1
Estonia,F1,14
Estonia,H1B,3
Estonia,J1,43
Estonia,J2,3
Estonia,K1,1
Estonia,L1,1
Estonia,L2,3
Estonia,NATO2,12
Estonia,O1,2
Estonia,P1,1
Eswatini,A2,3
Eswatini,B1/B2,27
Eswatini,F1,3
Eswatini,G1,4
Eswatini,G4,1
Eswatini,J1,16
Ethiopia,A1,16
Ethiopia,A2,3
Ethiopia,B1,16
Ethiopia,B1/B2,"1,750"
Ethiopia,C1/D,110
Ethiopia,D,1
Ethiopia,E2,1
Ethiopia,F1,182
Ethiopia,F2,13
Ethiopia,G1,6
Ethiopia,G2,2
Ethiopia,G4,48
Ethiopia,H1B,10
Ethiopia,H4,3
Ethiopia,J1,61
Ethiopia,J2,24
Ethiopia,K1,83
Ethiopia,K2,9
Ethiopia,O1,1
Ethiopia,P1,9
Ethiopia,R1,1
Fiji,A1,4
Fiji,A2,12
Fiji,B1/B2,261
Fiji,C1,4
Fiji,C1/D,8
Fiji,C3,6
Fiji,F1,2
Fiji,G4,6
Fiji,H1B,1
Fiji,I,16
Fiji,J1,5
Fiji,K1,3
Fiji,P1,4
Finland,A1,2
Finland,A2,14
Finland,B1,11
Finland,B1/B2,48
Finland,B2,1
Finland,C1/D,81
Finland,E2,6
Finland,F1,23
Finland,F2,3
Finland,G2,13
Finland,G4,5
Finland,H2A,1
Finland,I,4
Finland,J1,62
Finland,J2,5
Finland,K1,4
Finland,L1,23
Finland,L2,23
Finland,M1,5
Finland,NATO2,96
Finland,O1,3
Finland,O2,1
Finland,O3,2
Finland,P1,3
France,A1,51
France,A2,58
France,B1,5
France,B1/B2,"1,048"
France,B2,2
France,C1,1
France,C1/D,480
France,C3,4
France,D,1
France,E1,13
France,E2,194
France,E3D,1
France,F1,934
France,F2,14
France,G1,2
France,G2,4
France,G3,3
France,G4,78
France,H1B,72
France,H2B,2
France,H4,16
France,I,69
France,J1,"1,385"
France,J2,84
France,K1,11
France,L1,329
France,L2,321
France,M1,31
France,M2,2
France,NATO2,90
France,NATO4,2
France,NATO6,4
France,O1,60
France,O2,47
France,O3,19
France,P1,40
France,P3,3
France,P4,3
France,Q1,54
France,R1,5
France,TD,4
Gabon,A2,16
Gabon,B1/B2,123
Gabon,F1,6
Gabon,G2,1
Gabon,G4,1
Gabon,J1,3
"Gambia, The",A1,1
"Gambia, The",A2,8
"Gambia, The",B1/B2,104
"Gambia, The",C1,21
"Gambia, The",C1/D,4
"Gambia, The",C3,4
"Gambia, The",F1,8
"Gambia, The",F2,3
"Gambia, The",G2,6
"Gambia, The",H1B,1
"Gambia, The",J1,11
"Gambia, The",J2,1
"Gambia, The",K1,16
"Gambia, The",K2,3
Georgia,A1,4
Georgia,A2,49
Georgia,B1/B2,525
Georgia,C1/D,78
Georgia,C3,2
Georgia,E2,3
Georgia,F1,70
Georgia,F2,6
Georgia,G2,6
Georgia,G4,6
Georgia,H1B,1
Georgia,I,1
Georgia,J1,95
Georgia,J2,11
Georgia,K1,3
Georgia,L1,1
Georgia,O1,1
Georgia,O3,1
Georgia,P1,1
Germany,A1,40
Germany,A2,137
Germany,B1,1
Germany,B1/B2,"1,971"
Germany,C1,1
Germany,C1/D,419
Germany,C3,1
Germany,E1,18
Germany,E2,350
Germany,E3D,2
Germany,F1,767
Germany,F2,4
Germany,G1,18
Germany,G2,24
Germany,G3,4
Germany,G4,39
Germany,H1B,44
Germany,H3,2
Germany,H4,17
Germany,I,60
Germany,J1,"2,171"
Germany,J2,41
Germany,K1,20
Germany,L1,176
Germany,L2,96
Germany,M1,17
Germany,M2,1
Germany,NATO2,54
Germany,NATO6,62
Germany,O1,52
Germany,O2,20
Germany,O3,20
Germany,P1,21
Germany,P3,2
Germany,Q1,11
Germany,R1,4
Germany,R2,3
Germany,TD,3
Ghana,A1,1
Ghana,A2,101
Ghana,B1,3
Ghana,B1/B2,"1,987"
Ghana,C1/D,46
Ghana,F1,689
Ghana,F2,124
Ghana,G2,13
Ghana,G4,17
Ghana,H1B,61
Ghana,H4,68
Ghana,I,6
Ghana,J1,146
Ghana,J2,30
Ghana,K1,26
Ghana,L1,4
Ghana,L2,7
Ghana,O1,4
Ghana,O3,6
Ghana,P1,1
Ghana,P3,1
Ghana,R1,7
Ghana,R2,3
Gibraltar,B1/B2,1
Gibraltar,C1/D,1
Gibraltar,J1,3
Great Britain and Northern Ireland,A1,26
Great Britain and Northern Ireland,A2,448
Great Britain and Northern Ireland,B1,92
Great Britain and Northern Ireland,B1/B2,"1,658"
Great Britain and Northern Ireland,B2,2
Great Britain and Northern Ireland,C1,1
Great Britain and Northern Ireland,C1/D,560
Great Britain and Northern Ireland,C3,9
Great Britain and Northern Ireland,E1,15
Great Britain and Northern Ireland,E2,256
Great Britain and Northern Ireland,E3D,4
Great Britain and Northern Ireland,F1,618
Great Britain and Northern Ireland,F2,6
Great Britain and Northern Ireland,G1,11
Great Britain and Northern Ireland,G2,9
Great Britain and Northern Ireland,G3,1
Great Britain and Northern Ireland,G4,48
Great Britain and Northern Ireland,H1B,107
Great Britain and Northern Ireland,H2A,6
Great Britain and Northern Ireland,H2B,45
Great Britain and Northern Ireland,H4,48
Great Britain and Northern Ireland,I,174
Great Britain and Northern Ireland,J1,"4,139"
Great Britain and Northern Ireland,J2,27
Great Britain and Northern Ireland,K1,90
Great Britain and Northern Ireland,K2,2
Great Britain and Northern Ireland,L1,355
Great Britain and Northern Ireland,L2,223
Great Britain and Northern Ireland,M1,34
Great Britain and Northern Ireland,NATO2,78
Great Britain and Northern Ireland,NATO4,1
Great Britain and Northern Ireland,O1,213
Great Britain and Northern Ireland,O2,176
Great Britain and Northern Ireland,O3,24
Great Britain and Northern Ireland,P1,105
Great Britain and Northern Ireland,P2,4
Great Britain and Northern Ireland,P3,9
Great Britain and Northern Ireland,P4,5
Great Britain and Northern Ireland,Q1,7
Great Britain and Northern Ireland,R1,7
Great Britain and Northern Ireland,R2,9
Great Britain and Northern Ireland,TD,1
Greece,A1,3
Greece,A2,11
Greece,B1,26
Greece,B1/B2,132
Greece,C1/D,161
Greece,D,2
Greece,E1,3
Greece,F1,136
Greece,G1,2
Greece,G2,2
Greece,G3,1
Greece,G4,3
Greece,H1B,40
Greece,H2B,1
Greece,H4,9
Greece,I,1
Greece,J1,116
Greece,J2,6
Greece,K1,3
Greece,L1,14
Greece,L2,3
Greece,NATO2,9
Greece,NATO4,3
Greece,O1,5
Greece,O3,3
Greece,P1,1
Greece,P3,16
Greece,P4,1
Greece,R1,3
Grenada,A2,5
Grenada,B1,1
Grenada,B1/B2,314
Grenada,C1,1
Grenada,C1/D,13
Grenada,F1,7
Grenada,H1B,4
Grenada,J1,10
Grenada,L1,1
Grenada,M1,1
Guatemala,A1,7
Guatemala,A2,50
Guatemala,B1,11
Guatemala,B1/B2,"7,352"
Guatemala,C1,3
Guatemala,C1/D,12
Guatemala,C3,13
Guatemala,F1,84
Guatemala,F2,1
Guatemala,G2,9
Guatemala,G4,2
Guatemala,H1B,5
Guatemala,H2A,750
Guatemala,H2B,"2,007"
Guatemala,H4,2
Guatemala,I,2
Guatemala,J1,45
Guatemala,J2,3
Guatemala,K1,13
Guatemala,L1,8
Guatemala,L2,9
Guatemala,M1,1
Guatemala,O1,2
Guatemala,P1,1
Guatemala,P4,3
Guatemala,R1,1
Guatemala,R2,3
Guatemala,U3,3
Guatemala,U4,1
Guinea,A2,1
Guinea,B1/B2,155
Guinea,F1,1
Guinea,G4,2
Guinea,J1,7
Guinea,K1,7
Guinea,O2,5
Guinea,P3,1
Guinea-Bissau,A1,1
Guinea-Bissau,A2,1
Guinea-Bissau,B1/B2,3
Guinea-Bissau,G2,2
Guinea-Bissau,J1,3
Guinea-Bissau,O1,1
Guyana,A2,13
Guyana,B1,1
Guyana,B1/B2,"2,146"
Guyana,B2,1
Guyana,C1/D,16
Guyana,C3,8
Guyana,F1,11
Guyana,F2,2
Guyana,G2,1
Guyana,G4,3
Guyana,H1B,3
Guyana,I,1
Guyana,J1,19
Guyana,J2,5
Guyana,K1,9
Guyana,O1,1
Guyana,R1,1
Haiti,B1,2
Haiti,B1/B2,488
Haiti,C1,2
Haiti,C1/D,4
Haiti,F1,9
Haiti,G4,8
Haiti,H2B,1
Haiti,J1,6
Haiti,K1,22
Haiti,K2,13
Haiti,P1,1
Haiti,P3,1
Honduras,A1,4
Honduras,A2,23
Honduras,B1,3
Honduras,B1/B2,"4,087"
Honduras,C1,2
Honduras,C1/D,81
Honduras,C3,3
Honduras,E1,4
Honduras,E2,5
Honduras,F1,89
Honduras,F2,4
Honduras,G1,4
Honduras,G4,8
Honduras,H1B,14
Honduras,H2A,126
Honduras,H2B,"1,233"
Honduras,H4,4
Honduras,I,5
Honduras,J1,69
Honduras,J2,18
Honduras,K1,23
Honduras,K2,7
Honduras,L1,3
Honduras,L2,5
Honduras,M1,2
Honduras,P1,15
Honduras,R1,5
Honduras,R2,1
Honduras,T3,6
Honduras,T4,2
Honduras,T5,1
Honduras,U1,1
Honduras,U3,11
Honduras,U4,1
Honduras,U5,2
Hong Kong S.A.R.,B1,25
Hong Kong S.A.R.,B1/B2,"5,547"
Hong Kong S.A.R.,B2,1
Hong Kong S.A.R.,C1,1
Hong Kong S.A.R.,C1/D,118
Hong Kong S.A.R.,E2,2
Hong Kong S.A.R.,E3D,1
Hong Kong S.A.R.,F1,499
Hong Kong S.A.R.,F2,2
Hong Kong S.A.R.,H1B,28
Hong Kong S.A.R.,H4,7
Hong Kong S.A.R.,I,3
Hong Kong S.A.R.,J1,71
Hong Kong S.A.R.,J2,6
Hong Kong S.A.R.,K1,6
Hong Kong S.A.R.,L1,12
Hong Kong S.A.R.,L2,4
Hong Kong S.A.R.,M1,24
Hong Kong S.A.R.,O1,1
Hong Kong S.A.R.,O2,3
Hong Kong S.A.R.,P1,16
Hong Kong S.A.R.,R1,4
Hong Kong S.A.R.,R2,1
Hungary,A1,1
Hungary,A2,18
Hungary,B1,6
Hungary,B1/B2,328
Hungary,C1/D,21
Hungary,F1,40
Hungary,G2,4
Hungary,G4,3
Hungary,H1B,4
Hungary,H2B,3
Hungary,H4,1
Hungary,I,1
Hungary,J1,320
Hungary,J2,4
Hungary,K1,5
Hungary,L1,12
Hungary,L2,10
Hungary,M1,1
Hungary,NATO2,8
Hungary,NATO4,1
Hungary,NATO6,2
Hungary,O1,2
Hungary,O2,6
Hungary,O3,4
Hungary,P1,4
Hungary,P2,1
Hungary,P3,3
Hungary,R1,1
Iceland,B1/B2,52
Iceland,C1/D,51
Iceland,F1,11
Iceland,F2,3
Iceland,G1,3
Iceland,G2,1
Iceland,G4,1
Iceland,H4,2
Iceland,J1,4
Iceland,J2,1
Iceland,M1,1
Iceland,O1,4
Iceland,Q1,1
India,A1,13
India,A2,465
India,A3,6
India,B1,74
India,B1/B2,"95,589"
India,B2,9
India,C1,102
India,C1/D,"3,005"
India,C3,1
India,E2,6
India,E3D,12
India,F1,"11,829"
India,F2,639
India,G1,1
India,G2,8
India,G4,110
India,G5,1
India,H1B,"12,283"
India,H1C,1
India,H3,10
India,H4,"12,593"
India,I,176
India,J1,"1,651"
India,J2,331
India,K1,112
India,K2,8
India,L1,"1,842"
India,L2,"2,214"
India,M1,105
India,O1,91
India,O2,63
India,O3,46
India,P1,2
India,P3,292
India,R1,113
India,R2,55
India,TD,7
India,U1,3
India,U2,3
India,U3,6
Indonesia,A1,6
Indonesia,A2,388
Indonesia,B1,69
Indonesia,B1/B2,"4,836"
Indonesia,C1,5
Indonesia,C1/D,"1,085"
Indonesia,E1,1
Indonesia,F1,213
Indonesia,F2,16
Indonesia,G1,20
Indonesia,G2,19
Indonesia,G4,10
Indonesia,H1B,26
Indonesia,H4,5
Indonesia,I,3
Indonesia,J1,359
Indonesia,J2,26
Indonesia,K1,46
Indonesia,K2,4
Indonesia,L1,12
Indonesia,L2,32
Indonesia,M1,4
Indonesia,M2,2
Indonesia,O1,2
Indonesia,O3,1
Indonesia,P1,2
Indonesia,R1,1
Indonesia,R2,4
Iran,A3,1
Iran,B1,3
Iran,B1/B2,"1,181"
Iran,C1,1
Iran,C1/D,1
Iran,C2,1
Iran,E1,1
Iran,E3D,1
Iran,F1,256
Iran,F2,45
Iran,G1,2
Iran,G2,4
Iran,G4,13
Iran,H1B,2
Iran,H4,2
Iran,I,1
Iran,J1,78
Iran,J2,41
Iran,K1,37
Iran,K2,1
Iran,L1,1
Iran,L2,1
Iran,O1,1
Iran,O3,1
Iraq,A1,16
Iraq,A2,78
Iraq,B1,13
Iraq,B1/B2,636
Iraq,C1/D,3
Iraq,F1,19
Iraq,F2,3
Iraq,G1,9
Iraq,G2,1
Iraq,G4,2
Iraq,H1B,4
Iraq,J1,154
Iraq,J2,6
Iraq,K1,24
Iraq,O1,1
Iraq,P3,5
Iraq,R1,1
Ireland,A1,12
Ireland,A2,23
Ireland,B1,4
Ireland,B1/B2,209
Ireland,C1/D,94
Ireland,E1,2
Ireland,E2,18
Ireland,F1,123
Ireland,F2,1
Ireland,G1,2
Ireland,G2,3
Ireland,G3,1
Ireland,G4,7
Ireland,H1B,24
Ireland,H2A,6
Ireland,H2B,3
Ireland,H4,9
Ireland,I,18
Ireland,J1,"3,159"
Ireland,J2,3
Ireland,K1,5
Ireland,L1,84
Ireland,L2,32
Ireland,M1,4
Ireland,NATO2,1
Ireland,O1,27
Ireland,O2,14
Ireland,O3,1
Ireland,P1,18
Ireland,P3,21
Ireland,R1,2
Israel,A1,52
Israel,A2,246
Israel,B1,1
Israel,B1/B2,"3,277"
Israel,B2,7
Israel,C1,1
Israel,C1/D,74
Israel,E1,21
Israel,E2,72
Israel,F1,150
Israel,F2,20
Israel,G1,3
Israel,G2,1
Israel,G4,3
Israel,H1B,25
Israel,H4,25
Israel,J1,"1,462"
Israel,J2,149
Israel,K1,3
Israel,L1,80
Israel,L2,147
Israel,M1,3
Israel,O1,31
Israel,O2,12
Israel,O3,28
Israel,P1,6
Israel,P3,1
Israel,R1,9
Israel,R2,2
Italy,A1,4
Italy,A2,40
Italy,B1,6
Italy,B1/B2,"1,286"
Italy,B2,1
Italy,C1/D,304
Italy,E1,17
Italy,E2,117
Italy,E3D,1
Italy,F1,868
Italy,F2,10
Italy,G1,6
Italy,G2,11
Italy,G3,1
Italy,G4,48
Italy,H1B,54
Italy,H2B,3
Italy,H3,1
Italy,H4,12
Italy,I,35
Italy,J1,"1,285"
Italy,J2,37
Italy,K1,16
Italy,K2,2
Italy,L1,127
Italy,L2,69
Italy,M1,23
Italy,M2,1
Italy,NATO2,47
Italy,NATO4,2
Italy,O1,58
Italy,O2,15
Italy,O3,8
Italy,P1,32
Italy,P3,3
Italy,Q1,32
Italy,R1,4
Italy,R2,2
Jamaica,A1,8
Jamaica,A2,33
Jamaica,A3,1
Jamaica,B1,12
Jamaica,B1/B2,"7,080"
Jamaica,B2,32
Jamaica,C1,21
Jamaica,C1/D,71
Jamaica,C3,41
Jamaica,E2,1
Jamaica,F1,105
Jamaica,F2,5
Jamaica,G2,2
Jamaica,G4,5
Jamaica,H1B,19
Jamaica,H2A,783
Jamaica,H2B,"1,738"
Jamaica,H4,30
Jamaica,I,2
Jamaica,J1,"2,539"
Jamaica,J2,155
Jamaica,K1,46
Jamaica,K2,13
Jamaica,L1,4
Jamaica,L2,2
Jamaica,O1,3
Jamaica,O2,25
Jamaica,O3,3
Jamaica,Q1,9
Japan,A1,33
Japan,A2,302
Japan,B1,14
Japan,B1/B2,401
Japan,C1,3
Japan,C1/D,399
Japan,C3,58
Japan,CW1,2
Japan,CW2,3
Japan,E1,127
Japan,E2,"1,307"
Japan,E3D,1
Japan,F1,859
Japan,F2,107
Japan,G2,5
Japan,G4,35
Japan,H1B,38
Japan,H2B,10
Japan,H3,32
Japan,H4,10
Japan,I,93
Japan,J1,605
Japan,J2,128
Japan,K1,27
Japan,L1,296
Japan,L2,295
Japan,M1,29
Japan,M2,2
Japan,O1,33
Japan,O2,3
Japan,O3,13
Japan,P1,47
Japan,P3,17
Japan,P4,4
Japan,Q1,26
Japan,R1,3
Japan,R2,1
Jordan,A1,1
Jordan,A2,154
Jordan,B1/B2,"2,335"
Jordan,B2,2
Jordan,C1/D,28
Jordan,E2,1
Jordan,F1,83
Jordan,F2,18
Jordan,G1,1
Jordan,G2,10
Jordan,G4,7
Jordan,H1B,45
Jordan,H4,27
Jordan,I,2
Jordan,J1,251
Jordan,J2,38
Jordan,K1,6
Jordan,L1,8
Jordan,L2,11
Jordan,O1,3
Jordan,O3,1
Kazakhstan,A2,24
Kazakhstan,B1,1
Kazakhstan,B1/B2,"2,109"
Kazakhstan,C1,3
Kazakhstan,C1/D,12
Kazakhstan,D,6
Kazakhstan,E3D,1
Kazakhstan,F1,128
Kazakhstan,F2,42
Kazakhstan,G1,5
Kazakhstan,G2,8
Kazakhstan,G4,7
Kazakhstan,H1B,13
Kazakhstan,H4,7
Kazakhstan,J1,"1,169"
Kazakhstan,J2,70
Kazakhstan,K1,13
Kazakhstan,K2,3
Kazakhstan,L1,6
Kazakhstan,L2,6
Kazakhstan,M1,1
Kazakhstan,O1,3
Kazakhstan,O3,2
Kazakhstan,P1,2
Kenya,A1,5
Kenya,A2,169
Kenya,B1,52
Kenya,B1/B2,"2,552"
Kenya,B2,49
Kenya,C1,14
Kenya,C1/D,229
Kenya,F1,282
Kenya,F2,40
Kenya,G2,14
Kenya,G4,41
Kenya,H1B,13
Kenya,H4,28
Kenya,I,9
Kenya,J1,137
Kenya,J2,16
Kenya,K1,48
Kenya,K2,13
Kenya,L1,3
Kenya,M1,2
Kenya,O1,3
Kenya,P1,1
Kenya,P3,4
Kenya,Q1,1
Kenya,R1,6
Kenya,T3,3
Kiribati,A1,2
Kiribati,A2,16
Kiribati,B1/B2,36
Kiribati,C1,1
Kiribati,C3,4
"Korea, South",A1,4
"Korea, South",A2,286
"Korea, South",B1,4
"Korea, South",B1/B2,"1,817"
"Korea, South",C1/D,551
"Korea, South",C3,12
"Korea, South",CW1,9
"Korea, South",CW2,2
"Korea, South",E1,10
"Korea, South",E2,579
"Korea, South",E2C,2
"Korea, South",E3D,1
"Korea, South",F1,"2,630"
"Korea, South",F2,381
"Korea, South",G1,3
"Korea, South",G4,18
"Korea, South",H1B,250
"Korea, South",H2B,4
"Korea, South",H4,80
"Korea, South",I,29
"Korea, South",J1,"1,041"
"Korea, South",J2,458
"Korea, South",K1,18
"Korea, South",L1,220
"Korea, South",L2,288
"Korea, South",M1,14
"Korea, South",NATO2,1
"Korea, South",O1,39
"Korea, South",O2,24
"Korea, South",O3,15
"Korea, South",P1,95
"Korea, South",P3,3
"Korea, South",P4,1
"Korea, South",R1,16
"Korea, South",R2,12
"Korea, South",TD,2
Kosovo,A2,33
Kosovo,B1,1
Kosovo,B1/B2,589
Kosovo,C1/D,1
Kosovo,C3,5
Kosovo,F1,10
Kosovo,G2,5
Kosovo,H1B,1
Kosovo,J1,53
Kosovo,K1,7
Kosovo,O1,2
Kosovo,P3,2
Kuwait,A1,1
Kuwait,A2,73
Kuwait,B1/B2,"1,540"
Kuwait,C1/D,7
Kuwait,F1,87
Kuwait,F2,17
Kuwait,G1,3
Kuwait,G2,5
Kuwait,G4,5
Kuwait,H1B,3
Kuwait,H4,3
Kuwait,J1,5
Kuwait,L2,1
Kyrgyzstan,A1,6
Kyrgyzstan,A2,31
Kyrgyzstan,B1,1
Kyrgyzstan,B1/B2,939
Kyrgyzstan,C1,19
Kyrgyzstan,D,20
Kyrgyzstan,F1,203
Kyrgyzstan,F2,15
Kyrgyzstan,G2,4
Kyrgyzstan,G4,2
Kyrgyzstan,H1B,2
Kyrgyzstan,I,7
Kyrgyzstan,J1,34
Kyrgyzstan,J2,1
Kyrgyzstan,K1,6
Kyrgyzstan,K2,1
Kyrgyzstan,L1,2
Kyrgyzstan,P1,1
Laos,A1,5
Laos,A2,26
Laos,B1/B2,146
Laos,C2,1
Laos,F1,2
Laos,F2,1
Laos,G1,5
Laos,G2,1
Laos,G4,1
Laos,J1,1
Laos,K1,30
Laos,P3,5
Latvia,A2,6
Latvia,B1/B2,93
Latvia,C1/D,53
Latvia,E2,1
Latvia,F1,9
Latvia,G2,2
Latvia,G4,1
Latvia,H1B,1
Latvia,H2B,1
Latvia,I,1
Latvia,J1,60
Latvia,J2,1
Latvia,K1,1
Latvia,NATO2,46
Latvia,NATO4,1
Latvia,NATO6,3
Latvia,O1,1
Latvia,P1,1
Latvia,TD,1
Lebanon,A2,35
Lebanon,B1,3
Lebanon,B1/B2,"1,317"
Lebanon,C1/D,16
Lebanon,F1,43
Lebanon,F2,3
Lebanon,G2,1
Lebanon,G4,12
Lebanon,H1B,19
Lebanon,H4,4
Lebanon,I,6
Lebanon,J1,101
Lebanon,J2,2
Lebanon,K1,13
Lebanon,L1,10
Lebanon,L2,10
Lebanon,M1,1
Lebanon,O1,5
Lebanon,O3,3
Lebanon,P3,10
Lesotho,A2,5
Lesotho,B1/B2,9
Lesotho,G2,1
Lesotho,J1,14
Liberia,A1,2
Liberia,A2,19
Liberia,B1/B2,130
Liberia,F1,16
Liberia,G1,1
Liberia,G2,9
Liberia,H1B,1
Liberia,H4,2
Liberia,J1,27
Liberia,K1,21
Liberia,K2,4
Libya,A1,1
Libya,A2,3
Libya,B1/B2,168
Libya,D,4
Libya,F1,10
Libya,F2,3
Libya,G1,2
Libya,G2,17
Libya,H1B,2
Libya,H4,1
Libya,J1,12
Libya,J2,4
Libya,K1,1
Libya,O3,1
Liechtenstein,B1/B2,1
Liechtenstein,C1/D,1
Liechtenstein,G1,1
Lithuania,A1,7
Lithuania,A2,3
Lithuania,B1,6
Lithuania,B1/B2,37
Lithuania,C1/D,16
Lithuania,E2,1
Lithuania,F1,36
Lithuania,G2,1
Lithuania,H1B,1
Lithuania,H2B,13
Lithuania,H4,1
Lithuania,J1,146
Lithuania,K1,3
Lithuania,L1,10
Lithuania,L2,2
Lithuania,NATO1,3
Lithuania,NATO2,18
Lithuania,O1,4
Lithuania,O3,1
Lithuania,P1,2
Lithuania,P3,3
Lithuania,R1,1
Luxembourg,B1/B2,16
Luxembourg,C1/D,5
Luxembourg,E2,1
Luxembourg,F1,6
Luxembourg,G2,1
Luxembourg,J1,5
Luxembourg,J2,2
Luxembourg,L1,2
Luxembourg,L2,2
Luxembourg,O1,1
Luxembourg,O2,1
Macau S.A.R.,B1,14
Macau S.A.R.,B1/B2,215
Macau S.A.R.,F1,28
Macau S.A.R.,H1B,4
Macau S.A.R.,J1,6
Macau S.A.R.,K1,2
Macau S.A.R.,P1,1
Madagascar,A1,6
Madagascar,A2,5
Madagascar,B1/B2,137
Madagascar,C1,38
Madagascar,C1/D,1
Madagascar,C3,4
Madagascar,D,12
Madagascar,F1,15
Madagascar,G2,6
Madagascar,G4,16
Madagascar,H1B,2
Madagascar,J1,25
Madagascar,K1,2
Madagascar,R1,1
Malawi,A2,8
Malawi,B1,4
Malawi,B1/B2,137
Malawi,C1/D,3
Malawi,C3,11
Malawi,F1,18
Malawi,G2,5
Malawi,G4,1
Malawi,H1B,2
Malawi,H4,1
Malawi,J1,26
Malawi,K1,1
Malaysia,A1,15
Malaysia,A2,90
Malaysia,B1,71
Malaysia,B1/B2,"2,477"
Malaysia,C1,3
Malaysia,C1/D,220
Malaysia,E2,1
Malaysia,F1,156
Malaysia,F2,9
Malaysia,G1,4
Malaysia,G2,7
Malaysia,G4,11
Malaysia,H1B,32
Malaysia,H3,3
Malaysia,H4,9
Malaysia,I,16
Malaysia,J1,94
Malaysia,J2,19
Malaysia,K1,5
Malaysia,L1,53
Malaysia,L2,19
Malaysia,M1,1
Malaysia,O1,2
Malaysia,P1,1
Malaysia,R1,4
Malaysia,R2,3
Maldives,A2,4
Maldives,B1/B2,16
Maldives,C1/D,2
Maldives,C2,1
Maldives,C3,7
Maldives,F1,2
Maldives,G2,3
Maldives,J1,1
Mali,A2,4
Mali,B1,1
Mali,B1/B2,278
Mali,C1/D,1
Mali,F1,4
Mali,G2,1
Mali,J1,18
Mali,J2,5
Mali,K1,3
Mali,O2,1
Mali,P1,1
Mali,P3,5
Malta,A1,1
Malta,A2,3
Malta,B1/B2,12
Malta,C1/D,1
Malta,F1,4
Malta,G2,6
Malta,H1B,1
Malta,J1,3
Malta,J2,1
Malta,L1,3
Malta,P1,1
Marshall Islands,A2,1
Marshall Islands,C1,1
Marshall Islands,G1,2
Mauritania,A1,1
Mauritania,A2,18
Mauritania,B1,1
Mauritania,B1/B2,49
Mauritania,F1,2
Mauritania,G1,3
Mauritania,G2,12
Mauritania,G4,3
Mauritania,J1,11
Mauritius,A2,3
Mauritius,A3,1
Mauritius,B1/B2,245
Mauritius,C1/D,71
Mauritius,C3,2
Mauritius,F1,2
Mauritius,G2,1
Mauritius,G4,2
Mauritius,H2B,5
Mauritius,J1,18
Mauritius,J2,1
Mauritius,L1,1
Mauritius,L2,2
Mexico,A1,4
Mexico,A2,270
Mexico,B1,624
Mexico,B1/B2,"1,722"
Mexico,B2,4
Mexico,BBBCC,"174,435"
Mexico,BBBCV,"3,627"
Mexico,C1,14
Mexico,C1/D,389
Mexico,D,2
Mexico,E1,16
Mexico,E2,147
Mexico,F1,"1,046"
Mexico,F2,94
Mexico,G1,1
Mexico,G2,1
Mexico,G4,45
Mexico,G5,1
Mexico,H1B,111
Mexico,H2A,"35,188"
Mexico,H2B,"9,302"
Mexico,H3,24
Mexico,H4,687
Mexico,I,133
Mexico,J1,"4,233"
Mexico,J2,63
Mexico,K1,380
Mexico,K2,79
Mexico,L1,348
Mexico,L2,353
Mexico,M1,41
Mexico,M2,1
Mexico,O1,85
Mexico,O2,480
Mexico,O3,26
Mexico,P1,562
Mexico,P3,166
Mexico,P4,30
Mexico,Q1,4
Mexico,R1,36
Mexico,R2,10
Mexico,T2,4
Mexico,T3,12
Mexico,TD,970
Mexico,TN,"1,312"
Mexico,U1,8
Mexico,U2,5
Mexico,U3,27
"Micronesia, Federated States of",A1,3
"Micronesia, Federated States of",A2,1
"Micronesia, Federated States of",G1,1
Moldova,A2,5
Moldova,B1/B2,217
Moldova,C1/D,8
Moldova,E2,1
Moldova,F1,3
Moldova,G2,2
Moldova,G4,4
Moldova,H1B,1
Moldova,H2A,2
Moldova,J1,63
Moldova,K1,3
Moldova,L1,2
Moldova,L2,1
Moldova,P3,1
Monaco,F1,2
Monaco,G1,1
Monaco,J1,1
Mongolia,A1,5
Mongolia,A2,30
Mongolia,B1,7
Mongolia,B1/B2,"1,416"
Mongolia,B2,5
Mongolia,C1/D,2
Mongolia,E2,10
Mongolia,E3D,1
Mongolia,F1,52
Mongolia,F2,13
Mongolia,G1,15
Mongolia,G4,12
Mongolia,H1B,1
Mongolia,H2B,14
Mongolia,H4,5
Mongolia,J1,644
Mongolia,J2,5
Mongolia,K1,7
Mongolia,K2,1
Mongolia,L1,1
Mongolia,M1,2
Mongolia,R1,1
Montenegro,A1,1
Montenegro,A2,22
Montenegro,B1,3
Montenegro,B1/B2,251
Montenegro,C1/D,130
Montenegro,F1,15
Montenegro,G2,9
Montenegro,G4,1
Montenegro,H1B,1
Montenegro,H2B,2
Montenegro,J1,250
Montenegro,L1,1
Montserrat,B1/B2,1
Morocco,A1,1
Morocco,A2,58
Morocco,A3,2
Morocco,B1,4
Morocco,B1/B2,"2,592"
Morocco,C1/D,93
Morocco,C3,3
Morocco,E2,4
Morocco,F1,93
Morocco,G1,5
Morocco,G2,7
Morocco,G4,7
Morocco,H1B,3
Morocco,H4,2
Morocco,I,1
Morocco,J1,86
Morocco,J2,1
Morocco,K1,17
Morocco,L1,6
Morocco,L2,8
Morocco,O1,1
Mozambique,A1,2
Mozambique,A2,13
Mozambique,B1/B2,133
Mozambique,C1,17
Mozambique,C1/D,3
Mozambique,F1,11
Mozambique,G1,5
Mozambique,G2,2
Mozambique,G4,5
Mozambique,H2A,4
Mozambique,J1,16
Namibia,A2,6
Namibia,B1,5
Namibia,B1/B2,125
Namibia,C1/D,5
Namibia,F1,1
Namibia,G1,1
Namibia,G2,5
Namibia,G4,1
Namibia,J1,23
Nauru,A2,1
Nauru,B1,51
Nauru,C1,1
Nauru,C1/D,1
Nauru,C3,1
Nauru,G1,1
Nepal,A1,1
Nepal,A2,19
Nepal,A3,1
Nepal,B1,4
Nepal,B1/B2,"1,828"
Nepal,B2,3
Nepal,C1,7
Nepal,C1/D,27
Nepal,C2,1
Nepal,C3,2
Nepal,F1,"1,505"
Nepal,F2,60
Nepal,G1,7
Nepal,G2,2
Nepal,G4,39
Nepal,H1B,43
Nepal,H4,21
Nepal,I,17
Nepal,J1,91
Nepal,J2,14
Nepal,K1,28
Nepal,K2,2
Nepal,L1,4
Nepal,L2,6
Nepal,M1,1
Nepal,O1,1
Nepal,O2,2
Nepal,R1,2
Nepal,U2,1
Nepal,U3,1
Netherlands,A1,4
Netherlands,A2,60
Netherlands,A3,4
Netherlands,B1,35
Netherlands,B1/B2,534
Netherlands,C1/D,102
Netherlands,E1,5
Netherlands,E2,24
Netherlands,E3D,1
Netherlands,F1,123
Netherlands,F2,1
Netherlands,G1,1
Netherlands,G2,2
Netherlands,G4,9
Netherlands,H1B,12
Netherlands,H2A,2
Netherlands,H4,7
Netherlands,I,25
Netherlands,J1,268
Netherlands,J2,7
Netherlands,K1,10
Netherlands,L1,57
Netherlands,L2,40
Netherlands,M1,4
Netherlands,NATO2,43
Netherlands,NATO4,1
Netherlands,NATO6,25
Netherlands,O1,29
Netherlands,O2,7
Netherlands,O3,2
Netherlands,P1,18
Netherlands,R1,5
Netherlands,R2,3
New Zealand,A1,1
New Zealand,A2,107
New Zealand,B1/B2,190
New Zealand,C1/D,72
New Zealand,C3,23
New Zealand,E2,16
New Zealand,E3,1
New Zealand,E3D,5
New Zealand,F1,88
New Zealand,F2,3
New Zealand,G1,2
New Zealand,G4,3
New Zealand,H1B,10
New Zealand,H2A,12
New Zealand,H4,7
New Zealand,I,19
New Zealand,J1,229
New Zealand,J2,4
New Zealand,K1,5
New Zealand,L1,29
New Zealand,L2,29
New Zealand,M1,3
New Zealand,M2,4
New Zealand,O1,19
New Zealand,O2,11
New Zealand,O3,7
New Zealand,P1,12
New Zealand,P4,1
New Zealand,R1,6
New Zealand,R2,3
Nicaragua,A1,1
Nicaragua,A2,2
Nicaragua,B1,45
Nicaragua,B1/B2,"1,198"
Nicaragua,B2,1
Nicaragua,C1,35
Nicaragua,C1/D,38
Nicaragua,F1,31
Nicaragua,G2,1
Nicaragua,G4,2
Nicaragua,H1B,2
Nicaragua,H2A,40
Nicaragua,H2B,5
Nicaragua,H4,5
Nicaragua,J1,16
Nicaragua,K1,5
Nicaragua,K2,1
Nicaragua,L1,5
Nicaragua,L2,4
Nicaragua,P1,2
Nicaragua,R1,2
Niger,A2,1
Niger,B1/B2,112
Niger,F1,13
Niger,G2,2
Niger,G4,11
Niger,H1B,1
Niger,J1,12
Niger,K1,2
Niger,O1,1
Niger,P3,4
Nigeria,A1,1
Nigeria,A2,82
Nigeria,B1,2
Nigeria,B1/B2,"5,769"
Nigeria,C1,3
Nigeria,C1/D,33
Nigeria,F1,891
Nigeria,F2,77
Nigeria,G1,5
Nigeria,G2,14
Nigeria,G4,47
Nigeria,H1B,57
Nigeria,H4,23
Nigeria,I,7
Nigeria,J1,474
Nigeria,J2,28
Nigeria,K1,78
Nigeria,K2,4
Nigeria,L1,16
Nigeria,L2,12
Nigeria,M1,3
Nigeria,O1,6
Nigeria,O2,6
Nigeria,O3,11
Nigeria,P1,4
Nigeria,P3,10
Nigeria,P4,4
Nigeria,R1,14
Nigeria,R2,1
*Non-Nationality Based Issuances,B1/B2,175
*Non-Nationality Based Issuances,B2,1
*Non-Nationality Based Issuances,C1,1
*Non-Nationality Based Issuances,C1/D,17
*Non-Nationality Based Issuances,E2,1
*Non-Nationality Based Issuances,F1,9
*Non-Nationality Based Issuances,G4,6
*Non-Nationality Based Issuances,H4,1
*Non-Nationality Based Issuances,J1,13
*Non-Nationality Based Issuances,K1,4
*Non-Nationality Based Issuances,K2,2
*Non-Nationality Based Issuances,L1,2
North Macedonia,A2,4
North Macedonia,B1,1
North Macedonia,B1/B2,415
North Macedonia,C1/D,12
North Macedonia,F1,9
North Macedonia,F2,1
North Macedonia,G4,2
North Macedonia,H1B,1
North Macedonia,H2A,4
North Macedonia,H2B,16
North Macedonia,H4,1
North Macedonia,J1,184
North Macedonia,K1,4
North Macedonia,K2,1
North Macedonia,NATO2,10
North Macedonia,P3,1
Norway,A1,3
Norway,A2,13
Norway,B1,1
Norway,B1/B2,215
Norway,C1/D,69
Norway,C3,1
Norway,E2,5
Norway,F1,131
Norway,F2,7
Norway,G1,2
Norway,G2,12
Norway,G4,10
Norway,I,9
Norway,J1,122
Norway,J2,8
Norway,K1,2
Norway,L1,5
Norway,M1,3
Norway,NATO2,71
Norway,O1,7
Norway,O2,5
Norway,O3,1
Norway,P1,10
Norway,Q1,18
Norway,R1,1
Oman,A2,78
Oman,A3,3
Oman,B1/B2,245
Oman,C1/D,10
Oman,F1,10
Oman,G1,2
Oman,G2,8
Oman,G4,1
Oman,H1B,1
Oman,H4,2
Oman,J1,1
Oman,J2,2
Oman,L1,1
Oman,L2,2
Pakistan,A1,6
Pakistan,A2,105
Pakistan,B1,7
Pakistan,B1/B2,"9,550"
Pakistan,C1,4
Pakistan,C1/D,45
Pakistan,E1,2
Pakistan,E2,14
Pakistan,F1,533
Pakistan,F2,66
Pakistan,G1,13
Pakistan,G2,2
Pakistan,G4,17
Pakistan,H1B,170
Pakistan,H4,127
Pakistan,I,62
Pakistan,J1,563
Pakistan,J2,126
Pakistan,K1,40
Pakistan,L1,38
Pakistan,L2,60
Pakistan,M1,1
Pakistan,O1,2
Pakistan,O3,2
Pakistan,P1,3
Pakistan,P3,27
Pakistan,P4,1
Pakistan,R1,2
Pakistan,TD,8
Pakistan,U3,1
Palau,A2,1
Palau,G1,1
Palestinian Authority Travel Document,B1,6
Palestinian Authority Travel Document,B1/B2,"1,152"
Palestinian Authority Travel Document,F1,23
Palestinian Authority Travel Document,G4,1
Palestinian Authority Travel Document,H1B,1
Palestinian Authority Travel Document,I,1
Palestinian Authority Travel Document,J1,36
Palestinian Authority Travel Document,J2,7
Palestinian Authority Travel Document,K1,2
Palestinian Authority Travel Document,O1,2
Palestinian Authority Travel Document,O3,3
Palestinian Authority Travel Document,U3,2
Panama,A1,1
Panama,A2,33
Panama,B1,2
Panama,B1/B2,"2,480"
Panama,C1,3
Panama,C1/D,116
Panama,E2,1
Panama,F1,103
Panama,F2,2
Panama,G4,2
Panama,H1B,2
Panama,H2B,3
Panama,H4,1
Panama,I,2
Panama,J1,33
Panama,J2,2
Panama,K1,10
Panama,K2,2
Panama,L1,1
Panama,L2,9
Panama,M1,1
Panama,O1,1
Panama,P1,8
Panama,R1,1
Papua New Guinea,A2,43
Papua New Guinea,B1,3
Papua New Guinea,B1/B2,115
Papua New Guinea,B2,5
Papua New Guinea,C1,1
Papua New Guinea,C3,9
Papua New Guinea,D,1
Papua New Guinea,G2,1
Papua New Guinea,G3,1
Papua New Guinea,G4,1
Papua New Guinea,I,5
Papua New Guinea,J1,1
Papua New Guinea,L1,1
Papua New Guinea,M1,2
Paraguay,A1,2
Paraguay,A2,27
Paraguay,B1,7
Paraguay,B1/B2,812
Paraguay,C1,2
Paraguay,C1/D,3
Paraguay,E2,1
Paraguay,F1,22
Paraguay,G1,1
Paraguay,G2,9
Paraguay,G4,2
Paraguay,H2A,1
Paraguay,H3,1
Paraguay,I,2
Paraguay,J1,27
Paraguay,J2,1
Paraguay,K1,2
Paraguay,L1,4
Paraguay,L2,1
Paraguay,O1,2
Paraguay,TD,1
Peru,A1,13
Peru,A2,70
Peru,B1,67
Peru,B1/B2,"13,375"
Peru,B2,2
Peru,C1,66
Peru,C1/D,201
Peru,E2,2
Peru,F1,374
Peru,F2,28
Peru,G2,4
Peru,G4,12
Peru,G5,1
Peru,H1B,29
Peru,H2A,35
Peru,H2B,10
Peru,H4,14
Peru,I,13
Peru,J1,172
Peru,J2,8
Peru,K1,37
Peru,K2,7
Peru,L1,18
Peru,L2,19
Peru,M1,7
Peru,O1,10
Peru,O3,2
Peru,P1,6
Peru,P3,30
Peru,P4,3
Peru,Q1,2
Peru,R1,10
Peru,T2,2
Peru,T3,7
Philippines,A1,6
Philippines,A2,184
Philippines,A3,20
Philippines,B1,628
Philippines,B1/B2,"14,098"
Philippines,B2,3
Philippines,C1,176
Philippines,C1/D,"10,614"
Philippines,C3,4
Philippines,CW1,188
Philippines,CW2,54
Philippines,E2,17
Philippines,F1,148
Philippines,F2,9
Philippines,G1,9
Philippines,G2,4
Philippines,G4,18
Philippines,G5,2
Philippines,H1B,207
Philippines,H2B,230
Philippines,H3,2
Philippines,H4,165
Philippines,I,1
Philippines,J1,"1,139"
Philippines,J2,349
Philippines,K1,"1,159"
Philippines,K2,208
Philippines,L1,68
Philippines,L2,89
Philippines,M1,5
Philippines,M2,1
Philippines,O1,9
Philippines,O2,9
Philippines,P1,17
Philippines,R1,18
Philippines,R2,10
Philippines,T2,4
Philippines,T3,11
Poland,A1,2
Poland,A2,42
Poland,B1,3
Poland,B1/B2,566
Poland,C1/D,208
Poland,C3,1
Poland,D,1
Poland,E2,14
Poland,F1,112
Poland,F2,4
Poland,G1,5
Poland,G2,2
Poland,G3,1
Poland,G4,7
Poland,H1B,7
Poland,H2B,5
Poland,H4,14
Poland,I,5
Poland,J1,596
Poland,J2,27
Poland,K1,13
Poland,L1,44
Poland,L2,31
Poland,M1,3
Poland,NATO2,38
Poland,NATO6,5
Poland,O1,3
Poland,O2,1
Poland,O3,1
Poland,P1,7
Poland,P3,4
Poland,P4,1
Poland,R1,6
Portugal,A1,2
Portugal,A2,10
Portugal,B1,5
Portugal,B1/B2,406
Portugal,C1/D,296
Portugal,C3,4
Portugal,E2,1
Portugal,F1,87
Portugal,F2,4
Portugal,G1,2
Portugal,G2,2
Portugal,G4,9
Portugal,H1B,21
Portugal,H2B,1
Portugal,H4,4
Portugal,I,2
Portugal,J1,85
Portugal,J2,4
Portugal,K1,3
Portugal,L1,31
Portugal,L2,27
Portugal,NATO2,12
Portugal,O1,9
Portugal,O2,1
Portugal,O3,1
Portugal,P1,7
Portugal,P3,2
Portugal,P4,1
Portugal,R1,2
Portugal,R2,2
Qatar,A1,16
Qatar,A2,105
Qatar,B1,2
Qatar,B1/B2,684
Qatar,B2,2
Qatar,C1/D,2
Qatar,F1,36
Qatar,F2,4
Qatar,G2,12
Qatar,J1,7
Qatar,M1,1
Romania,A1,1
Romania,A2,38
Romania,B1,26
Romania,B1/B2,"8,158"
Romania,C1,2
Romania,C1/D,295
Romania,C3,2
Romania,E2,5
Romania,F1,48
Romania,G1,4
Romania,G2,4
Romania,G4,7
Romania,H1B,4
Romania,H2A,17
Romania,H2B,21
Romania,H4,5
Romania,I,3
Romania,J1,"1,677"
Romania,J2,1
Romania,K1,12
Romania,K2,1
Romania,L1,15
Romania,L2,21
Romania,NATO2,57
Romania,NATO4,4
Romania,NATO6,2
Romania,O1,4
Romania,O2,4
Romania,O3,1
Romania,P1,1
Romania,P3,11
Romania,R1,1
Romania,TD,1
Russia,A1,11
Russia,A2,3
Russia,B1,5
Russia,B1/B2,"4,092"
Russia,C1,2
Russia,C1/D,199
Russia,E1,1
Russia,E2,9
Russia,F1,366
Russia,F2,29
Russia,G1,16
Russia,G2,8
Russia,G4,40
Russia,H1B,21
Russia,H4,10
Russia,I,8
Russia,J1,153
Russia,J2,14
Russia,K1,59
Russia,K2,6
Russia,L1,51
Russia,L2,49
Russia,M1,1
Russia,O1,25
Russia,O2,3
Russia,O3,16
Russia,P1,21
Russia,P4,3
Russia,TD,1
Rwanda,A1,4
Rwanda,A2,10
Rwanda,B1/B2,311
Rwanda,C1,1
Rwanda,C1/D,12
Rwanda,C3,2
Rwanda,F1,46
Rwanda,F2,1
Rwanda,G1,1
Rwanda,G4,6
Rwanda,H1B,1
Rwanda,J1,27
Rwanda,J2,3
Rwanda,K1,4
Rwanda,R1,1
Saint Kitts and Nevis,A2,3
Saint Kitts and Nevis,B1/B2,365
Saint Kitts and Nevis,F1,10
Saint Kitts and Nevis,G2,1
Saint Kitts and Nevis,G4,1
Saint Kitts and Nevis,H1B,1
Saint Kitts and Nevis,J1,2
Saint Kitts and Nevis,K1,1
Saint Lucia,A2,3
Saint Lucia,B1/B2,383
Saint Lucia,C1/D,19
Saint Lucia,F1,10
Saint Lucia,G4,2
Saint Lucia,H1B,3
Saint Lucia,J1,4
Saint Lucia,K1,2
Saint Lucia,K2,1
Saint Vincent and the Grenadines,A2,2
Saint Vincent and the Grenadines,B1,13
Saint Vincent and the Grenadines,B1/B2,198
Saint Vincent and the Grenadines,C1/D,20
Saint Vincent and the Grenadines,C3,2
Saint Vincent and the Grenadines,F1,1
Saint Vincent and the Grenadines,J1,3
Saint Vincent and the Grenadines,K1,1
Saint Vincent and the Grenadines,K2,1
Saint Vincent and the Grenadines,P1,1
Samoa,A2,14
Samoa,B1/B2,172
Samoa,C1,1
Samoa,C1/D,22
Samoa,C3,7
Samoa,G4,2
Samoa,J1,1
Samoa,P1,1
Samoa,R1,1
Sao Tome and Principe,A1,1
Sao Tome and Principe,A2,1
Sao Tome and Principe,B1/B2,1
Sao Tome and Principe,C3,5
Sao Tome and Principe,G2,1
Sao Tome and Principe,J1,2
Saudi Arabia,A1,26
Saudi Arabia,A2,519
Saudi Arabia,A3,3
Saudi Arabia,B1,11
Saudi Arabia,B1/B2,"6,447"
Saudi Arabia,D,71
Saudi Arabia,F1,428
Saudi Arabia,F2,144
Saudi Arabia,G1,5
Saudi Arabia,G2,14
Saudi Arabia,G4,4
Saudi Arabia,H1B,12
Saudi Arabia,H4,4
Saudi Arabia,J1,79
Saudi Arabia,J2,17
Saudi Arabia,K1,1
Saudi Arabia,L1,12
Saudi Arabia,L2,32
Saudi Arabia,M1,17
Saudi Arabia,O1,1
Senegal,A1,4
Senegal,A2,46
Senegal,B1/B2,352
Senegal,C1,1
Senegal,D,2
Senegal,F1,13
Senegal,G1,1
Senegal,G2,6
Senegal,G4,13
Senegal,H1B,1
Senegal,H4,1
Senegal,I,1
Senegal,J1,35
Senegal,K1,12
Senegal,L2,1
Senegal,O1,1
Senegal,O3,1
Senegal,P1,1
Senegal,P4,1
Senegal,R1,1
Serbia,A1,7
Serbia,A2,9
Serbia,B1,3
Serbia,B1/B2,"1,427"
Serbia,C1/D,107
Serbia,E1,2
Serbia,E2,1
Serbia,F1,86
Serbia,F2,1
Serbia,G2,2
Serbia,G4,5
Serbia,H1B,7
Serbia,H2B,132
Serbia,H4,4
Serbia,I,3
Serbia,J1,361
Serbia,J2,1
Serbia,K1,3
Serbia,K2,1
Serbia,L1,7
Serbia,L2,6
Serbia,O1,4
Serbia,O2,2
Serbia,O3,1
Serbia,P1,1
Serbia,P3,2
Seychelles,A2,1
Seychelles,B1,1
Seychelles,B1/B2,8
Seychelles,C1/D,1
Seychelles,C3,2
Seychelles,F1,1
Seychelles,G2,2
Seychelles,J1,3
Sierra Leone,A1,6
Sierra Leone,A2,31
Sierra Leone,B1,1
Sierra Leone,B1/B2,170
Sierra Leone,B2,28
Sierra Leone,F1,22
Sierra Leone,F2,7
Sierra Leone,G1,13
Sierra Leone,G2,12
Sierra Leone,G4,4
Sierra Leone,J1,16
Sierra Leone,K1,12
Sierra Leone,K2,3
Singapore,A1,3
Singapore,A2,101
Singapore,B1,1
Singapore,B1/B2,64
Singapore,C1/D,143
Singapore,C3,1
Singapore,E2,2
Singapore,E3D,1
Singapore,F1,295
Singapore,F2,14
Singapore,G2,7
Singapore,G4,3
Singapore,H1B,17
Singapore,H1B1,78
Singapore,H4,13
Singapore,J1,99
Singapore,J2,11
Singapore,K1,3
Singapore,K2,2
Singapore,L1,26
Singapore,L2,28
Singapore,M1,4
Singapore,O1,4
Singapore,O3,2
Singapore,P2,1
Slovakia,A1,2
Slovakia,A2,39
Slovakia,B1,3
Slovakia,B1/B2,93
Slovakia,C1/D,2
Slovakia,E2,5
Slovakia,F1,36
Slovakia,G4,2
Slovakia,H1B,1
Slovakia,H2B,3
Slovakia,H4,2
Slovakia,J1,357
Slovakia,J2,3
Slovakia,K1,3
Slovakia,L1,9
Slovakia,L2,2
Slovakia,NATO2,29
Slovakia,NATO6,2
Slovakia,O2,1
Slovakia,O3,1
Slovakia,P1,2
Slovakia,R1,1
Slovenia,A2,5
Slovenia,B1,1
Slovenia,B1/B2,16
Slovenia,C1/D,3
Slovenia,F1,14
Slovenia,G2,6
Slovenia,G4,1
Slovenia,H1B,1
Slovenia,J1,11
Slovenia,L1,1
Slovenia,NATO2,21
Slovenia,O1,4
Slovenia,O2,6
Solomon Islands,A1,1
Solomon Islands,A2,8
Solomon Islands,B1/B2,5
Solomon Islands,C1,1
Solomon Islands,C3,1
Solomon Islands,F1,1
Solomon Islands,G4,1
Somalia,A1,3
Somalia,A2,3
Somalia,B1,2
Somalia,B1/B2,14
Somalia,F1,2
Somalia,G2,3
Somalia,G4,3
Somalia,J1,2
Somalia,K1,4
South Africa,A1,3
South Africa,A2,13
South Africa,B1,23
South Africa,B1/B2,"3,788"
South Africa,B2,2
South Africa,C1,16
South Africa,C1/D,321
South Africa,C3,2
South Africa,E3D,1
South Africa,F1,173
South Africa,F2,3
South Africa,G1,2
South Africa,G2,1
South Africa,G4,19
South Africa,H1B,12
South Africa,H2A,423
South Africa,H2B,84
South Africa,H4,59
South Africa,I,13
South Africa,J1,402
South Africa,J2,5
South Africa,K1,7
South Africa,K2,1
South Africa,L1,33
South Africa,L2,41
South Africa,M1,1
South Africa,O1,6
South Africa,P1,10
South Africa,P3,1
South Africa,R1,5
South Sudan,A2,1
South Sudan,B1,2
South Sudan,B1/B2,17
South Sudan,F1,9
South Sudan,G2,2
South Sudan,G4,3
South Sudan,J1,1
South Sudan,K1,5
South Sudan,O1,11
South Sudan,O3,1
Spain,A1,1
Spain,A2,29
Spain,A3,1
Spain,B1,7
Spain,B1/B2,"1,266"
Spain,B2,13
Spain,C1,5
Spain,C1/D,306
Spain,C3,2
Spain,E1,5
Spain,E2,78
Spain,F1,604
Spain,F2,21
Spain,G1,4
Spain,G2,9
Spain,G3,1
Spain,G4,40
Spain,H1B,51
Spain,H2B,4
Spain,H3,2
Spain,H4,21
Spain,I,59
Spain,J1,"3,402"
Spain,J2,89
Spain,K1,5
Spain,L1,101
Spain,L2,86
Spain,M1,4
Spain,NATO2,39
Spain,NATO4,1
Spain,NATO6,5
Spain,O1,33
Spain,O2,10
Spain,O3,9
Spain,P1,18
Spain,P3,46
Spain,P4,2
Spain,R1,5
Sri Lanka,A2,22
Sri Lanka,A3,2
Sri Lanka,B1,5
Sri Lanka,B1/B2,"1,018"
Sri Lanka,C1,12
Sri Lanka,C1/D,89
Sri Lanka,E2,8
Sri Lanka,E3D,1
Sri Lanka,F1,152
Sri Lanka,F2,17
Sri Lanka,G1,1
Sri Lanka,G2,4
Sri Lanka,G4,2
Sri Lanka,H1B,12
Sri Lanka,H4,4
Sri Lanka,I,11
Sri Lanka,J1,20
Sri Lanka,J2,1
Sri Lanka,K1,2
Sri Lanka,K2,1
Sri Lanka,L1,7
Sri Lanka,L2,6
Sri Lanka,M1,1
Sri Lanka,O1,1
Sri Lanka,P3,10
Sri Lanka,R1,2
Sudan,A1,7
Sudan,A2,1
Sudan,A3,6
Sudan,B1,31
Sudan,B1/B2,316
Sudan,B2,1
Sudan,F1,17
Sudan,F2,10
Sudan,G1,7
Sudan,G2,5
Sudan,G4,7
Sudan,H1B,5
Sudan,H4,3
Sudan,J1,38
Sudan,J2,12
Sudan,K1,3
Sudan,L1,1
Sudan,L2,4
Sudan,M1,1
Suriname,A2,15
Suriname,B1/B2,596
Suriname,C3,14
Suriname,F1,1
Suriname,F2,1
Suriname,G2,1
Suriname,G4,2
Suriname,J1,5
Suriname,R1,1
Sweden,A2,116
Sweden,A3,1
Sweden,B1,3
Sweden,B1/B2,502
Sweden,B2,1
Sweden,C1/D,51
Sweden,E1,1
Sweden,E2,29
Sweden,F1,150
Sweden,F2,2
Sweden,G1,1
Sweden,G2,2
Sweden,G3,1
Sweden,G4,10
Sweden,H1B,8
Sweden,H4,3
Sweden,I,6
Sweden,J1,151
Sweden,J2,7
Sweden,K1,6
Sweden,L1,34
Sweden,L2,32
Sweden,M1,1
Sweden,O1,24
Sweden,O2,4
Sweden,P1,8
Sweden,P4,2
Sweden,R2,2
Switzerland,A1,2
Switzerland,A2,24
Switzerland,B1,13
Switzerland,B1/B2,334
Switzerland,B2,1
Switzerland,C1/D,53
Switzerland,C3,1
Switzerland,E2,19
Switzerland,F1,186
Switzerland,F2,1
Switzerland,G1,1
Switzerland,G2,5
Switzerland,G4,16
Switzerland,H1B,11
Switzerland,H2A,1
Switzerland,H4,3
Switzerland,I,9
Switzerland,J1,181
Switzerland,J2,11
Switzerland,K1,2
Switzerland,L1,16
Switzerland,L2,8
Switzerland,M1,11
Switzerland,M2,3
Switzerland,O1,6
Switzerland,O2,3
Switzerland,O3,2
Switzerland,P1,5
Switzerland,P3,1
Switzerland,R1,1
Syria,B1,1
Syria,B1/B2,584
Syria,C1,1
Syria,C1/D,3
Syria,F1,21
Syria,F2,4
Syria,G1,9
Syria,G4,12
Syria,H1B,10
Syria,H4,4
Syria,J1,31
Syria,J2,3
Syria,K1,27
Syria,K2,1
Syria,M1,1
Syria,P1,1
Taiwan,B1,1
Taiwan,B1/B2,694
Taiwan,C1,2
Taiwan,C1/D,290
Taiwan,E1,27
Taiwan,E2,193
Taiwan,F1,"1,456"
Taiwan,F2,32
Taiwan,G4,3
Taiwan,H1B,96
Taiwan,H4,13
Taiwan,I,4
Taiwan,J1,924
Taiwan,J2,69
Taiwan,K1,5
Taiwan,L1,74
Taiwan,L2,62
Taiwan,M1,17
Taiwan,O1,13
Taiwan,O2,15
Taiwan,O3,1
Taiwan,P1,11
Taiwan,R1,7
Taiwan,R2,1
Taiwan,TD,1
Tajikistan,A2,4
Tajikistan,B1/B2,214
Tajikistan,D,1
Tajikistan,F1,13
Tajikistan,G2,4
Tajikistan,G4,3
Tajikistan,H1B,1
Tajikistan,H4,6
Tajikistan,J1,20
Tajikistan,K1,2
Tanzania,A1,3
Tanzania,A2,36
Tanzania,B1,12
Tanzania,B1/B2,545
Tanzania,C1/D,17
Tanzania,C3,3
Tanzania,F1,67
Tanzania,F2,11
Tanzania,G1,1
Tanzania,G2,16
Tanzania,G4,27
Tanzania,H1B,4
Tanzania,J1,16
Tanzania,K1,1
Tanzania,M1,2
Tanzania,P3,7
Tanzania,R1,4
Thailand,A1,1
Thailand,A2,198
Thailand,B1,49
Thailand,B1/B2,"5,356"
Thailand,B2,15
Thailand,C1,9
Thailand,C1/D,250
Thailand,C3,4
Thailand,E1,1
Thailand,E2,18
Thailand,F1,346
Thailand,F2,3
Thailand,G2,12
Thailand,G4,3
Thailand,G5,2
Thailand,H1B,22
Thailand,H2A,1
Thailand,H2B,1
Thailand,H4,8
Thailand,I,2
Thailand,J1,646
Thailand,J2,2
Thailand,K1,119
Thailand,K2,16
Thailand,L1,12
Thailand,L2,10
Thailand,M1,3
Thailand,O1,8
Thailand,O2,1
Thailand,P1,1
Thailand,R1,9
Timor-Leste,A1,1
Timor-Leste,A2,27
Timor-Leste,B1/B2,16
Timor-Leste,G1,5
Timor-Leste,J1,2
Togo,A2,1
Togo,B1,1
Togo,B1/B2,153
Togo,C1,1
Togo,C3,1
Togo,D,1
Togo,F1,8
Togo,G2,3
Togo,G4,3
Togo,H1B,2
Togo,H3,1
Togo,J1,15
Togo,K1,9
Togo,K2,3
Togo,R1,1
Tonga,A1,1
Tonga,A2,25
Tonga,B1/B2,93
Tonga,C1,1
Tonga,C3,3
Tonga,F1,1
Tonga,G2,1
Tonga,G4,4
Trinidad and Tobago,A1,2
Trinidad and Tobago,A2,9
Trinidad and Tobago,B1/B2,"5,322"
Trinidad and Tobago,C1,5
Trinidad and Tobago,C1/D,14
Trinidad and Tobago,C3,2
Trinidad and Tobago,E2,2
Trinidad and Tobago,F1,48
Trinidad and Tobago,F2,2
Trinidad and Tobago,G4,3
Trinidad and Tobago,H1B,6
Trinidad and Tobago,H4,6
Trinidad and Tobago,I,5
Trinidad and Tobago,J1,36
Trinidad and Tobago,J2,16
Trinidad and Tobago,K1,1
Trinidad and Tobago,K2,1
Trinidad and Tobago,L1,12
Trinidad and Tobago,L2,17
Trinidad and Tobago,M1,4
Trinidad and Tobago,O2,2
Trinidad and Tobago,P1,12
Trinidad and Tobago,P3,5
Trinidad and Tobago,R1,2
Trinidad and Tobago,R2,1
Tunisia,A2,37
Tunisia,B1,4
Tunisia,B1/B2,561
Tunisia,C1/D,65
Tunisia,D,1
Tunisia,E2,1
Tunisia,F1,36
Tunisia,F2,1
Tunisia,G1,1
Tunisia,G2,1
Tunisia,G4,11
Tunisia,H1B,3
Tunisia,H4,1
Tunisia,J1,48
Tunisia,J2,1
Tunisia,K1,9
Tunisia,L2,2
Turkey,A1,4
Turkey,A2,130
Turkey,A3,1
Turkey,B1,9
Turkey,B1/B2,"9,562"
Turkey,B2,4
Turkey,C1,1
Turkey,C1/D,600
Turkey,C3,6
Turkey,E1,13
Turkey,E2,52
Turkey,F1,379
Turkey,F2,12
Turkey,G1,1
Turkey,G2,9
Turkey,G4,11
Turkey,H1B,57
Turkey,H2B,12
Turkey,H4,33
Turkey,I,12
Turkey,J1,"2,254"
Turkey,J2,116
Turkey,K1,21
Turkey,L1,36
Turkey,L2,57
Turkey,M1,1
Turkey,NATO2,7
Turkey,NATO4,1
Turkey,NATO5,4
Turkey,O1,15
Turkey,O3,6
Turkey,P3,32
Turkey,R1,2
Turkey,R2,5
Turkmenistan,A2,35
Turkmenistan,B1,1
Turkmenistan,B1/B2,193
Turkmenistan,F1,31
Turkmenistan,F2,4
Turkmenistan,G1,5
Turkmenistan,H1B,2
Turkmenistan,H4,6
Turkmenistan,J1,23
Turkmenistan,K1,1
Turkmenistan,L1,1
Turkmenistan,L2,3
Turks and Caicos Islands,B1/B2,22
Turks and Caicos Islands,F1,4
Turks and Caicos Islands,H1B,1
Tuvalu,A1,5
Tuvalu,A2,11
Tuvalu,B1/B2,33
Tuvalu,C3,6
Tuvalu,G2,2
Uganda,A1,1
Uganda,A2,20
Uganda,B1,1
Uganda,B1/B2,779
Uganda,C1,9
Uganda,C1/D,20
Uganda,D,3
Uganda,F1,96
Uganda,F2,16
Uganda,G1,1
Uganda,G2,8
Uganda,G4,13
Uganda,H1B,2
Uganda,H4,1
Uganda,I,3
Uganda,J1,64
Uganda,J2,1
Uganda,K1,19
Uganda,K2,6
Uganda,L2,1
Uganda,M1,3
Uganda,O1,1
Uganda,O3,1
Uganda,R1,6
Ukraine,A1,2
Ukraine,A2,110
Ukraine,B1,12
Ukraine,B1/B2,"2,970"
Ukraine,C1/D,281
Ukraine,E2,19
Ukraine,F1,137
Ukraine,F2,2
Ukraine,G1,1
Ukraine,G2,7
Ukraine,G4,4
Ukraine,H1B,15
Ukraine,H2A,6
Ukraine,H2B,68
Ukraine,H4,8
Ukraine,I,10
Ukraine,J1,188
Ukraine,J2,6
Ukraine,K1,3
Ukraine,L1,21
Ukraine,L2,23
Ukraine,M1,1
Ukraine,O1,5
Ukraine,O2,1
Ukraine,O3,3
Ukraine,P1,16
Ukraine,P3,12
Ukraine,R1,2
Ukraine,R2,3
Ukraine,TD,3
United Arab Emirates,A1,22
United Arab Emirates,A2,274
United Arab Emirates,B1/B2,"1,738"
United Arab Emirates,C3,4
United Arab Emirates,D,17
United Arab Emirates,F1,119
United Arab Emirates,F2,4
United Arab Emirates,G1,5
United Arab Emirates,H4,1
United Arab Emirates,J1,16
United Arab Emirates,L2,2
United Arab Emirates,O1,1
Uruguay,A2,19
Uruguay,B1,3
Uruguay,B1/B2,"2,794"
Uruguay,C1,1
Uruguay,C1/D,12
Uruguay,C3,1
Uruguay,F1,31
Uruguay,G1,1
Uruguay,G3,1
Uruguay,G4,1
Uruguay,H1B,2
Uruguay,I,21
Uruguay,J1,20
Uruguay,J2,1
Uruguay,K1,1
Uruguay,L1,3
Uruguay,L2,2
Uruguay,O1,1
Uruguay,P1,1
Uruguay,R1,3
Uzbekistan,A1,3
Uzbekistan,A2,20
Uzbekistan,B1,2
Uzbekistan,B1/B2,742
Uzbekistan,C1/D,49
Uzbekistan,F1,118
Uzbekistan,F2,1
Uzbekistan,G1,6
Uzbekistan,G2,6
Uzbekistan,G4,11
Uzbekistan,H1B,3
Uzbekistan,H4,1
Uzbekistan,J1,63
Uzbekistan,J2,3
Uzbekistan,K1,11
Uzbekistan,K2,2
Uzbekistan,O1,2
Uzbekistan,O3,4
Uzbekistan,P1,1
Vanuatu,A2,4
Vanuatu,B1/B2,9
Vanuatu,C1,3
Vanuatu,G2,3
Vatican City,A2,2
Venezuela,B1,5
Venezuela,B1/B2,"4,999"
Venezuela,B2,30
Venezuela,C1,2
Venezuela,C1/D,41
Venezuela,E2,4
Venezuela,E3D,1
Venezuela,F1,68
Venezuela,G3,14
Venezuela,G4,5
Venezuela,H1B,13
Venezuela,H4,4
Venezuela,I,12
Venezuela,J1,53
Venezuela,J2,7
Venezuela,K1,22
Venezuela,K2,6
Venezuela,L1,18
Venezuela,L2,17
Venezuela,O1,9
Venezuela,O2,10
Venezuela,O3,2
Venezuela,P1,91
Venezuela,P4,11
Venezuela,R2,1
Venezuela,TD,1
Vietnam,A1,15
Vietnam,A2,69
Vietnam,B1,10
Vietnam,B1/B2,"12,030"
Vietnam,B2,341
Vietnam,C1,9
Vietnam,C1/D,303
Vietnam,C3,1
Vietnam,E2,2
Vietnam,E3D,1
Vietnam,F1,"2,093"
Vietnam,F2,12
Vietnam,G1,13
Vietnam,G2,6
Vietnam,G4,25
Vietnam,H1B,43
Vietnam,H4,17
Vietnam,I,1
Vietnam,J1,119
Vietnam,J2,27
Vietnam,K1,291
Vietnam,K2,56
Vietnam,L1,46
Vietnam,L2,25
Vietnam,M1,7
Vietnam,O1,7
Vietnam,P3,6
Vietnam,R1,2
Yemen,A2,16
Yemen,A3,1
Yemen,B1,2
Yemen,B1/B2,218
Yemen,B2,2
Yemen,F1,7
Yemen,F2,4
Yemen,G1,5
Yemen,G4,4
Yemen,H1B,1
Yemen,J1,9
Yemen,J2,2
Yemen,K1,5
Yemen,L2,2
Zambia,A2,19
Zambia,B1,2
Zambia,B1/B2,249
Zambia,C1/D,9
Zambia,C3,4
Zambia,F1,14
Zambia,G2,5
Zambia,G4,19
Zambia,H1B,1
Zambia,J1,67
Zambia,K1,1
Zambia,L1,1
Zambia,L2,1
Zambia,P1,3
Zimbabwe,A1,8
Zimbabwe,A2,4
Zimbabwe,B1,3
Zimbabwe,B1/B2,683
Zimbabwe,C1,11
Zimbabwe,C1/D,375
Zimbabwe,D,2
Zimbabwe,F1,145
Zimbabwe,F2,34
Zimbabwe,G1,4
Zimbabwe,G2,16
Zimbabwe,G4,23
Zimbabwe,G5,1
Zimbabwe,H1B,13
Zimbabwe,H4,5
Zimbabwe,I,10
Zimbabwe,J1,113
Zimbabwe,J2,8
Zimbabwe,K1,3
Zimbabwe,K2,3
Zimbabwe,L1,5
Zimbabwe,L2,3
Zimbabwe,O1,1
Zimbabwe,Q1,1
Zimbabwe,R1,1
GRAND TOTAL,,"1,070,656"
"*""Non-nationality based issuances"" includes individuals presenting travel documents issued by a competent authority other than their country of nationality, including, for example, aliens traveling on a Laissez-Passer issued by the United Nations and refugees residing in another country.",,