Nonimmigrant Visa Issuances by Nationality                                                      September 2024 (FY 2024),,
Nationality,Visa Class,Issuances
Afghanistan,B1,1
Afghanistan,B1/B2,175
Afghanistan,C1,1
Afghanistan,C2,1
Afghanistan,D,1
Afghanistan,F1,14
Afghanistan,F2,6
Afghanistan,G4,11
Afghanistan,J1,4
Afghanistan,J2,2
Afghanistan,K1,24
Afghanistan,K2,2
Afghanistan,L1,1
Afghanistan,P3,1
Albania,A1,1
Albania,A2,19
Albania,B1/B2,"2,061"
Albania,C1,1
Albania,C1/D,15
Albania,E2,2
Albania,F1,11
Albania,G2,5
Albania,G4,3
Albania,H1B,5
Albania,I,2
Albania,J1,7
Albania,J2,4
Albania,K1,21
Albania,K2,1
Albania,L1,3
Albania,L2,4
Albania,NATO2,4
Albania,NATO5,1
Albania,NATO6,3
Albania,O1,1
Albania,P3,3
Albania,TD,1
Algeria,A2,14
Algeria,B1/B2,"1,976"
Algeria,C1,4
Algeria,C1/D,1
Algeria,D,16
Algeria,F1,24
Algeria,F2,1
Algeria,G1,5
Algeria,G2,58
Algeria,G4,7
Algeria,H1B,5
Algeria,H4,1
Algeria,I,3
Algeria,J1,10
Algeria,J2,3
Algeria,K1,12
Algeria,L1,4
Algeria,L2,2
Andorra,M1,1
Angola,A1,10
Angola,A2,15
Angola,B1/B2,391
Angola,C1/D,7
Angola,F1,42
Angola,F2,5
Angola,G1,2
Angola,G2,69
Angola,H1B,2
Angola,I,7
Angola,J1,3
Angola,K1,1
Angola,L1,3
Angola,L2,1
Anguilla,F1,2
Antigua and Barbuda,B1/B2,243
Antigua and Barbuda,B2,1
Antigua and Barbuda,C1/D,2
Antigua and Barbuda,F1,9
Antigua and Barbuda,H1B,2
Antigua and Barbuda,K1,1
Antigua and Barbuda,L1,2
Antigua and Barbuda,L2,2
Argentina,A1,6
Argentina,A2,27
Argentina,A3,1
Argentina,B1,8
Argentina,B1/B2,"26,724"
Argentina,B2,53
Argentina,C1,10
Argentina,C1/D,119
Argentina,E2,51
Argentina,F1,52
Argentina,F2,2
Argentina,G2,11
Argentina,G4,21
Argentina,H1B,29
Argentina,H2A,15
Argentina,H2B,31
Argentina,H4,24
Argentina,I,6
Argentina,J1,"1,526"
Argentina,J2,9
Argentina,K1,15
Argentina,K2,1
Argentina,L1,57
Argentina,L2,57
Argentina,M1,8
Argentina,O1,23
Argentina,O2,69
Argentina,O3,7
Argentina,P1,63
Argentina,P3,13
Argentina,P4,11
Argentina,R1,3
Argentina,R2,3
Armenia,A1,6
Armenia,A2,32
Armenia,B1,1
Armenia,B1/B2,"1,384"
Armenia,C1,1
Armenia,D,1
Armenia,E2,1
Armenia,F1,7
Armenia,G2,3
Armenia,G4,4
Armenia,H1B,2
Armenia,H4,2
Armenia,J1,30
Armenia,K1,23
Armenia,K2,3
Armenia,L1,3
Armenia,L2,9
Armenia,M2,1
Armenia,O1,1
Armenia,O2,1
Armenia,O3,2
Armenia,P1,5
Armenia,P3,9
Armenia,P4,2
Australia,A1,11
Australia,A2,545
Australia,B1,5
Australia,B1/B2,696
Australia,B2,1
Australia,C1,5
Australia,C1/D,137
Australia,C3,6
Australia,E1,1
Australia,E2,41
Australia,E3,318
Australia,E3D,175
Australia,E3R,193
Australia,F1,51
Australia,G1,3
Australia,G2,9
Australia,G4,23
Australia,H1B,43
Australia,H2A,1
Australia,H2B,3
Australia,H3,2
Australia,H4,7
Australia,I,39
Australia,J1,71
Australia,J2,7
Australia,K1,21
Australia,K2,5
Australia,L1,72
Australia,L2,67
Australia,M1,8
Australia,O1,52
Australia,O2,36
Australia,O3,9
Australia,P1,37
Australia,P3,1
Australia,P4,1
Australia,R1,4
Australia,TD,1
Austria,A1,2
Austria,A2,17
Austria,B1/B2,313
Austria,C1/D,62
Austria,E2,31
Austria,F1,7
Austria,G2,6
Austria,G3,1
Austria,G4,11
Austria,H1B,6
Austria,H2B,8
Austria,H4,1
Austria,I,22
Austria,J1,77
Austria,J2,3
Austria,K1,7
Austria,L1,30
Austria,L2,4
Austria,M1,3
Austria,O1,10
Austria,O2,2
Austria,P1,5
Austria,R2,2
Azerbaijan,A1,6
Azerbaijan,A2,58
Azerbaijan,A3,2
Azerbaijan,B1,4
Azerbaijan,B1/B2,862
Azerbaijan,C1/D,9
Azerbaijan,E2,5
Azerbaijan,F1,21
Azerbaijan,F2,3
Azerbaijan,G1,2
Azerbaijan,G2,28
Azerbaijan,G4,11
Azerbaijan,H1B,8
Azerbaijan,H4,1
Azerbaijan,I,3
Azerbaijan,J1,18
Azerbaijan,K1,6
Azerbaijan,K2,1
Azerbaijan,L1,1
Azerbaijan,L2,3
"Bahamas, The",A1,1
"Bahamas, The",A2,8
"Bahamas, The",B1/B2,"1,195"
"Bahamas, The",B2,1
"Bahamas, The",C1,2
"Bahamas, The",C1/D,15
"Bahamas, The",C3,6
"Bahamas, The",F1,33
"Bahamas, The",F2,2
"Bahamas, The",G2,5
"Bahamas, The",H1B,9
"Bahamas, The",H4,2
"Bahamas, The",J1,2
"Bahamas, The",K1,2
"Bahamas, The",K2,2
"Bahamas, The",O1,2
"Bahamas, The",O3,4
"Bahamas, The",R1,1
"Bahamas, The",R2,1
Bahrain,A2,18
Bahrain,B1/B2,225
Bahrain,C1/D,1
Bahrain,F1,2
Bahrain,G2,17
Bahrain,J1,7
Bangladesh,A1,3
Bangladesh,A2,29
Bangladesh,A3,2
Bangladesh,B1,9
Bangladesh,B1/B2,"2,932"
Bangladesh,C1,2
Bangladesh,C1/D,106
Bangladesh,E2,2
Bangladesh,F1,250
Bangladesh,F2,95
Bangladesh,G1,6
Bangladesh,G2,48
Bangladesh,G4,11
Bangladesh,H1B,16
Bangladesh,H4,23
Bangladesh,I,33
Bangladesh,J1,23
Bangladesh,J2,15
Bangladesh,K1,2
Bangladesh,L1,5
Bangladesh,L2,4
Bangladesh,O1,2
Bangladesh,T3,1
Bangladesh,T4,2
Barbados,A1,1
Barbados,A2,3
Barbados,B1/B2,823
Barbados,B2,3
Barbados,C1/D,7
Barbados,C3,1
Barbados,F1,8
Barbados,G2,3
Barbados,G4,4
Barbados,H1B,2
Barbados,H2A,12
Barbados,H2B,23
Barbados,J1,2
Barbados,J2,1
Barbados,K1,3
Barbados,L1,1
Barbados,R1,1
Belarus,A2,3
Belarus,B1/B2,654
Belarus,C1/D,36
Belarus,E2,1
Belarus,F1,8
Belarus,G1,6
Belarus,G2,2
Belarus,G4,6
Belarus,H1B,4
Belarus,H4,5
Belarus,J1,12
Belarus,J2,1
Belarus,K1,4
Belarus,K2,1
Belarus,L1,20
Belarus,L2,17
Belarus,O1,2
Belarus,O3,3
Belarus,P1,3
Belarus,P3,1
Belarus,P4,2
Belarus,R2,1
Belgium,A2,14
Belgium,B1,1
Belgium,B1/B2,232
Belgium,C1/D,52
Belgium,E2,26
Belgium,F1,20
Belgium,F2,1
Belgium,G1,3
Belgium,G2,12
Belgium,G3,6
Belgium,G4,12
Belgium,H1B,7
Belgium,H2B,5
Belgium,H4,1
Belgium,I,41
Belgium,J1,41
Belgium,J2,5
Belgium,K1,4
Belgium,L1,33
Belgium,L2,9
Belgium,M1,4
Belgium,NATO2,94
Belgium,NATO4,1
Belgium,NATO6,1
Belgium,O1,10
Belgium,O2,11
Belgium,O3,1
Belgium,P1,55
Belize,A2,11
Belize,B1,1
Belize,B1/B2,628
Belize,C1,3
Belize,C1/D,1
Belize,C3,15
Belize,H1B,2
Belize,H2A,1
Belize,H4,1
Belize,J1,1
Belize,J2,1
Belize,K1,1
Belize,O1,1
Belize,O3,1
Benin,A1,13
Benin,A2,8
Benin,B1/B2,162
Benin,C3,1
Benin,E2,1
Benin,F1,7
Benin,G1,2
Benin,G2,12
Benin,G4,6
Benin,J1,5
Benin,J2,5
Benin,K1,5
Benin,L1,1
Bermuda,B1/B2,17
Bermuda,F1,2
Bermuda,H1B,1
Bermuda,K1,1
Bermuda,M1,1
Bhutan,A1,2
Bhutan,A2,1
Bhutan,B1/B2,71
Bhutan,C1,1
Bhutan,C1/D,1
Bhutan,F1,1
Bhutan,G1,6
Bhutan,G2,1
Bhutan,G4,1
Bhutan,H1B,1
Bhutan,J1,1
Bhutan,L1,1
Bhutan,M1,1
Bhutan,R1,2
Bolivia,B1,7
Bolivia,B1/B2,"2,466"
Bolivia,C1,4
Bolivia,C1/D,9
Bolivia,E2,1
Bolivia,F1,15
Bolivia,G2,7
Bolivia,G4,15
Bolivia,H1B,7
Bolivia,H2B,1
Bolivia,H4,2
Bolivia,I,1
Bolivia,J1,29
Bolivia,K1,6
Bolivia,K2,1
Bolivia,L1,3
Bolivia,L2,1
Bolivia,O1,4
Bolivia,O3,2
Bolivia,P1,14
Bolivia,P3,5
Bolivia,R1,3
Bosnia-Herzegovina,A2,1
Bosnia-Herzegovina,B1,29
Bosnia-Herzegovina,B1/B2,384
Bosnia-Herzegovina,C1/D,13
Bosnia-Herzegovina,E2,5
Bosnia-Herzegovina,F1,3
Bosnia-Herzegovina,G2,1
Bosnia-Herzegovina,H1B,4
Bosnia-Herzegovina,H2B,3
Bosnia-Herzegovina,I,1
Bosnia-Herzegovina,J1,4
Bosnia-Herzegovina,K1,9
Bosnia-Herzegovina,L1,2
Bosnia-Herzegovina,P4,1
Botswana,A1,5
Botswana,A2,5
Botswana,A3,1
Botswana,B1/B2,101
Botswana,C1/D,5
Botswana,F1,2
Botswana,G2,19
Botswana,G4,3
Botswana,H1B,1
Botswana,I,1
Botswana,J1,6
Botswana,J2,1
Botswana,Q1,7
Brazil,A1,13
Brazil,A2,328
Brazil,B1,272
Brazil,B1/B2,"94,572"
Brazil,B2,7
Brazil,C1,43
Brazil,C1/D,344
Brazil,C3,16
Brazil,E2,8
Brazil,F1,169
Brazil,F2,44
Brazil,G1,2
Brazil,G2,157
Brazil,G4,56
Brazil,G5,1
Brazil,H1B,149
Brazil,H2A,9
Brazil,H2B,15
Brazil,H3,3
Brazil,H4,88
Brazil,I,24
Brazil,J1,905
Brazil,J2,89
Brazil,K1,56
Brazil,K2,9
Brazil,L1,294
Brazil,L2,333
Brazil,M1,30
Brazil,O1,124
Brazil,O2,77
Brazil,O3,48
Brazil,P1,40
Brazil,P3,20
Brazil,P4,11
Brazil,R1,18
Brazil,R2,7
Brazil,TD,1
Brazil,U3,1
British National Overseas (Hong Kong) Passport,B1/B2,167
British National Overseas (Hong Kong) Passport,C1/D,3
British National Overseas (Hong Kong) Passport,F1,1
British National Overseas (Hong Kong) Passport,H1B,4
British National Overseas (Hong Kong) Passport,H4,1
British National Overseas (Hong Kong) Passport,K1,3
British National Overseas (Hong Kong) Passport,O2,1
British National Overseas (Hong Kong) Passport,P1,1
British Virgin Islands,F1,1
British Virgin Islands,M1,1
Brunei,A1,1
Brunei,A2,15
Brunei,A3,1
Brunei,B1/B2,7
Brunei,C1/D,4
Brunei,F1,1
Brunei,G2,2
Brunei,H1B,1
Brunei,J1,6
Bulgaria,A2,8
Bulgaria,A3,1
Bulgaria,B1,24
Bulgaria,B1/B2,"1,072"
Bulgaria,C1/D,53
Bulgaria,E2,7
Bulgaria,F1,2
Bulgaria,G1,2
Bulgaria,G2,28
Bulgaria,G3,1
Bulgaria,G4,4
Bulgaria,H1B,5
Bulgaria,H2B,4
Bulgaria,I,4
Bulgaria,J1,17
Bulgaria,J2,3
Bulgaria,K1,2
Bulgaria,L1,2
Bulgaria,L2,1
Bulgaria,NATO2,19
Bulgaria,O1,2
Bulgaria,O2,1
Bulgaria,P3,4
Burkina Faso,A1,5
Burkina Faso,A2,3
Burkina Faso,B1/B2,224
Burkina Faso,C3,1
Burkina Faso,F1,3
Burkina Faso,F2,1
Burkina Faso,G2,3
Burkina Faso,G4,4
Burkina Faso,H1B,2
Burkina Faso,H4,1
Burkina Faso,I,1
Burkina Faso,J1,3
Burkina Faso,K1,8
Burkina Faso,K2,1
Burma,A2,1
Burma,B1,7
Burma,B1/B2,296
Burma,C1,134
Burma,C2,9
Burma,D,339
Burma,F1,264
Burma,F2,9
Burma,G4,3
Burma,H1B,4
Burma,H4,6
Burma,J1,16
Burma,J2,4
Burma,K1,62
Burma,K2,4
Burma,M1,2
Burma,O1,1
Burma,R1,3
Burundi,A3,1
Burundi,B1/B2,66
Burundi,C1,1
Burundi,F1,2
Burundi,G1,5
Burundi,G2,6
Burundi,G4,17
Burundi,J1,1
Burundi,K1,1
Cabo Verde,A2,7
Cabo Verde,B1/B2,335
Cabo Verde,B2,1
Cabo Verde,C1/D,2
Cabo Verde,F1,2
Cabo Verde,G2,7
Cabo Verde,K1,2
Cabo Verde,K2,1
Cabo Verde,P3,6
Cambodia,A1,1
Cambodia,A2,14
Cambodia,B1,4
Cambodia,B1/B2,761
Cambodia,C1,6
Cambodia,D,5
Cambodia,F1,26
Cambodia,G2,17
Cambodia,G4,1
Cambodia,H1B,3
Cambodia,H4,2
Cambodia,J1,11
Cambodia,K1,31
Cambodia,K2,8
Cambodia,R1,2
Cameroon,A1,9
Cameroon,A2,18
Cameroon,B1,2
Cameroon,B1/B2,788
Cameroon,B2,11
Cameroon,C1,1
Cameroon,C1/D,11
Cameroon,E2,1
Cameroon,F1,41
Cameroon,F2,1
Cameroon,G1,8
Cameroon,G2,159
Cameroon,G4,31
Cameroon,H1B,4
Cameroon,H4,14
Cameroon,J1,13
Cameroon,J2,2
Cameroon,K1,45
Cameroon,K2,2
Cameroon,L2,2
Cameroon,O1,1
Cameroon,P3,1
Cameroon,R1,10
Canada,A1,10
Canada,A2,2
Canada,B1,1
Canada,B1/B2,14
Canada,C1/D,1
Canada,E1,96
Canada,E2,600
Canada,E3D,5
Canada,F1,6
Canada,F2,1
Canada,G2,1
Canada,G4,42
Canada,H1B,6
Canada,H2A,1
Canada,H2B,1
Canada,H4,17
Canada,I,7
Canada,J1,9
Canada,J2,1
Canada,K1,120
Canada,K2,10
Canada,L1,8
Canada,L2,14
Canada,M1,1
Canada,NATO2,51
Canada,NATO4,1
Canada,NATO6,5
Canada,O1,5
Canada,O2,3
Canada,O3,4
Canada,P1,5
Canada,P3,1
Canada,P4,1
Canada,R1,8
Canada,R2,4
Canada,TD,1
Canada,TN,4
Canada,U3,1
Cayman Islands,B1/B2,87
Cayman Islands,C1/D,5
Cayman Islands,M1,1
Central African Republic,A1,3
Central African Republic,A2,2
Central African Republic,B1/B2,19
Central African Republic,F1,1
Central African Republic,G1,1
Central African Republic,G2,23
Chad,A1,1
Chad,A2,10
Chad,B1/B2,77
Chad,F1,3
Chad,G1,1
Chad,G2,57
Chad,G4,3
Chad,J1,5
Chile,A1,2
Chile,A2,48
Chile,B1,10
Chile,B1/B2,592
Chile,B2,4
Chile,C1,2
Chile,C1/D,65
Chile,C3,8
Chile,CW2,1
Chile,E2,15
Chile,F1,33
Chile,F2,10
Chile,G1,3
Chile,G2,23
Chile,G4,3
Chile,H1B,37
Chile,H1B1,168
Chile,H2A,1
Chile,H2B,2
Chile,H4,139
Chile,I,6
Chile,J1,507
Chile,J2,9
Chile,K1,5
Chile,K2,2
Chile,L1,35
Chile,L2,43
Chile,M1,1
Chile,O1,7
Chile,O2,1
Chile,O3,3
Chile,P1,28
Chile,P3,1
Chile,R1,3
Chile,R2,2
China - mainland,A1,24
China - mainland,A2,70
China - mainland,B1,207
China - mainland,B1/B2,"63,347"
China - mainland,B2,23
China - mainland,BBBCC,3
China - mainland,C1,18
China - mainland,C1/D,978
China - mainland,C3,4
China - mainland,CW1,4
China - mainland,E2,11
China - mainland,F1,"1,261"
China - mainland,F2,66
China - mainland,G1,11
China - mainland,G2,87
China - mainland,G4,84
China - mainland,H1B,"2,142"
China - mainland,H3,1
China - mainland,H4,322
China - mainland,I,13
China - mainland,J1,737
China - mainland,J2,170
China - mainland,K1,102
China - mainland,K2,10
China - mainland,L1,562
China - mainland,L2,405
China - mainland,M1,16
China - mainland,O1,127
China - mainland,O2,14
China - mainland,O3,23
China - mainland,P1,33
China - mainland,P3,204
China - mainland,Q1,9
China - mainland,R1,3
China - mainland,R2,1
China - mainland,TD,11
China - mainland,U2,1
China - mainland,U3,1
Colombia,A1,2
Colombia,A2,305
Colombia,B1,20
Colombia,B1/B2,"37,124"
Colombia,B2,2
Colombia,C1,15
Colombia,C1/D,213
Colombia,C2,1
Colombia,C3,3
Colombia,E1,13
Colombia,E2,68
Colombia,F1,154
Colombia,F2,9
Colombia,G1,1
Colombia,G2,12
Colombia,G4,36
Colombia,G5,2
Colombia,H1B,77
Colombia,H2A,17
Colombia,H2B,55
Colombia,H3,1
Colombia,H4,52
Colombia,I,20
Colombia,J1,284
Colombia,J2,58
Colombia,K1,173
Colombia,K2,43
Colombia,L1,49
Colombia,L2,72
Colombia,M1,9
Colombia,O1,29
Colombia,O2,107
Colombia,O3,31
Colombia,P1,37
Colombia,P3,5
Colombia,P4,4
Colombia,R1,9
Colombia,R2,7
Colombia,T3,2
Colombia,TD,1
Comoros,A1,2
Comoros,B1/B2,6
Comoros,F1,1
Comoros,G2,7
Comoros,G4,1
Comoros,J1,1
Comoros,J2,1
"Congo, Democratic Republic of the",A1,5
"Congo, Democratic Republic of the",A2,21
"Congo, Democratic Republic of the",B1,1
"Congo, Democratic Republic of the",B1/B2,531
"Congo, Democratic Republic of the",F1,56
"Congo, Democratic Republic of the",G1,1
"Congo, Democratic Republic of the",G2,213
"Congo, Democratic Republic of the",G4,8
"Congo, Democratic Republic of the",H1B,3
"Congo, Democratic Republic of the",J1,6
"Congo, Democratic Republic of the",K1,17
"Congo, Democratic Republic of the",O1,3
"Congo, Democratic Republic of the",P3,4
"Congo, Democratic Republic of the",R1,3
"Congo, Republic of the",A1,1
"Congo, Republic of the",A2,20
"Congo, Republic of the",B1/B2,90
"Congo, Republic of the",F1,4
"Congo, Republic of the",G2,11
"Congo, Republic of the",G4,4
"Congo, Republic of the",J1,1
"Congo, Republic of the",J2,1
"Congo, Republic of the",K1,1
Costa Rica,A2,15
Costa Rica,B1,4
Costa Rica,B1/B2,"6,300"
Costa Rica,C1,2
Costa Rica,C1/D,16
Costa Rica,C3,5
Costa Rica,E2,7
Costa Rica,F1,12
Costa Rica,F2,1
Costa Rica,G4,9
Costa Rica,H1B,9
Costa Rica,H2A,60
Costa Rica,H2B,51
Costa Rica,H4,5
Costa Rica,I,1
Costa Rica,J1,14
Costa Rica,J2,5
Costa Rica,K1,13
Costa Rica,K2,5
Costa Rica,L1,21
Costa Rica,L2,15
Costa Rica,O2,1
Costa Rica,P1,1
Costa Rica,TD,1
Cote d'Ivoire,A1,17
Cote d'Ivoire,A2,19
Cote d'Ivoire,B1/B2,497
Cote d'Ivoire,C1/D,2
Cote d'Ivoire,F1,14
Cote d'Ivoire,G1,3
Cote d'Ivoire,G2,38
Cote d'Ivoire,G4,19
Cote d'Ivoire,H1B,3
Cote d'Ivoire,H4,1
Cote d'Ivoire,J1,2
Cote d'Ivoire,J2,1
Cote d'Ivoire,K1,13
Cote d'Ivoire,K2,2
Cote d'Ivoire,L1,1
Cote d'Ivoire,O1,1
Cote d'Ivoire,O2,2
Cote d'Ivoire,O3,2
Cote d'Ivoire,R1,2
Cote d'Ivoire,R2,4
Croatia,A1,2
Croatia,A2,8
Croatia,B1,4
Croatia,B1/B2,88
Croatia,C1/D,40
Croatia,C4,1
Croatia,E2,2
Croatia,F1,4
Croatia,F2,1
Croatia,G1,1
Croatia,G2,3
Croatia,G3,3
Croatia,G4,1
Croatia,H1B,8
Croatia,H2A,1
Croatia,H2B,6
Croatia,H4,6
Croatia,J1,9
Croatia,K1,3
Croatia,L1,9
Croatia,L2,2
Croatia,NATO2,9
Croatia,NATO6,2
Croatia,O1,3
Croatia,P1,1
Croatia,P3,1
Croatia,P4,2
Cuba,A1,10
Cuba,A2,2
Cuba,A3,1
Cuba,B1,93
Cuba,B1/B2,139
Cuba,B2,692
Cuba,C1/D,1
Cuba,F1,1
Cuba,G1,4
Cuba,G2,20
Cuba,H4,1
Cuba,J1,3
Cuba,J2,3
Cuba,K1,49
Cuba,K2,13
Cuba,O1,1
Cuba,O2,1
Cuba,P1,5
Cuba,P3,19
Cyprus,A1,2
Cyprus,A2,5
Cyprus,A3,1
Cyprus,B1/B2,281
Cyprus,C1/D,9
Cyprus,F1,3
Cyprus,G1,1
Cyprus,G2,5
Cyprus,G3,4
Cyprus,G4,2
Cyprus,H1B,9
Cyprus,J1,6
Cyprus,L1,1
Cyprus,L2,3
Cyprus,O1,3
Czech Republic,A1,2
Czech Republic,A2,6
Czech Republic,B1/B2,146
Czech Republic,B2,1
Czech Republic,C1/D,15
Czech Republic,E2,24
Czech Republic,F1,5
Czech Republic,F2,3
Czech Republic,G1,1
Czech Republic,G2,16
Czech Republic,G4,2
Czech Republic,H1B,8
Czech Republic,I,7
Czech Republic,J1,50
Czech Republic,J2,8
Czech Republic,K1,1
Czech Republic,L1,9
Czech Republic,L2,7
Czech Republic,M1,1
Czech Republic,M2,1
Czech Republic,NATO2,28
Czech Republic,NATO4,1
Czech Republic,O1,5
Czech Republic,O2,2
Czech Republic,P1,19
Denmark,A1,1
Denmark,A2,32
Denmark,B1,1
Denmark,B1/B2,211
Denmark,C1/D,37
Denmark,E2,28
Denmark,F1,7
Denmark,G2,28
Denmark,G3,1
Denmark,G4,8
Denmark,H1B,5
Denmark,H3,5
Denmark,I,21
Denmark,J1,30
Denmark,J2,4
Denmark,K1,1
Denmark,L1,23
Denmark,L2,10
Denmark,M1,2
Denmark,NATO2,9
Denmark,NATO4,1
Denmark,O1,4
Denmark,O2,24
Denmark,P1,6
Denmark,P2,1
Denmark,P3,1
Denmark,R1,1
Denmark,TD,2
Djibouti,A1,6
Djibouti,A2,1
Djibouti,B1,4
Djibouti,B1/B2,22
Djibouti,F1,1
Djibouti,G2,28
Dominica,A1,2
Dominica,A2,1
Dominica,B1/B2,261
Dominica,C1/D,2
Dominica,F1,5
Dominica,H1B,1
Dominica,H4,2
Dominica,J1,1
Dominica,K1,2
Dominica,L1,1
Dominica,L2,2
Dominica,O1,1
Dominica,TD,1
Dominican Republic,A1,46
Dominican Republic,A2,99
Dominican Republic,B1,43
Dominican Republic,B1/B2,"14,047"
Dominican Republic,B2,2
Dominican Republic,C1,3
Dominican Republic,C1/D,40
Dominican Republic,C3,2
Dominican Republic,E2,1
Dominican Republic,F1,50
Dominican Republic,G1,1
Dominican Republic,G4,8
Dominican Republic,H1B,15
Dominican Republic,H2A,10
Dominican Republic,H4,6
Dominican Republic,I,31
Dominican Republic,J1,37
Dominican Republic,J2,4
Dominican Republic,K1,51
Dominican Republic,K2,13
Dominican Republic,L1,11
Dominican Republic,L2,16
Dominican Republic,M1,8
Dominican Republic,O1,9
Dominican Republic,O2,9
Dominican Republic,O3,4
Dominican Republic,P1,48
Dominican Republic,P4,1
Dominican Republic,R1,4
Dominican Republic,R2,4
Dominican Republic,T3,1
Dominican Republic,TD,1
Dominican Republic,U3,6
Ecuador,A1,2
Ecuador,A2,63
Ecuador,B1,26
Ecuador,B1/B2,"19,086"
Ecuador,B2,1
Ecuador,C1,3
Ecuador,C1/D,40
Ecuador,C2,4
Ecuador,C3,4
Ecuador,E2,2
Ecuador,F1,60
Ecuador,F2,2
Ecuador,G1,3
Ecuador,G2,30
Ecuador,G4,19
Ecuador,H1B,34
Ecuador,H2B,12
Ecuador,H3,1
Ecuador,H4,12
Ecuador,I,2
Ecuador,J1,114
Ecuador,J2,12
Ecuador,K1,20
Ecuador,K2,8
Ecuador,L1,15
Ecuador,L2,11
Ecuador,M1,2
Ecuador,O1,7
Ecuador,O2,3
Ecuador,P3,1
Ecuador,R1,3
Ecuador,T3,1
Ecuador,TD,1
Ecuador,U2,1
Ecuador,U3,14
Egypt,A1,12
Egypt,A2,70
Egypt,A3,3
Egypt,B1,4
Egypt,B1/B2,"4,350"
Egypt,C1,1
Egypt,C1/D,86
Egypt,F1,37
Egypt,F2,10
Egypt,G1,1
Egypt,G2,13
Egypt,G4,15
Egypt,H1B,32
Egypt,H4,26
Egypt,I,12
Egypt,J1,62
Egypt,J2,24
Egypt,K1,23
Egypt,L1,11
Egypt,L2,13
Egypt,M1,9
Egypt,O1,6
Egypt,O3,6
Egypt,P1,8
Egypt,R1,1
Egypt,R2,7
Egypt,TD,1
El Salvador,A1,6
El Salvador,A2,107
El Salvador,A3,1
El Salvador,B1,3
El Salvador,B1/B2,"5,283"
El Salvador,C1,4
El Salvador,C1/D,13
El Salvador,C3,11
El Salvador,F1,4
El Salvador,G1,2
El Salvador,G2,13
El Salvador,G4,6
El Salvador,G5,1
El Salvador,H1B,11
El Salvador,H2A,39
El Salvador,H2B,97
El Salvador,H4,1
El Salvador,I,5
El Salvador,J1,30
El Salvador,K1,57
El Salvador,K2,11
El Salvador,L1,7
El Salvador,L2,2
El Salvador,M1,2
El Salvador,P1,1
El Salvador,R1,2
El Salvador,R2,2
El Salvador,U1,1
El Salvador,U2,1
El Salvador,U3,11
Equatorial Guinea,A1,3
Equatorial Guinea,A2,14
Equatorial Guinea,B1/B2,35
Equatorial Guinea,F1,5
Equatorial Guinea,G1,3
Equatorial Guinea,G2,15
Equatorial Guinea,G5,3
Eritrea,A3,2
Eritrea,B1,5
Eritrea,B1/B2,144
Eritrea,F1,1
Eritrea,G2,2
Eritrea,J1,2
Eritrea,K1,17
Eritrea,K2,2
Estonia,A2,16
Estonia,B1/B2,27
Estonia,B2,1
Estonia,C1/D,8
Estonia,F1,3
Estonia,G2,8
Estonia,H1B,1
Estonia,H4,1
Estonia,I,6
Estonia,J1,3
Estonia,J2,1
Estonia,K1,1
Estonia,L1,2
Estonia,NATO2,10
Estonia,NATO4,1
Estonia,O1,1
Estonia,P1,5
Eswatini,A1,7
Eswatini,A2,4
Eswatini,B1/B2,38
Eswatini,C3,3
Eswatini,F1,2
Eswatini,G2,24
Eswatini,G4,2
Eswatini,H2B,1
Eswatini,I,2
Eswatini,J1,5
Ethiopia,A1,1
Ethiopia,A2,11
Ethiopia,B1,9
Ethiopia,B1/B2,"1,445"
Ethiopia,C1/D,120
Ethiopia,D,5
Ethiopia,E2,5
Ethiopia,F1,39
Ethiopia,F2,10
Ethiopia,G1,10
Ethiopia,G2,18
Ethiopia,G4,71
Ethiopia,H1B,6
Ethiopia,H4,4
Ethiopia,J1,18
Ethiopia,J2,13
Ethiopia,K1,63
Ethiopia,K2,2
Ethiopia,L1,1
Ethiopia,L2,7
Ethiopia,P1,7
Ethiopia,P4,1
Ethiopia,R1,1
Fiji,A1,1
Fiji,A2,16
Fiji,B1,1
Fiji,B1/B2,190
Fiji,C1,6
Fiji,C1/D,16
Fiji,C3,4
Fiji,G2,5
Fiji,G4,6
Fiji,J1,7
Fiji,M1,2
Finland,A2,21
Finland,B1,6
Finland,B1/B2,54
Finland,B2,7
Finland,C1/D,47
Finland,E2,6
Finland,F1,11
Finland,G2,13
Finland,G3,2
Finland,G4,4
Finland,H1B,4
Finland,H2B,2
Finland,I,8
Finland,J1,24
Finland,J2,4
Finland,K1,4
Finland,L1,24
Finland,L2,3
Finland,NATO2,82
Finland,O1,9
Finland,O2,2
Finland,O3,1
Finland,P1,14
Finland,P4,3
France,A1,11
France,A2,76
France,A3,2
France,B1,6
France,B1/B2,896
France,B2,2
France,C1/D,267
France,C3,2
France,E1,33
France,E2,407
France,E3D,1
France,F1,209
France,F2,6
France,G1,5
France,G2,106
France,G3,5
France,G4,83
France,H1B,94
France,H2A,2
France,H2B,3
France,H4,18
France,I,100
France,J1,468
France,J2,23
France,K1,17
France,K2,1
France,L1,238
France,L2,112
France,M1,15
France,NATO2,28
France,NATO4,1
France,NATO6,5
France,O1,71
France,O2,39
France,O3,20
France,P1,49
France,P2,1
France,P3,7
France,P4,4
France,Q1,38
France,R1,11
France,R2,2
Gabon,A1,3
Gabon,A2,8
Gabon,B1/B2,115
Gabon,F1,9
Gabon,G1,4
Gabon,G2,80
Gabon,G4,1
Gabon,J1,1
Gabon,L1,1
Gabon,L2,1
"Gambia, The",A1,7
"Gambia, The",A2,9
"Gambia, The",B1,1
"Gambia, The",B1/B2,140
"Gambia, The",C1,5
"Gambia, The",C1/D,7
"Gambia, The",C2,1
"Gambia, The",F1,7
"Gambia, The",G1,2
"Gambia, The",G2,58
"Gambia, The",G4,4
"Gambia, The",H1B,1
"Gambia, The",I,2
"Gambia, The",J1,2
"Gambia, The",K1,1
"Gambia, The",L2,2
Georgia,A1,8
Georgia,A2,14
Georgia,B1/B2,"1,255"
Georgia,C1/D,53
Georgia,E2,1
Georgia,F1,2
Georgia,F2,1
Georgia,G1,4
Georgia,G2,15
Georgia,G4,8
Georgia,H1B,4
Georgia,I,10
Georgia,J1,42
Georgia,J2,2
Georgia,K1,3
Georgia,L1,1
Georgia,O1,2
Georgia,O2,1
Georgia,O3,1
Georgia,P3,8
Germany,A1,7
Germany,A2,148
Germany,A3,1
Germany,B1,5
Germany,B1/B2,"2,031"
Germany,B2,1
Germany,C1,2
Germany,C1/D,574
Germany,E1,30
Germany,E2,297
Germany,F1,118
Germany,G1,3
Germany,G2,28
Germany,G3,6
Germany,G4,67
Germany,H1B,66
Germany,H2A,6
Germany,H2B,1
Germany,H3,3
Germany,H4,16
Germany,I,103
Germany,J1,460
Germany,J2,15
Germany,K1,17
Germany,K2,1
Germany,L1,249
Germany,L2,99
Germany,M1,14
Germany,NATO2,12
Germany,NATO4,2
Germany,NATO5,1
Germany,NATO6,29
Germany,O1,64
Germany,O2,17
Germany,O3,11
Germany,P1,37
Germany,P3,4
Germany,P4,3
Germany,Q1,22
Germany,R1,7
Germany,R2,3
Germany,TD,1
Ghana,A1,3
Ghana,A2,176
Ghana,B1,4
Ghana,B1/B2,"1,893"
Ghana,C1/D,48
Ghana,C2,1
Ghana,C3,3
Ghana,F1,151
Ghana,F2,63
Ghana,G2,79
Ghana,G4,28
Ghana,H1B,16
Ghana,H3,3
Ghana,H4,36
Ghana,I,2
Ghana,J1,36
Ghana,J2,9
Ghana,K1,30
Ghana,K2,1
Ghana,L1,5
Ghana,L2,1
Ghana,O1,3
Ghana,O2,1
Ghana,O3,5
Ghana,P1,1
Ghana,R1,7
Ghana,R2,5
Gibraltar,B1/B2,1
Great Britain and Northern Ireland,A1,16
Great Britain and Northern Ireland,A2,298
Great Britain and Northern Ireland,A3,3
Great Britain and Northern Ireland,B1,156
Great Britain and Northern Ireland,B1/B2,"3,061"
Great Britain and Northern Ireland,C1/D,579
Great Britain and Northern Ireland,C3,8
Great Britain and Northern Ireland,E1,8
Great Britain and Northern Ireland,E2,253
Great Britain and Northern Ireland,E3D,6
Great Britain and Northern Ireland,F1,86
Great Britain and Northern Ireland,F2,3
Great Britain and Northern Ireland,G1,2
Great Britain and Northern Ireland,G2,77
Great Britain and Northern Ireland,G3,2
Great Britain and Northern Ireland,G4,62
Great Britain and Northern Ireland,H1B,114
Great Britain and Northern Ireland,H2A,3
Great Britain and Northern Ireland,H2B,58
Great Britain and Northern Ireland,H4,22
Great Britain and Northern Ireland,I,249
Great Britain and Northern Ireland,J1,166
Great Britain and Northern Ireland,J2,18
Great Britain and Northern Ireland,K1,121
Great Britain and Northern Ireland,K2,3
Great Britain and Northern Ireland,L1,353
Great Britain and Northern Ireland,L2,228
Great Britain and Northern Ireland,M1,32
Great Britain and Northern Ireland,N8,1
Great Britain and Northern Ireland,NATO2,55
Great Britain and Northern Ireland,NATO4,1
Great Britain and Northern Ireland,NATO5,2
Great Britain and Northern Ireland,NATO6,234
Great Britain and Northern Ireland,O1,266
Great Britain and Northern Ireland,O2,385
Great Britain and Northern Ireland,O3,52
Great Britain and Northern Ireland,P1,195
Great Britain and Northern Ireland,P2,2
Great Britain and Northern Ireland,P3,7
Great Britain and Northern Ireland,P4,5
Great Britain and Northern Ireland,Q1,5
Great Britain and Northern Ireland,R1,13
Great Britain and Northern Ireland,R2,9
Great Britain and Northern Ireland,TD,1
Greece,A1,4
Greece,A2,16
Greece,B1,5
Greece,B1/B2,118
Greece,C1/D,174
Greece,E1,1
Greece,F1,17
Greece,F2,1
Greece,G1,4
Greece,G2,4
Greece,G3,3
Greece,G4,2
Greece,H1B,68
Greece,H2B,1
Greece,H4,9
Greece,I,10
Greece,J1,61
Greece,J2,6
Greece,K1,3
Greece,L1,14
Greece,L2,2
Greece,M1,2
Greece,NATO2,19
Greece,O1,12
Greece,O2,1
Greece,P1,5
Greece,P3,35
Greece,R1,3
Greece,R2,5
Grenada,A2,3
Grenada,B1,2
Grenada,B1/B2,264
Grenada,B2,1
Grenada,C1/D,3
Grenada,F1,2
Grenada,H1B,1
Grenada,J1,3
Grenada,O3,2
Grenada,P1,1
Grenada,P3,1
Guatemala,A1,10
Guatemala,A2,32
Guatemala,B1,6
Guatemala,B1/B2,"8,000"
Guatemala,C1,3
Guatemala,C1/D,5
Guatemala,C3,3
Guatemala,F1,13
Guatemala,G1,1
Guatemala,G2,1
Guatemala,G4,3
Guatemala,H1B,5
Guatemala,H2A,274
Guatemala,H2B,245
Guatemala,H4,11
Guatemala,I,1
Guatemala,J1,22
Guatemala,J2,1
Guatemala,K1,33
Guatemala,K2,14
Guatemala,L1,7
Guatemala,L2,6
Guatemala,M1,1
Guatemala,P3,16
Guatemala,R1,4
Guatemala,R2,7
Guatemala,U1,1
Guatemala,U2,1
Guatemala,U3,5
Guinea,A1,2
Guinea,A2,31
Guinea,B1/B2,263
Guinea,F1,9
Guinea,F2,3
Guinea,G2,59
Guinea,G4,2
Guinea,G5,1
Guinea,I,3
Guinea,J1,11
Guinea,K1,9
Guinea-Bissau,A1,1
Guinea-Bissau,B1/B2,9
Guinea-Bissau,C2,1
Guinea-Bissau,G2,23
Guinea-Bissau,J1,1
Guinea-Bissau,O1,1
Guyana,A1,4
Guyana,A2,4
Guyana,B1,1
Guyana,B1/B2,"2,131"
Guyana,B2,2
Guyana,C1/D,12
Guyana,C3,13
Guyana,F1,6
Guyana,G4,1
Guyana,H1B,3
Guyana,H4,1
Guyana,I,1
Guyana,J1,3
Guyana,J2,4
Guyana,K1,13
Guyana,K2,5
Guyana,P3,1
Haiti,A1,33
Haiti,A2,61
Haiti,B1,1
Haiti,B1/B2,680
Haiti,B2,1
Haiti,C1,4
Haiti,C1/D,3
Haiti,C3,12
Haiti,F1,4
Haiti,G1,6
Haiti,G4,20
Haiti,H1B,2
Haiti,J1,7
Haiti,J2,2
Haiti,K1,16
Haiti,K2,1
Haiti,L2,1
Haiti,R1,1
Haiti,U3,1
Honduras,A1,8
Honduras,A2,53
Honduras,B1,4
Honduras,B1/B2,"9,412"
Honduras,C1,7
Honduras,C1/D,47
Honduras,E2,5
Honduras,F1,13
Honduras,G2,16
Honduras,G4,8
Honduras,H1B,18
Honduras,H2A,43
Honduras,H2B,185
Honduras,H4,10
Honduras,I,7
Honduras,J1,21
Honduras,J2,3
Honduras,K1,23
Honduras,K2,5
Honduras,L1,4
Honduras,L2,5
Honduras,O1,1
Honduras,P1,3
Honduras,R1,3
Honduras,R2,2
Honduras,T3,1
Honduras,T4,2
Honduras,U3,8
Hong Kong S.A.R.,B1,4
Hong Kong S.A.R.,B1/B2,"3,343"
Hong Kong S.A.R.,B2,3
Hong Kong S.A.R.,C1/D,109
Hong Kong S.A.R.,E2,1
Hong Kong S.A.R.,F1,49
Hong Kong S.A.R.,F2,10
Hong Kong S.A.R.,G4,1
Hong Kong S.A.R.,H1B,17
Hong Kong S.A.R.,H4,7
Hong Kong S.A.R.,I,8
Hong Kong S.A.R.,J1,4
Hong Kong S.A.R.,J2,1
Hong Kong S.A.R.,K1,5
Hong Kong S.A.R.,K2,2
Hong Kong S.A.R.,L1,11
Hong Kong S.A.R.,L2,8
Hong Kong S.A.R.,M1,41
Hong Kong S.A.R.,O1,6
Hong Kong S.A.R.,O2,11
Hong Kong S.A.R.,P1,34
Hong Kong S.A.R.,TD,1
Hungary,A1,2
Hungary,A2,38
Hungary,A3,1
Hungary,B1,33
Hungary,B1/B2,322
Hungary,C1/D,23
Hungary,E2,1
Hungary,F1,8
Hungary,G2,8
Hungary,G3,3
Hungary,G4,3
Hungary,H1B,10
Hungary,H2B,32
Hungary,H4,6
Hungary,I,2
Hungary,J1,44
Hungary,J2,8
Hungary,K1,3
Hungary,L1,11
Hungary,L2,8
Hungary,M1,1
Hungary,NATO2,16
Hungary,NATO6,1
Hungary,O1,2
Hungary,P1,13
Hungary,R1,4
Hungary,R2,1
Iceland,A1,2
Iceland,A2,2
Iceland,B1/B2,27
Iceland,C1/D,12
Iceland,F1,2
Iceland,G2,4
Iceland,G4,2
Iceland,H1B,1
Iceland,H4,1
Iceland,I,2
Iceland,J1,3
Iceland,O1,1
Iceland,P1,1
India,A1,5
India,A2,376
India,A3,63
India,B1,38
India,B1/B2,"78,389"
India,B2,20
India,C1,63
India,C1/D,"5,531"
India,C2,4
India,C3,19
India,E2,3
India,E3D,11
India,F1,417
India,F2,109
India,G1,3
India,G2,18
India,G4,62
India,H1B,"10,093"
India,H2B,1
India,H3,6
India,H4,"9,310"
India,I,65
India,J1,570
India,J2,164
India,K1,82
India,K2,8
India,L1,"1,803"
India,L2,"2,241"
India,M1,33
India,O1,118
India,O2,96
India,O3,36
India,P1,2
India,P3,255
India,R1,100
India,R2,51
India,TD,9
India,U1,2
India,U2,6
India,U3,10
Indonesia,A1,18
Indonesia,A2,334
Indonesia,A3,1
Indonesia,B1,53
Indonesia,B1/B2,"4,048"
Indonesia,B2,1
Indonesia,C1,15
Indonesia,C1/D,"1,066"
Indonesia,C2,2
Indonesia,C3,5
Indonesia,D,1
Indonesia,F1,55
Indonesia,F2,4
Indonesia,G1,17
Indonesia,G2,34
Indonesia,G4,26
Indonesia,H1B,31
Indonesia,H4,5
Indonesia,I,8
Indonesia,J1,262
Indonesia,J2,20
Indonesia,K1,27
Indonesia,K2,7
Indonesia,L1,22
Indonesia,L2,19
Indonesia,M1,2
Indonesia,O1,8
Indonesia,O3,1
Indonesia,R1,1
Iran,A3,2
Iran,B1/B2,"1,056"
Iran,C1/D,1
Iran,E2,3
Iran,E3D,1
Iran,F1,126
Iran,F2,39
Iran,G1,6
Iran,G2,186
Iran,G4,4
Iran,H1B,6
Iran,H4,10
Iran,J1,123
Iran,J2,39
Iran,K1,49
Iran,K2,1
Iran,N8,1
Iran,O1,4
Iran,O2,1
Iran,O3,4
Iran,TD,2
Iraq,A1,15
Iraq,A2,53
Iraq,B1,2
Iraq,B1/B2,619
Iraq,C2,1
Iraq,F1,11
Iraq,F2,1
Iraq,G2,42
Iraq,G4,1
Iraq,H1B,4
Iraq,H4,1
Iraq,I,4
Iraq,J1,16
Iraq,J2,9
Iraq,K1,69
Iraq,L1,5
Iraq,L2,9
Iraq,M1,1
Iraq,O2,1
Ireland,A2,24
Ireland,B1,2
Ireland,B1/B2,238
Ireland,C1/D,88
Ireland,E1,1
Ireland,E2,26
Ireland,F1,26
Ireland,G1,1
Ireland,G2,15
Ireland,G3,1
Ireland,G4,14
Ireland,H1B,37
Ireland,H2A,1
Ireland,H2B,40
Ireland,H4,10
Ireland,I,19
Ireland,J1,131
Ireland,J2,2
Ireland,K1,9
Ireland,L1,86
Ireland,L2,23
Ireland,O1,28
Ireland,O2,22
Ireland,O3,1
Ireland,P1,8
Ireland,P3,15
Israel,A1,3
Israel,A2,173
Israel,B1/B2,"2,167"
Israel,B2,5
Israel,C1/D,64
Israel,C3,1
Israel,E1,14
Israel,E2,60
Israel,F1,209
Israel,F2,2
Israel,G1,4
Israel,G2,5
Israel,G4,2
Israel,H1B,33
Israel,H4,32
Israel,I,7
Israel,J1,63
Israel,J2,40
Israel,K1,2
Israel,L1,83
Israel,L2,165
Israel,M1,9
Israel,M2,1
Israel,O1,34
Israel,O2,31
Israel,O3,21
Israel,P1,12
Israel,P3,2
Israel,R1,9
Israel,R2,14
Italy,A1,3
Italy,A2,23
Italy,A3,1
Italy,B1,4
Italy,B1/B2,"1,182"
Italy,C1/D,308
Italy,E1,25
Italy,E2,158
Italy,F1,185
Italy,F2,7
Italy,G1,4
Italy,G2,39
Italy,G3,7
Italy,G4,53
Italy,H1B,73
Italy,H2A,4
Italy,H2B,31
Italy,H3,1
Italy,H4,16
Italy,I,44
Italy,J1,426
Italy,J2,26
Italy,K1,15
Italy,L1,142
Italy,L2,44
Italy,M1,12
Italy,NATO2,69
Italy,NATO4,5
Italy,NATO6,3
Italy,O1,62
Italy,O2,25
Italy,O3,11
Italy,P1,41
Italy,P3,2
Italy,P4,3
Italy,Q1,25
Italy,R1,9
Italy,R2,6
Italy,U2,1
Jamaica,A2,12
Jamaica,B1,41
Jamaica,B1/B2,"5,041"
Jamaica,B2,2
Jamaica,BBBCC,1
Jamaica,C1,17
Jamaica,C1/D,88
Jamaica,C3,19
Jamaica,E2,1
Jamaica,F1,28
Jamaica,F2,4
Jamaica,G1,1
Jamaica,G2,7
Jamaica,G4,2
Jamaica,H1B,38
Jamaica,H2A,163
Jamaica,H2B,"1,001"
Jamaica,H4,30
Jamaica,J1,50
Jamaica,J2,44
Jamaica,K1,95
Jamaica,K2,17
Jamaica,L1,4
Jamaica,M1,2
Jamaica,O1,2
Jamaica,O2,3
Jamaica,P1,11
Jamaica,P3,11
Jamaica,Q1,2
Japan,A1,13
Japan,A2,838
Japan,B1,27
Japan,B1/B2,726
Japan,C1,2
Japan,C1/D,498
Japan,C3,28
Japan,E1,84
Japan,E2,"1,132"
Japan,E3D,1
Japan,F1,209
Japan,F2,33
Japan,G1,7
Japan,G2,29
Japan,G4,14
Japan,H1B,45
Japan,H3,1
Japan,H4,14
Japan,I,132
Japan,J1,247
Japan,J2,132
Japan,K1,35
Japan,K2,2
Japan,L1,236
Japan,L2,254
Japan,M1,36
Japan,O1,31
Japan,O2,44
Japan,O3,5
Japan,P1,59
Japan,P3,56
Japan,P4,2
Japan,Q1,45
Japan,R1,14
Japan,R2,2
Japan,TD,1
Jordan,A2,173
Jordan,B1,4
Jordan,B1/B2,"2,731"
Jordan,C1/D,25
Jordan,E2,5
Jordan,F1,34
Jordan,F2,18
Jordan,G2,4
Jordan,G4,11
Jordan,H1B,34
Jordan,H4,24
Jordan,I,8
Jordan,J1,69
Jordan,J2,8
Jordan,K1,7
Jordan,L1,4
Jordan,L2,2
Jordan,M1,1
Jordan,O1,4
Jordan,O3,1
Kazakhstan,A1,7
Kazakhstan,A2,21
Kazakhstan,B1,2
Kazakhstan,B1/B2,"2,332"
Kazakhstan,C1/D,16
Kazakhstan,D,3
Kazakhstan,E2,7
Kazakhstan,F1,56
Kazakhstan,F2,17
Kazakhstan,G2,10
Kazakhstan,G4,2
Kazakhstan,H1B,14
Kazakhstan,H4,9
Kazakhstan,I,2
Kazakhstan,J1,52
Kazakhstan,J2,12
Kazakhstan,K1,6
Kazakhstan,K2,2
Kazakhstan,L1,9
Kazakhstan,L2,15
Kazakhstan,O1,4
Kazakhstan,P1,10
Kazakhstan,P4,1
Kenya,A1,11
Kenya,A2,36
Kenya,A3,1
Kenya,B1,44
Kenya,B1/B2,"1,238"
Kenya,B2,62
Kenya,C1,4
Kenya,C1/D,182
Kenya,C3,3
Kenya,F1,73
Kenya,F2,9
Kenya,G1,1
Kenya,G2,79
Kenya,G3,1
Kenya,G4,26
Kenya,G5,3
Kenya,H1B,34
Kenya,H4,49
Kenya,I,7
Kenya,J1,34
Kenya,J2,5
Kenya,K1,25
Kenya,K2,4
Kenya,L1,5
Kenya,L2,1
Kenya,O1,3
Kenya,P1,1
Kenya,P4,1
Kenya,R1,5
Kenya,R2,5
Kenya,U3,1
Kiribati,A2,2
Kiribati,B1/B2,1
Kiribati,J1,1
Kiribati,R1,1
"Korea, North",G3,15
"Korea, South",A1,1
"Korea, South",A2,224
"Korea, South",B1/B2,970
"Korea, South",C1/D,385
"Korea, South",C3,4
"Korea, South",CW1,2
"Korea, South",CW2,1
"Korea, South",E1,5
"Korea, South",E2,353
"Korea, South",E2C,2
"Korea, South",F1,236
"Korea, South",F2,29
"Korea, South",G1,3
"Korea, South",G2,12
"Korea, South",G4,18
"Korea, South",H1B,161
"Korea, South",H2B,2
"Korea, South",H4,60
"Korea, South",I,10
"Korea, South",J1,330
"Korea, South",J2,105
"Korea, South",K1,21
"Korea, South",L1,164
"Korea, South",L2,136
"Korea, South",M1,4
"Korea, South",O1,45
"Korea, South",O2,143
"Korea, South",O3,14
"Korea, South",P1,44
"Korea, South",P3,30
"Korea, South",P4,1
"Korea, South",R1,19
"Korea, South",R2,23
"Korea, South",TD,2
Kosovo,A1,3
Kosovo,A2,12
Kosovo,B1/B2,512
Kosovo,C1,1
Kosovo,C1/D,1
Kosovo,E2,1
Kosovo,F1,4
Kosovo,G2,11
Kosovo,G4,7
Kosovo,H1B,3
Kosovo,H4,4
Kosovo,I,2
Kosovo,J1,2
Kosovo,K1,7
Kosovo,P3,1
Kuwait,A1,1
Kuwait,A2,41
Kuwait,B1/B2,915
Kuwait,C1/D,18
Kuwait,F1,152
Kuwait,F2,2
Kuwait,G2,5
Kuwait,G4,3
Kuwait,H1B,2
Kuwait,J1,4
Kuwait,O3,3
Kyrgyzstan,A1,4
Kyrgyzstan,A2,18
Kyrgyzstan,B1,1
Kyrgyzstan,B1/B2,766
Kyrgyzstan,C1,18
Kyrgyzstan,D,20
Kyrgyzstan,F1,101
Kyrgyzstan,F2,3
Kyrgyzstan,G2,25
Kyrgyzstan,G4,2
Kyrgyzstan,H1B,2
Kyrgyzstan,H4,1
Kyrgyzstan,J1,7
Kyrgyzstan,K1,5
Kyrgyzstan,L1,2
Kyrgyzstan,L2,2
Kyrgyzstan,M1,2
Kyrgyzstan,P1,4
Laos,A1,7
Laos,A2,2
Laos,B1/B2,66
Laos,F1,3
Laos,G1,7
Laos,G2,46
Laos,G4,1
Laos,J1,1
Laos,K1,78
Laos,K2,2
Laos,P3,2
Laos,R1,1
Laos,T3,1
Latvia,A1,2
Latvia,A2,16
Latvia,B1/B2,56
Latvia,C1/D,71
Latvia,C3,1
Latvia,E2,2
Latvia,F1,7
Latvia,G1,1
Latvia,G2,6
Latvia,G3,1
Latvia,G4,2
Latvia,H1B,1
Latvia,H2B,1
Latvia,I,1
Latvia,J1,8
Latvia,J2,2
Latvia,L1,4
Latvia,L2,3
Latvia,NATO2,12
Latvia,NATO6,3
Latvia,O1,2
Latvia,P1,2
Latvia,P3,1
Lebanon,A1,3
Lebanon,A2,13
Lebanon,B1/B2,"1,327"
Lebanon,B2,2
Lebanon,C1,1
Lebanon,C1/D,20
Lebanon,E2,1
Lebanon,E3D,1
Lebanon,F1,8
Lebanon,G2,2
Lebanon,G4,4
Lebanon,G5,1
Lebanon,H1B,16
Lebanon,H4,4
Lebanon,I,9
Lebanon,J1,65
Lebanon,J2,7
Lebanon,K1,21
Lebanon,K2,5
Lebanon,L1,3
Lebanon,L2,1
Lebanon,M1,1
Lebanon,O1,4
Lebanon,O2,9
Lebanon,P3,14
Lebanon,R1,1
Lebanon,R2,1
Lesotho,A1,7
Lesotho,A2,21
Lesotho,B1/B2,15
Lesotho,C1,1
Lesotho,G1,1
Lesotho,G2,12
Lesotho,G4,3
Lesotho,H1B,1
Lesotho,H2A,1
Lesotho,H4,1
Lesotho,J1,1
Lesotho,R1,1
Liberia,A1,2
Liberia,A2,28
Liberia,B1/B2,54
Liberia,C1/D,1
Liberia,F1,2
Liberia,G1,6
Liberia,G2,32
Liberia,G4,2
Liberia,I,2
Liberia,J1,2
Liberia,K1,21
Liberia,K2,3
Libya,A1,13
Libya,A2,24
Libya,B1/B2,326
Libya,F1,6
Libya,F2,1
Libya,G1,5
Libya,G2,42
Libya,G4,2
Libya,H1B,2
Libya,H4,4
Libya,I,1
Libya,J1,4
Libya,L1,1
Libya,R2,4
Liechtenstein,B1/B2,1
Liechtenstein,C1/D,1
Liechtenstein,G4,1
Lithuania,A1,8
Lithuania,A2,19
Lithuania,B1,9
Lithuania,B1/B2,53
Lithuania,C1/D,23
Lithuania,E2,11
Lithuania,F1,7
Lithuania,F2,2
Lithuania,G2,2
Lithuania,H1B,2
Lithuania,H2A,1
Lithuania,H2B,9
Lithuania,J1,12
Lithuania,J2,3
Lithuania,K1,3
Lithuania,L1,6
Lithuania,L2,6
Lithuania,NATO2,18
Lithuania,O1,2
Luxembourg,B1/B2,13
Luxembourg,C1/D,5
Luxembourg,F1,2
Luxembourg,G2,6
Luxembourg,G4,2
Luxembourg,I,4
Luxembourg,J1,4
Luxembourg,L1,2
Macau S.A.R.,B1/B2,175
Macau S.A.R.,C1/D,1
Macau S.A.R.,E2,1
Macau S.A.R.,F1,2
Macau S.A.R.,H1B,4
Macau S.A.R.,L1,1
Macau S.A.R.,P1,1
Madagascar,A1,5
Madagascar,A2,7
Madagascar,B1,1
Madagascar,B1/B2,85
Madagascar,C1,4
Madagascar,C1/D,112
Madagascar,C2,6
Madagascar,C3,1
Madagascar,F1,2
Madagascar,G2,34
Madagascar,G4,11
Madagascar,H1B,1
Madagascar,J1,15
Madagascar,K1,1
Madagascar,O1,3
Madagascar,O3,3
Madagascar,R1,2
Madagascar,R2,1
Malawi,A2,19
Malawi,B1/B2,143
Malawi,C1/D,5
Malawi,F1,4
Malawi,G1,4
Malawi,G2,32
Malawi,G4,12
Malawi,H1B,1
Malawi,I,1
Malawi,J1,1
Malawi,K1,1
Malawi,L1,1
Malawi,L2,4
Malawi,Q1,1
Malawi,R1,1
Malaysia,A1,5
Malaysia,A2,128
Malaysia,B1,25
Malaysia,B1/B2,"2,290"
Malaysia,C1,5
Malaysia,C1/D,179
Malaysia,F1,24
Malaysia,F2,1
Malaysia,G1,3
Malaysia,G2,21
Malaysia,G4,5
Malaysia,H1B,24
Malaysia,H3,3
Malaysia,H4,1
Malaysia,I,2
Malaysia,J1,295
Malaysia,J2,11
Malaysia,K1,9
Malaysia,L1,42
Malaysia,L2,19
Malaysia,M1,1
Malaysia,O1,7
Malaysia,O2,2
Malaysia,O3,2
Malaysia,R1,2
Malaysia,TD,1
Maldives,A1,1
Maldives,A2,15
Maldives,B1/B2,8
Maldives,G2,9
Maldives,G4,1
Mali,A2,4
Mali,B1/B2,216
Mali,F1,7
Mali,G1,2
Mali,G2,10
Mali,G4,6
Mali,H1B,1
Mali,I,2
Mali,J1,6
Mali,K1,1
Malta,B1,1
Malta,B1/B2,17
Malta,C1/D,6
Malta,F1,2
Malta,G2,7
Malta,H1B,1
Malta,I,3
Malta,J1,3
Malta,O1,1
Malta,O2,1
Marshall Islands,B1/B2,2
Marshall Islands,C3,1
Mauritania,A1,4
Mauritania,A2,5
Mauritania,A3,2
Mauritania,B1/B2,90
Mauritania,F1,2
Mauritania,G1,1
Mauritania,G2,14
Mauritania,G4,6
Mauritania,I,4
Mauritania,J1,2
Mauritius,A2,6
Mauritius,B1/B2,147
Mauritius,BBBCC,1
Mauritius,C1,1
Mauritius,C1/D,56
Mauritius,F1,1
Mauritius,G2,2
Mauritius,G4,2
Mauritius,H1B,4
Mauritius,H2B,16
Mauritius,J1,5
Mauritius,J2,1
Mauritius,K1,1
Mauritius,L1,2
Mexico,A1,26
Mexico,A2,190
Mexico,B1,545
Mexico,B1/B2,"1,604"
Mexico,B2,7
Mexico,BBBCC,"183,926"
Mexico,BBBCV,"2,883"
Mexico,C1,9
Mexico,C1/D,319
Mexico,D,1
Mexico,E1,41
Mexico,E2,103
Mexico,F1,193
Mexico,F2,30
Mexico,G1,1
Mexico,G2,11
Mexico,G4,38
Mexico,H1B,200
Mexico,H2A,"19,524"
Mexico,H2B,"6,114"
Mexico,H3,18
Mexico,H4,335
Mexico,I,47
Mexico,J1,346
Mexico,J2,25
Mexico,K1,328
Mexico,K2,62
Mexico,L1,303
Mexico,L2,315
Mexico,M1,40
Mexico,O1,60
Mexico,O2,219
Mexico,O3,31
Mexico,P1,553
Mexico,P2,1
Mexico,P3,137
Mexico,P4,25
Mexico,Q1,27
Mexico,R1,33
Mexico,R2,8
Mexico,T2,2
Mexico,T3,5
Mexico,TD,730
Mexico,TN,"1,007"
Mexico,U1,6
Mexico,U2,2
Mexico,U3,35
Mexico,U4,2
Mexico,U5,1
"Micronesia, Federated States of",J1,9
Moldova,A1,1
Moldova,A2,34
Moldova,B1,1
Moldova,B1/B2,253
Moldova,C1/D,6
Moldova,F1,2
Moldova,G2,10
Moldova,G4,3
Moldova,H1B,2
Moldova,H4,2
Moldova,J1,19
Moldova,K1,1
Moldova,L1,3
Moldova,P1,2
Moldova,P3,8
Mongolia,A1,1
Mongolia,A2,30
Mongolia,B1,1
Mongolia,B1/B2,"1,284"
Mongolia,C1,4
Mongolia,C1/D,2
Mongolia,E2,1
Mongolia,F1,61
Mongolia,F2,20
Mongolia,G1,1
Mongolia,G2,33
Mongolia,G4,3
Mongolia,H1B,2
Mongolia,H2B,10
Mongolia,H4,4
Mongolia,I,11
Mongolia,J1,12
Mongolia,J2,2
Mongolia,K1,1
Mongolia,L2,3
Mongolia,M1,2
Mongolia,P1,3
Mongolia,P3,2
Mongolia,P4,2
Montenegro,A1,3
Montenegro,A2,2
Montenegro,B1,2
Montenegro,B1/B2,278
Montenegro,C1,1
Montenegro,C1/D,181
Montenegro,F1,1
Montenegro,G2,12
Montenegro,H1B,2
Montenegro,H2B,13
Montenegro,I,3
Montenegro,J1,3
Montenegro,L1,1
Montenegro,L2,1
Montenegro,R1,1
Morocco,A1,2
Morocco,A2,32
Morocco,A3,1
Morocco,B1,5
Morocco,B1/B2,"2,287"
Morocco,C1/D,62
Morocco,E2,2
Morocco,F1,38
Morocco,F2,1
Morocco,G1,3
Morocco,G2,33
Morocco,G4,15
Morocco,H1B,4
Morocco,H4,6
Morocco,I,6
Morocco,J1,25
Morocco,K1,86
Morocco,K2,2
Morocco,L1,4
Morocco,L2,2
Mozambique,A1,1
Mozambique,A2,9
Mozambique,B1,2
Mozambique,B1/B2,115
Mozambique,C1,2
Mozambique,F1,6
Mozambique,G1,6
Mozambique,G2,57
Mozambique,G4,19
Mozambique,H1B,2
Mozambique,H4,1
Mozambique,I,5
Mozambique,J1,10
Mozambique,K1,1
Mozambique,K2,1
Namibia,A1,1
Namibia,A2,10
Namibia,B1/B2,110
Namibia,C1/D,8
Namibia,F1,1
Namibia,F2,1
Namibia,G2,17
Namibia,H2B,1
Namibia,H4,3
Namibia,J1,10
Namibia,L2,1
Nauru,A1,1
Nauru,A2,8
Nauru,B1,2
Nauru,J1,1
Nepal,A1,8
Nepal,A2,21
Nepal,A3,13
Nepal,B1/B2,"2,091"
Nepal,C1,11
Nepal,C1/D,16
Nepal,C2,2
Nepal,C3,2
Nepal,CW1,1
Nepal,F1,762
Nepal,F2,34
Nepal,G4,19
Nepal,H1B,46
Nepal,H4,18
Nepal,I,2
Nepal,J1,30
Nepal,J2,12
Nepal,K1,4
Nepal,L1,11
Nepal,L2,4
Nepal,M1,4
Nepal,O2,4
Nepal,P1,4
Nepal,P3,2
Nepal,U1,1
Netherlands,A1,4
Netherlands,A2,27
Netherlands,B1,16
Netherlands,B1/B2,541
Netherlands,C1/D,144
Netherlands,E1,1
Netherlands,E2,44
Netherlands,E3D,1
Netherlands,F1,29
Netherlands,F2,7
Netherlands,G1,2
Netherlands,G2,9
Netherlands,G3,2
Netherlands,G4,6
Netherlands,H1B,14
Netherlands,H2A,1
Netherlands,H2B,4
Netherlands,H4,10
Netherlands,I,20
Netherlands,J1,80
Netherlands,J2,9
Netherlands,K1,18
Netherlands,L1,75
Netherlands,L2,28
Netherlands,M1,4
Netherlands,NATO2,6
Netherlands,NATO4,1
Netherlands,NATO6,38
Netherlands,O1,25
Netherlands,O2,19
Netherlands,O3,5
Netherlands,P1,23
New Zealand,A1,3
New Zealand,A2,50
New Zealand,B1,2
New Zealand,B1/B2,179
New Zealand,C1/D,62
New Zealand,C3,17
New Zealand,E1,2
New Zealand,E2,15
New Zealand,E3D,3
New Zealand,F1,17
New Zealand,G1,1
New Zealand,G2,7
New Zealand,G4,3
New Zealand,H1B,7
New Zealand,H2B,8
New Zealand,H4,4
New Zealand,I,7
New Zealand,J1,30
New Zealand,J2,3
New Zealand,K1,6
New Zealand,K2,1
New Zealand,L1,15
New Zealand,L2,11
New Zealand,M1,1
New Zealand,O1,15
New Zealand,O2,3
New Zealand,O3,1
New Zealand,P1,8
New Zealand,P3,7
New Zealand,R1,6
New Zealand,TD,1
New Zealand,U1,1
Nicaragua,A1,1
Nicaragua,B1,17
Nicaragua,B1/B2,813
Nicaragua,B2,1
Nicaragua,C1,3
Nicaragua,C1/D,16
Nicaragua,F1,5
Nicaragua,G2,1
Nicaragua,G4,1
Nicaragua,H1B,3
Nicaragua,H2A,10
Nicaragua,H2B,8
Nicaragua,H4,3
Nicaragua,J1,10
Nicaragua,J2,2
Nicaragua,K1,7
Nicaragua,K2,3
Nicaragua,L1,1
Nicaragua,R1,1
Niger,A1,4
Niger,A2,5
Niger,B1,3
Niger,B1/B2,60
Niger,B2,2
Niger,F1,4
Niger,G2,5
Niger,G4,12
Niger,H1B,1
Niger,J1,2
Niger,O2,4
Nigeria,A1,59
Nigeria,A2,91
Nigeria,A3,1
Nigeria,B1,8
Nigeria,B1/B2,"7,311"
Nigeria,C1,1
Nigeria,C1/D,16
Nigeria,C3,2
Nigeria,E2,1
Nigeria,F1,141
Nigeria,F2,33
Nigeria,G1,7
Nigeria,G2,125
Nigeria,G4,51
Nigeria,H1B,73
Nigeria,H4,46
Nigeria,I,15
Nigeria,J1,45
Nigeria,J2,13
Nigeria,K1,125
Nigeria,K2,11
Nigeria,L1,14
Nigeria,L2,9
Nigeria,M1,2
Nigeria,O1,8
Nigeria,O2,6
Nigeria,O3,7
Nigeria,P1,1
Nigeria,P3,3
Nigeria,P4,1
Nigeria,R1,9
Nigeria,R2,3
Nigeria,TD,2
*Non-Nationality Based Issuances,B1/B2,128
*Non-Nationality Based Issuances,B2,3
*Non-Nationality Based Issuances,C1,1
*Non-Nationality Based Issuances,C1/D,15
*Non-Nationality Based Issuances,F1,2
*Non-Nationality Based Issuances,G4,5
*Non-Nationality Based Issuances,I,1
*Non-Nationality Based Issuances,J1,2
*Non-Nationality Based Issuances,K1,2
*Non-Nationality Based Issuances,P1,2
*Non-Nationality Based Issuances,P3,2
*Non-Nationality Based Issuances,R1,1
North Macedonia,A1,4
North Macedonia,A2,10
North Macedonia,B1/B2,455
North Macedonia,C1/D,18
North Macedonia,F1,1
North Macedonia,G2,12
North Macedonia,G4,6
North Macedonia,H1B,3
North Macedonia,H2B,10
North Macedonia,H4,2
North Macedonia,I,2
North Macedonia,J1,4
North Macedonia,J2,1
North Macedonia,K1,5
North Macedonia,K2,2
North Macedonia,L1,2
North Macedonia,M1,1
North Macedonia,NATO2,9
North Macedonia,O1,1
North Macedonia,P3,1
North Macedonia,R1,1
North Macedonia,R2,3
Norway,A1,3
Norway,A2,20
Norway,B1,1
Norway,B1/B2,221
Norway,C1/D,70
Norway,E2,6
Norway,F1,14
Norway,G1,2
Norway,G2,21
Norway,G4,6
Norway,H1B,4
Norway,H2B,2
Norway,I,14
Norway,J1,15
Norway,J2,2
Norway,L1,17
Norway,L2,5
Norway,M1,3
Norway,NATO2,8
Norway,NATO6,1
Norway,O1,7
Norway,O2,1
Norway,P1,20
Norway,P3,2
Norway,P4,2
Norway,Q1,6
Oman,A1,1
Oman,A2,39
Oman,A3,1
Oman,B1/B2,218
Oman,C1/D,10
Oman,C3,1
Oman,F1,4
Oman,F2,1
Oman,G2,25
Oman,J1,4
Pakistan,A1,11
Pakistan,A2,78
Pakistan,A3,6
Pakistan,B1,8
Pakistan,B1/B2,"9,101"
Pakistan,C1,1
Pakistan,C1/D,28
Pakistan,C2,5
Pakistan,E1,5
Pakistan,E2,18
Pakistan,F1,120
Pakistan,F2,51
Pakistan,G1,4
Pakistan,G2,30
Pakistan,G4,22
Pakistan,H1B,136
Pakistan,H3,2
Pakistan,H4,119
Pakistan,I,31
Pakistan,J1,88
Pakistan,J2,20
Pakistan,K1,51
Pakistan,K2,1
Pakistan,L1,24
Pakistan,L2,41
Pakistan,O1,11
Pakistan,O3,1
Pakistan,P1,4
Pakistan,P3,4
Pakistan,P4,8
Pakistan,R1,3
Pakistan,R2,4
Pakistan,TD,4
Pakistan,U1,1
Palestinian Authority Travel Document,B1,81
Palestinian Authority Travel Document,B1/B2,"1,092"
Palestinian Authority Travel Document,D,1
Palestinian Authority Travel Document,F1,16
Palestinian Authority Travel Document,F2,12
Palestinian Authority Travel Document,G4,5
Palestinian Authority Travel Document,H1B,3
Palestinian Authority Travel Document,H4,3
Palestinian Authority Travel Document,I,2
Palestinian Authority Travel Document,J1,10
Palestinian Authority Travel Document,J2,6
Palestinian Authority Travel Document,K1,6
Palestinian Authority Travel Document,L1,1
Palestinian Authority Travel Document,O1,2
Palestinian Authority Travel Document,O3,2
Panama,A1,19
Panama,A2,55
Panama,A3,1
Panama,B1,6
Panama,B1/B2,"3,958"
Panama,C1,3
Panama,C1/D,78
Panama,F1,16
Panama,G1,1
Panama,H1B,9
Panama,H2B,85
Panama,H4,2
Panama,J1,15
Panama,K1,3
Panama,K2,2
Panama,L1,5
Panama,L2,3
Panama,M1,3
Panama,O2,1
Panama,P1,1
Panama,P4,3
Panama,R1,2
Panama,R2,1
Papua New Guinea,A1,7
Papua New Guinea,A2,4
Papua New Guinea,B1,1
Papua New Guinea,B1/B2,61
Papua New Guinea,C1,10
Papua New Guinea,C2,1
Papua New Guinea,D,1
Papua New Guinea,F1,3
Papua New Guinea,G2,36
Papua New Guinea,G4,2
Papua New Guinea,J1,5
Papua New Guinea,L1,1
Papua New Guinea,L2,2
Papua New Guinea,R1,2
Paraguay,A2,25
Paraguay,B1,6
Paraguay,B1/B2,736
Paraguay,B2,1
Paraguay,C1,1
Paraguay,C1/D,7
Paraguay,C3,1
Paraguay,F1,4
Paraguay,G2,11
Paraguay,G4,2
Paraguay,H1B,1
Paraguay,H2B,1
Paraguay,I,1
Paraguay,J1,224
Paraguay,K1,5
Paraguay,M1,1
Paraguay,O2,1
Peru,A1,6
Peru,A2,50
Peru,B1,52
Peru,B1/B2,"11,957"
Peru,C1,61
Peru,C1/D,199
Peru,C3,6
Peru,E1,1
Peru,E2,4
Peru,F1,91
Peru,F2,3
Peru,G1,1
Peru,G2,7
Peru,G4,23
Peru,G5,1
Peru,H1B,30
Peru,H2A,40
Peru,H2B,30
Peru,H3,1
Peru,H4,9
Peru,I,4
Peru,J1,"2,257"
Peru,J2,3
Peru,K1,23
Peru,K2,6
Peru,L1,20
Peru,L2,13
Peru,M1,3
Peru,O1,7
Peru,O2,1
Peru,P1,4
Peru,P3,7
Peru,R1,7
Peru,R2,1
Philippines,A1,8
Philippines,A2,205
Philippines,A3,43
Philippines,B1,377
Philippines,B1/B2,"11,293"
Philippines,B2,6
Philippines,C1,128
Philippines,C1/D,"8,967"
Philippines,C3,3
Philippines,C4/D3,3
Philippines,CW1,87
Philippines,CW2,32
Philippines,D,1
Philippines,E2,6
Philippines,E3D,1
Philippines,F1,26
Philippines,F2,6
Philippines,G1,4
Philippines,G2,9
Philippines,G4,23
Philippines,G5,2
Philippines,H1B,381
Philippines,H2B,294
Philippines,H3,3
Philippines,H4,222
Philippines,I,11
Philippines,J1,310
Philippines,J2,245
Philippines,K1,867
Philippines,K2,175
Philippines,L1,109
Philippines,L2,70
Philippines,O1,11
Philippines,O2,12
Philippines,P1,72
Philippines,R1,34
Philippines,R2,11
Philippines,T2,5
Philippines,T3,9
Philippines,T6,1
Philippines,TD,4
Poland,A1,3
Poland,A2,33
Poland,B1,2
Poland,B1/B2,574
Poland,C1/D,135
Poland,E1,2
Poland,E2,10
Poland,F1,25
Poland,F2,3
Poland,G1,1
Poland,G2,8
Poland,G3,3
Poland,G4,3
Poland,H1B,11
Poland,H2B,23
Poland,H4,2
Poland,I,20
Poland,J1,78
Poland,J2,11
Poland,K1,9
Poland,L1,50
Poland,L2,23
Poland,M1,1
Poland,NATO2,50
Poland,NATO4,1
Poland,NATO6,6
Poland,O1,10
Poland,O2,4
Poland,O3,4
Poland,P1,39
Poland,P3,21
Poland,P4,1
Poland,R1,2
Portugal,A1,4
Portugal,A2,2
Portugal,A3,1
Portugal,B1,4
Portugal,B1/B2,329
Portugal,C1/D,166
Portugal,E2,9
Portugal,F1,26
Portugal,G2,19
Portugal,G3,2
Portugal,G4,11
Portugal,H1B,24
Portugal,H2B,37
Portugal,H4,1
Portugal,I,5
Portugal,J1,47
Portugal,J2,1
Portugal,K1,4
Portugal,L1,29
Portugal,L2,11
Portugal,M1,4
Portugal,NATO2,12
Portugal,NATO4,3
Portugal,O1,14
Portugal,O2,3
Portugal,O3,8
Portugal,P1,9
Portugal,P3,2
Portugal,P4,2
Qatar,A1,14
Qatar,A2,91
Qatar,B1/B2,636
Qatar,C1/D,4
Qatar,F1,6
Qatar,G2,19
Qatar,I,1
Qatar,J1,5
Qatar,L1,1
Romania,A1,1
Romania,A2,25
Romania,B1,32
Romania,B1/B2,"10,378"
Romania,C1,1
Romania,C1/D,314
Romania,C4/D3,1
Romania,E2,3
Romania,F1,6
Romania,G2,28
Romania,G3,1
Romania,G4,4
Romania,G5,1
Romania,H1B,7
Romania,H2A,56
Romania,H2B,170
Romania,H4,2
Romania,I,14
Romania,J1,39
Romania,J2,1
Romania,K1,7
Romania,L1,19
Romania,L2,5
Romania,M1,1
Romania,NATO2,20
Romania,NATO4,4
Romania,NATO5,1
Romania,NATO6,5
Romania,O1,8
Romania,O2,2
Romania,O3,2
Romania,P3,29
Romania,R1,1
Romania,R2,1
Russia,A1,15
Russia,A2,108
Russia,B1,3
Russia,B1/B2,"3,449"
Russia,B2,7
Russia,C1/D,260
Russia,C2,21
Russia,E2,2
Russia,F1,94
Russia,F2,11
Russia,G2,72
Russia,G4,23
Russia,H1B,34
Russia,H4,15
Russia,I,4
Russia,J1,17
Russia,J2,10
Russia,K1,51
Russia,K2,6
Russia,L1,52
Russia,L2,55
Russia,M1,6
Russia,O1,37
Russia,O2,1
Russia,O3,21
Russia,P1,15
Russia,P3,3
Russia,P4,1
Russia,TD,1
Rwanda,A1,3
Rwanda,A2,30
Rwanda,B1,1
Rwanda,B1/B2,161
Rwanda,C1/D,1
Rwanda,F1,31
Rwanda,G4,6
Rwanda,H1B,9
Rwanda,H4,1
Rwanda,J1,10
Rwanda,K1,26
Rwanda,P2,1
Saint Kitts and Nevis,B1/B2,280
Saint Kitts and Nevis,B2,3
Saint Kitts and Nevis,F1,7
Saint Kitts and Nevis,F2,3
Saint Kitts and Nevis,H1B,1
Saint Lucia,A1,2
Saint Lucia,B1,1
Saint Lucia,B1/B2,330
Saint Lucia,B2,4
Saint Lucia,C1/D,22
Saint Lucia,C3,1
Saint Lucia,F1,3
Saint Lucia,G2,1
Saint Lucia,G4,2
Saint Lucia,J1,1
Saint Lucia,J2,1
Saint Lucia,M1,1
Saint Lucia,P3,1
Saint Lucia,TD,1
Saint Vincent and the Grenadines,B1,9
Saint Vincent and the Grenadines,B1/B2,168
Saint Vincent and the Grenadines,B2,1
Saint Vincent and the Grenadines,C1,1
Saint Vincent and the Grenadines,C1/D,9
Saint Vincent and the Grenadines,F1,13
Saint Vincent and the Grenadines,G4,1
Saint Vincent and the Grenadines,H4,1
Saint Vincent and the Grenadines,K1,1
Saint Vincent and the Grenadines,L1,1
Saint Vincent and the Grenadines,M1,1
Samoa,A2,1
Samoa,B1/B2,108
Samoa,C1/D,10
Samoa,C3,4
Samoa,G2,1
Samoa,G4,1
Samoa,J1,2
Samoa,K1,1
Samoa,R1,6
San Marino,A1,3
San Marino,A2,2
San Marino,B1/B2,2
Sao Tome and Principe,A1,3
Sao Tome and Principe,A2,1
Sao Tome and Principe,G2,11
Sao Tome and Principe,G4,1
Saudi Arabia,A1,42
Saudi Arabia,A2,533
Saudi Arabia,A3,6
Saudi Arabia,B1,2
Saudi Arabia,B1/B2,"5,051"
Saudi Arabia,D,56
Saudi Arabia,F1,239
Saudi Arabia,F2,85
Saudi Arabia,G1,3
Saudi Arabia,G2,77
Saudi Arabia,G4,13
Saudi Arabia,H1B,9
Saudi Arabia,H4,5
Saudi Arabia,J1,24
Saudi Arabia,J2,8
Saudi Arabia,L1,5
Saudi Arabia,L2,17
Saudi Arabia,M1,52
Saudi Arabia,O1,2
Senegal,A1,4
Senegal,A2,39
Senegal,B1/B2,611
Senegal,B2,1
Senegal,C3,2
Senegal,F1,15
Senegal,F2,1
Senegal,G1,1
Senegal,G2,37
Senegal,G4,11
Senegal,G5,1
Senegal,H1B,3
Senegal,J1,10
Senegal,J2,1
Senegal,K1,8
Senegal,O2,1
Senegal,P1,1
Senegal,Q1,1
Senegal,R1,1
Senegal,TD,1
Serbia,A1,2
Serbia,A2,5
Serbia,A3,3
Serbia,B1,9
Serbia,B1/B2,"1,386"
Serbia,C1/D,137
Serbia,C3,1
Serbia,E2,10
Serbia,F1,32
Serbia,F2,1
Serbia,G2,9
Serbia,G4,6
Serbia,H1B,23
Serbia,H2B,29
Serbia,H4,6
Serbia,I,14
Serbia,J1,27
Serbia,J2,2
Serbia,L1,13
Serbia,L2,6
Serbia,O1,7
Serbia,O2,1
Serbia,O3,3
Serbia,P1,3
Serbia,P3,1
Serbia,P4,1
Serbia,R1,1
Serbia,R2,4
Serbia,TD,1
Seychelles,A2,1
Seychelles,B1/B2,14
Seychelles,C1/D,1
Seychelles,G2,3
Sierra Leone,A1,1
Sierra Leone,A2,43
Sierra Leone,B1/B2,106
Sierra Leone,B2,11
Sierra Leone,F1,5
Sierra Leone,G1,1
Sierra Leone,G2,101
Sierra Leone,G4,11
Sierra Leone,J1,5
Sierra Leone,J2,3
Sierra Leone,K1,24
Sierra Leone,K2,5
Singapore,A1,1
Singapore,A2,102
Singapore,B1,8
Singapore,B1/B2,76
Singapore,C1/D,145
Singapore,E2,4
Singapore,F1,35
Singapore,F2,6
Singapore,G2,5
Singapore,G4,4
Singapore,H1B,31
Singapore,H1B1,67
Singapore,H4,19
Singapore,I,4
Singapore,J1,22
Singapore,J2,2
Singapore,K1,8
Singapore,L1,45
Singapore,L2,32
Singapore,M1,1
Singapore,O1,6
Singapore,O3,4
Singapore,P1,3
Singapore,Q1,1
Singapore,R1,2
Singapore,R2,1
Slovakia,A1,2
Slovakia,A2,3
Slovakia,B1,16
Slovakia,B1/B2,67
Slovakia,C1/D,10
Slovakia,E2,3
Slovakia,F1,2
Slovakia,G2,9
Slovakia,G3,1
Slovakia,G4,1
Slovakia,H1B,4
Slovakia,H4,1
Slovakia,I,7
Slovakia,J1,15
Slovakia,J2,1
Slovakia,L1,5
Slovakia,L2,5
Slovakia,NATO2,12
Slovakia,O1,2
Slovakia,O2,1
Slovakia,P1,1
Slovakia,R1,1
Slovakia,TD,1
Slovenia,A2,2
Slovenia,B1,2
Slovenia,B1/B2,49
Slovenia,C1/D,6
Slovenia,E2,3
Slovenia,F1,7
Slovenia,G2,7
Slovenia,G4,5
Slovenia,H1B,4
Slovenia,H4,1
Slovenia,I,1
Slovenia,J1,12
Slovenia,K1,1
Slovenia,L1,6
Slovenia,L2,4
Slovenia,NATO2,8
Slovenia,NATO4,1
Slovenia,O1,3
Slovenia,O2,2
Slovenia,P1,3
Solomon Islands,A1,5
Solomon Islands,A2,1
Solomon Islands,B1/B2,4
Solomon Islands,G2,1
Solomon Islands,J1,7
Somalia,A1,2
Somalia,A2,8
Somalia,B1,2
Somalia,B1/B2,5
Somalia,F1,5
Somalia,G1,1
Somalia,G2,9
Somalia,G4,3
Somalia,K1,5
South Africa,A1,11
South Africa,A2,37
South Africa,A3,1
South Africa,B1,15
South Africa,B1/B2,"3,665"
South Africa,B2,1
South Africa,C1,3
South Africa,C1/D,357
South Africa,F1,33
South Africa,F2,3
South Africa,G2,27
South Africa,G4,26
South Africa,H1B,24
South Africa,H2A,401
South Africa,H2B,849
South Africa,H4,42
South Africa,I,2
South Africa,J1,183
South Africa,K1,17
South Africa,K2,2
South Africa,L1,50
South Africa,L2,49
South Africa,M1,6
South Africa,O1,20
South Africa,O2,10
South Africa,O3,10
South Africa,P1,28
South Africa,R1,6
South Africa,R2,10
South Sudan,A1,5
South Sudan,B1,2
South Sudan,B1/B2,15
South Sudan,B2,3
South Sudan,C2,1
South Sudan,F1,8
South Sudan,G1,1
South Sudan,G2,68
South Sudan,G4,3
South Sudan,K1,4
South Sudan,O1,1
Spain,A1,4
Spain,A2,37
Spain,A3,1
Spain,B1,6
Spain,B1/B2,"1,751"
Spain,B2,23
Spain,C1,2
Spain,C1/D,305
Spain,E1,17
Spain,E2,120
Spain,F1,95
Spain,F2,1
Spain,G1,5
Spain,G2,47
Spain,G3,4
Spain,G4,47
Spain,H1B,89
Spain,H2B,4
Spain,H3,1
Spain,H4,14
Spain,I,52
Spain,J1,244
Spain,J2,17
Spain,K1,5
Spain,L1,85
Spain,L2,58
Spain,NATO2,6
Spain,O1,64
Spain,O2,36
Spain,O3,19
Spain,P1,26
Spain,P3,15
Spain,P4,1
Spain,Q1,3
Spain,R1,4
Spain,R2,6
Spain,TD,1
Sri Lanka,A1,3
Sri Lanka,A2,19
Sri Lanka,A3,4
Sri Lanka,B1,4
Sri Lanka,B1/B2,834
Sri Lanka,C1,12
Sri Lanka,C1/D,51
Sri Lanka,C2,1
Sri Lanka,E2,1
Sri Lanka,F1,22
Sri Lanka,F2,10
Sri Lanka,G1,11
Sri Lanka,G2,10
Sri Lanka,G4,18
Sri Lanka,H1B,8
Sri Lanka,H4,3
Sri Lanka,I,1
Sri Lanka,J1,6
Sri Lanka,J2,7
Sri Lanka,K1,5
Sri Lanka,L1,8
Sri Lanka,L2,10
Sri Lanka,M1,1
Sri Lanka,O1,2
Sri Lanka,O2,1
Sri Lanka,O3,3
Sri Lanka,P3,1
Sri Lanka,R1,4
Sri Lanka,TD,2
Sudan,A1,22
Sudan,A2,7
Sudan,A3,6
Sudan,B1,11
Sudan,B1/B2,304
Sudan,C1,1
Sudan,D,2
Sudan,F1,6
Sudan,F2,1
Sudan,G1,4
Sudan,G2,33
Sudan,G4,11
Sudan,H1B,4
Sudan,H4,4
Sudan,I,4
Sudan,J1,6
Sudan,J2,4
Sudan,K1,3
Sudan,L2,1
Suriname,A2,15
Suriname,B1/B2,592
Suriname,C3,8
Suriname,E2,1
Suriname,G2,1
Suriname,G4,1
Suriname,J1,2
Suriname,L1,1
Sweden,A1,2
Sweden,A2,142
Sweden,B1,6
Sweden,B1/B2,487
Sweden,B2,1
Sweden,C1/D,52
Sweden,E1,6
Sweden,E2,28
Sweden,E3D,1
Sweden,F1,36
Sweden,F2,2
Sweden,G1,1
Sweden,G2,14
Sweden,G3,1
Sweden,G4,6
Sweden,H1B,7
Sweden,H2A,2
Sweden,H2B,1
Sweden,H4,5
Sweden,I,30
Sweden,J1,95
Sweden,J2,10
Sweden,K1,11
Sweden,L1,38
Sweden,L2,33
Sweden,NATO6,1
Sweden,O1,25
Sweden,O2,25
Sweden,O3,4
Sweden,P1,48
Sweden,P3,4
Sweden,P4,5
Sweden,R1,2
Sweden,R2,1
Switzerland,A2,19
Switzerland,A3,1
Switzerland,B1,7
Switzerland,B1/B2,311
Switzerland,B2,2
Switzerland,C1/D,83
Switzerland,E2,12
Switzerland,F1,37
Switzerland,G1,1
Switzerland,G2,3
Switzerland,G4,14
Switzerland,H1B,9
Switzerland,H3,2
Switzerland,H4,1
Switzerland,I,11
Switzerland,J1,44
Switzerland,J2,2
Switzerland,K1,1
Switzerland,L1,30
Switzerland,L2,16
Switzerland,M1,1
Switzerland,NATO2,1
Switzerland,O1,11
Switzerland,O2,1
Switzerland,O3,1
Switzerland,P1,12
Switzerland,R1,1
Syria,B1,4
Syria,B1/B2,381
Syria,F1,7
Syria,F2,3
Syria,G1,1
Syria,G2,5
Syria,G4,3
Syria,H1B,4
Syria,H4,1
Syria,I,4
Syria,J1,13
Syria,J2,2
Syria,K1,38
Syria,K2,1
Syria,L2,1
Syria,O1,1
Syria,O2,3
Syria,P3,4
Taiwan,B1,2
Taiwan,B1/B2,722
Taiwan,C1,3
Taiwan,C1/D,273
Taiwan,E1,16
Taiwan,E2,245
Taiwan,E3D,1
Taiwan,F1,120
Taiwan,F2,4
Taiwan,H1B,125
Taiwan,H3,1
Taiwan,H4,31
Taiwan,I,7
Taiwan,J1,66
Taiwan,J2,14
Taiwan,K1,6
Taiwan,K2,2
Taiwan,L1,107
Taiwan,L2,57
Taiwan,M1,4
Taiwan,O1,18
Taiwan,O2,10
Taiwan,O3,3
Taiwan,P1,27
Taiwan,P3,8
Taiwan,R1,9
Taiwan,R2,2
Tajikistan,A1,4
Tajikistan,A2,9
Tajikistan,B1/B2,149
Tajikistan,C1,1
Tajikistan,D,15
Tajikistan,F1,3
Tajikistan,G1,6
Tajikistan,G2,33
Tajikistan,G4,1
Tajikistan,H1B,1
Tajikistan,J1,2
Tajikistan,K1,4
Tajikistan,O1,1
Tajikistan,O3,2
Tajikistan,P1,1
Tanzania,A1,17
Tanzania,A2,40
Tanzania,A3,1
Tanzania,B1,10
Tanzania,B1/B2,576
Tanzania,C1/D,16
Tanzania,C2,3
Tanzania,F1,12
Tanzania,F2,5
Tanzania,G1,7
Tanzania,G2,61
Tanzania,G4,14
Tanzania,H1B,3
Tanzania,J1,4
Tanzania,J2,1
Tanzania,K1,3
Tanzania,L1,2
Tanzania,L2,3
Tanzania,O2,1
Tanzania,P4,1
Tanzania,R1,4
Thailand,A1,1
Thailand,A2,293
Thailand,A3,5
Thailand,B1,30
Thailand,B1/B2,"3,126"
Thailand,B2,47
Thailand,C1,5
Thailand,C1/D,320
Thailand,C3,7
Thailand,CW1,1
Thailand,E1,3
Thailand,E2,49
Thailand,F1,122
Thailand,F2,4
Thailand,G2,54
Thailand,G4,8
Thailand,H1B,24
Thailand,H2A,2
Thailand,H2B,3
Thailand,H4,2
Thailand,I,23
Thailand,J1,54
Thailand,J2,6
Thailand,K1,80
Thailand,K2,10
Thailand,L1,14
Thailand,L2,3
Thailand,M1,1
Thailand,O1,4
Thailand,O2,1
Thailand,O3,1
Thailand,P1,6
Thailand,P3,2
Thailand,R1,2
Timor-Leste,A2,13
Timor-Leste,B1/B2,8
Timor-Leste,G2,5
Timor-Leste,J1,3
Togo,A1,5
Togo,A2,2
Togo,B1/B2,136
Togo,C3,2
Togo,F1,3
Togo,G1,5
Togo,G2,30
Togo,G4,5
Togo,J1,2
Togo,K1,32
Tonga,A2,4
Tonga,B1/B2,124
Tonga,C3,1
Tonga,F2,5
Tonga,G1,1
Tonga,G2,3
Tonga,G4,1
Tonga,J1,2
Tonga,R1,19
Trinidad and Tobago,A1,1
Trinidad and Tobago,A2,13
Trinidad and Tobago,B1/B2,"3,898"
Trinidad and Tobago,C1,4
Trinidad and Tobago,C1/D,43
Trinidad and Tobago,C3,3
Trinidad and Tobago,F1,14
Trinidad and Tobago,F2,2
Trinidad and Tobago,G1,1
Trinidad and Tobago,G2,2
Trinidad and Tobago,G4,1
Trinidad and Tobago,H1B,13
Trinidad and Tobago,H4,6
Trinidad and Tobago,J1,2
Trinidad and Tobago,K1,3
Trinidad and Tobago,L1,12
Trinidad and Tobago,L2,9
Trinidad and Tobago,M1,1
Trinidad and Tobago,O1,2
Trinidad and Tobago,O2,3
Trinidad and Tobago,P1,12
Trinidad and Tobago,P3,34
Tunisia,A1,8
Tunisia,A2,26
Tunisia,A3,1
Tunisia,B1,1
Tunisia,B1/B2,804
Tunisia,B2,1
Tunisia,C1/D,41
Tunisia,E2,2
Tunisia,F1,5
Tunisia,F2,2
Tunisia,G1,6
Tunisia,G2,5
Tunisia,G4,12
Tunisia,H1B,7
Tunisia,H4,2
Tunisia,I,2
Tunisia,J1,18
Tunisia,J2,1
Tunisia,K1,6
Tunisia,L1,1
Tunisia,L2,1
Tunisia,O1,2
Tunisia,O2,1
Turkey,A1,20
Turkey,A2,75
Turkey,A3,1
Turkey,B1,8
Turkey,B1/B2,"9,736"
Turkey,C1/D,444
Turkey,E1,11
Turkey,E2,66
Turkey,F1,151
Turkey,F2,11
Turkey,G1,10
Turkey,G2,147
Turkey,G4,16
Turkey,H1B,85
Turkey,H2B,48
Turkey,H4,40
Turkey,I,26
Turkey,J1,141
Turkey,J2,41
Turkey,K1,40
Turkey,K2,2
Turkey,L1,50
Turkey,L2,37
Turkey,M1,4
Turkey,NATO2,4
Turkey,NATO4,5
Turkey,NATO6,4
Turkey,O1,21
Turkey,O3,1
Turkey,P3,8
Turkey,R1,1
Turkey,R2,2
Turkey,TD,2
Turkmenistan,A1,1
Turkmenistan,A2,20
Turkmenistan,B1,2
Turkmenistan,B1/B2,162
Turkmenistan,C1/D,4
Turkmenistan,F1,64
Turkmenistan,G1,4
Turkmenistan,G4,5
Turkmenistan,H1B,1
Turkmenistan,H4,5
Turkmenistan,J1,5
Turkmenistan,K1,1
Turks and Caicos Islands,B1/B2,34
Turks and Caicos Islands,C1,1
Turks and Caicos Islands,F1,1
Turks and Caicos Islands,M1,1
Tuvalu,A2,2
Tuvalu,C1,1
Tuvalu,C3,1
Tuvalu,G2,7
Tuvalu,J1,1
Uganda,A1,1
Uganda,A2,12
Uganda,B1,3
Uganda,B1/B2,573
Uganda,C1,7
Uganda,C1/D,20
Uganda,C2,1
Uganda,D,5
Uganda,F1,23
Uganda,F2,13
Uganda,G2,38
Uganda,G4,24
Uganda,H1B,13
Uganda,H4,15
Uganda,I,1
Uganda,J1,13
Uganda,J2,1
Uganda,K1,5
Uganda,O1,1
Uganda,P1,1
Uganda,P3,27
Uganda,R1,3
Uganda,R2,4
Ukraine,A1,4
Ukraine,A2,154
Ukraine,A3,1
Ukraine,B1,14
Ukraine,B1/B2,"3,011"
Ukraine,B2,1
Ukraine,C1,1
Ukraine,C1/D,253
Ukraine,E2,25
Ukraine,F1,23
Ukraine,G2,8
Ukraine,G4,11
Ukraine,H1B,11
Ukraine,H2A,4
Ukraine,H2B,1
Ukraine,H4,5
Ukraine,I,7
Ukraine,J1,50
Ukraine,J2,5
Ukraine,K1,4
Ukraine,K2,1
Ukraine,L1,26
Ukraine,L2,30
Ukraine,O1,6
Ukraine,O2,1
Ukraine,O3,12
Ukraine,P1,68
Ukraine,P3,1
Ukraine,P4,4
Ukraine,R1,3
Ukraine,R2,1
United Arab Emirates,A1,4
United Arab Emirates,A2,253
United Arab Emirates,B1/B2,"1,389"
United Arab Emirates,D,12
United Arab Emirates,F1,43
United Arab Emirates,F2,2
United Arab Emirates,G2,25
United Arab Emirates,I,1
Uruguay,A2,10
Uruguay,B1,2
Uruguay,B1/B2,"1,425"
Uruguay,C1/D,5
Uruguay,E2,1
Uruguay,F1,1
Uruguay,G1,4
Uruguay,G2,2
Uruguay,G4,5
Uruguay,G5,1
Uruguay,H1B,6
Uruguay,H2A,7
Uruguay,H2B,1
Uruguay,I,1
Uruguay,J1,23
Uruguay,K1,5
Uruguay,L1,4
Uruguay,L2,2
Uruguay,O1,3
Uruguay,O2,2
Uruguay,O3,1
Uruguay,P1,19
Uzbekistan,A1,4
Uzbekistan,A2,32
Uzbekistan,B1,1
Uzbekistan,B1/B2,540
Uzbekistan,C1/D,27
Uzbekistan,F1,12
Uzbekistan,F2,2
Uzbekistan,G2,18
Uzbekistan,G4,8
Uzbekistan,H1B,8
Uzbekistan,H4,6
Uzbekistan,I,1
Uzbekistan,J1,6
Uzbekistan,K1,6
Uzbekistan,L1,2
Uzbekistan,L2,1
Uzbekistan,O1,1
Uzbekistan,O3,5
Uzbekistan,P1,3
Uzbekistan,P3,3
Vanuatu,A1,3
Vanuatu,A2,2
Vanuatu,B1/B2,5
Vanuatu,G2,4
Vanuatu,J1,3
Vatican City,A1,1
Vatican City,B1/B2,2
Venezuela,B1,3
Venezuela,B1/B2,"5,406"
Venezuela,B2,11
Venezuela,BBBCC,2
Venezuela,C1,2
Venezuela,C1/D,24
Venezuela,E2,7
Venezuela,F1,27
Venezuela,F2,4
Venezuela,G2,1
Venezuela,G3,37
Venezuela,G4,5
Venezuela,H1B,14
Venezuela,H4,9
Venezuela,I,3
Venezuela,J1,23
Venezuela,J2,4
Venezuela,K1,17
Venezuela,K2,10
Venezuela,L1,11
Venezuela,L2,14
Venezuela,M1,3
Venezuela,O1,20
Venezuela,O2,15
Venezuela,O3,9
Venezuela,P1,30
Venezuela,P3,1
Venezuela,P4,2
Venezuela,R1,3
Venezuela,R2,1
Venezuela,TD,1
Vietnam,A1,36
Vietnam,A2,45
Vietnam,B1,14
Vietnam,B1/B2,"8,061"
Vietnam,C1,11
Vietnam,C1/D,139
Vietnam,C3,2
Vietnam,E1,1
Vietnam,E2,4
Vietnam,F1,532
Vietnam,F2,10
Vietnam,G2,183
Vietnam,G4,13
Vietnam,H1B,44
Vietnam,H4,17
Vietnam,I,14
Vietnam,J1,86
Vietnam,J2,8
Vietnam,K1,209
Vietnam,K2,39
Vietnam,L1,25
Vietnam,L2,15
Vietnam,M1,1
Vietnam,O1,4
Vietnam,O2,1
Vietnam,P3,3
Vietnam,R1,11
Yemen,A1,2
Yemen,A2,13
Yemen,A3,1
Yemen,B1,2
Yemen,B1/B2,304
Yemen,C1/D,2
Yemen,F1,5
Yemen,F2,1
Yemen,G1,1
Yemen,G2,23
Yemen,G4,8
Yemen,H1B,1
Yemen,H4,6
Yemen,J1,5
Yemen,K1,9
Yemen,L1,1
Yemen,P1,1
Zambia,A1,7
Zambia,A2,64
Zambia,B1/B2,219
Zambia,C1,2
Zambia,C1/D,16
Zambia,C3,5
Zambia,F1,9
Zambia,F2,3
Zambia,G2,66
Zambia,G4,15
Zambia,I,8
Zambia,J1,6
Zambia,J2,7
Zambia,L1,3
Zambia,L2,3
Zambia,M1,1
Zambia,Q1,1
Zambia,R1,2
Zambia,R2,3
Zimbabwe,A1,13
Zimbabwe,A2,2
Zimbabwe,B1,2
Zimbabwe,B1/B2,639
Zimbabwe,C1,9
Zimbabwe,C1/D,429
Zimbabwe,D,1
Zimbabwe,F1,37
Zimbabwe,F2,17
Zimbabwe,G2,69
Zimbabwe,G4,48
Zimbabwe,H1B,10
Zimbabwe,H2B,1
Zimbabwe,H4,12
Zimbabwe,I,4
Zimbabwe,J1,27
Zimbabwe,J2,6
Zimbabwe,K1,3
Zimbabwe,K2,3
Zimbabwe,L1,7
Zimbabwe,L2,3
Zimbabwe,P1,1
Zimbabwe,P4,4
Zimbabwe,Q1,1
Zimbabwe,R1,1
GRAND TOTAL,,"925,157"
"*""Non-nationality based issuances"" includes individuals presenting travel documents issued by a competent authority other than their country of nationality, including, for example, aliens traveling on a Laissez-Passer issued by the United Nations and refugees residing in another country.",,