Nonimmigrant Visa Issuances by Nationality                                                      February 2024 (FY 2024),,
Nationality,Visa Class,Issuances
Afghanistan,B1/B2,170
Afghanistan,C2,2
Afghanistan,F1,5
Afghanistan,G2,1
Afghanistan,G4,14
Afghanistan,J1,2
Afghanistan,K1,18
Afghanistan,K2,1
Albania,A2,6
Albania,B1/B2,"2,471"
Albania,C1/D,6
Albania,F1,8
Albania,F2,1
Albania,G1,3
Albania,G2,1
Albania,G4,3
Albania,H1B,2
Albania,H4,1
Albania,I,2
Albania,J1,17
Albania,K1,14
Albania,L1,2
Albania,L2,2
Albania,NATO4,2
Albania,P3,9
Algeria,A2,11
Algeria,B1/B2,"1,752"
Algeria,C1,1
Algeria,D,16
Algeria,F1,28
Algeria,F2,3
Algeria,G1,1
Algeria,G2,11
Algeria,G4,3
Algeria,H1B,2
Algeria,H4,1
Algeria,I,1
Algeria,J1,11
Algeria,K1,7
Algeria,L1,5
Algeria,L2,8
Algeria,M1,2
Algeria,TD,1
Andorra,B1/B2,1
Andorra,G2,3
Angola,A1,1
Angola,A2,8
Angola,B1,2
Angola,B1/B2,203
Angola,C1,1
Angola,C1/D,6
Angola,F1,12
Angola,G1,6
Angola,G2,6
Angola,G4,1
Angola,J1,2
Angola,L1,1
Anguilla,B1/B2,1
Antigua and Barbuda,A1,1
Antigua and Barbuda,B1/B2,260
Antigua and Barbuda,C1/D,3
Antigua and Barbuda,F1,1
Antigua and Barbuda,H1B,2
Antigua and Barbuda,H4,1
Antigua and Barbuda,J1,3
Antigua and Barbuda,K1,1
Antigua and Barbuda,M1,1
Antigua and Barbuda,P1,1
Argentina,A1,4
Argentina,A2,16
Argentina,B1,6
Argentina,B1/B2,"17,395"
Argentina,B2,30
Argentina,BBBCC,1
Argentina,C1,2
Argentina,C1/D,126
Argentina,C3,1
Argentina,E2,59
Argentina,E3D,1
Argentina,F1,45
Argentina,F2,6
Argentina,G1,2
Argentina,G2,3
Argentina,G4,31
Argentina,H1B,15
Argentina,H2A,4
Argentina,H2B,3
Argentina,H4,11
Argentina,I,7
Argentina,J1,149
Argentina,J2,3
Argentina,K1,6
Argentina,L1,37
Argentina,L2,40
Argentina,M1,1
Argentina,O1,26
Argentina,O2,5
Argentina,O3,25
Argentina,P1,31
Argentina,P3,3
Argentina,P4,7
Argentina,R1,1
Argentina,R2,2
Argentina,TD,1
Armenia,A1,2
Armenia,A2,5
Armenia,B1,1
Armenia,B1/B2,"1,539"
Armenia,D,1
Armenia,E2,4
Armenia,F1,3
Armenia,F2,1
Armenia,G2,3
Armenia,G4,4
Armenia,H1B,2
Armenia,H4,7
Armenia,I,7
Armenia,J1,30
Armenia,K1,20
Armenia,K2,1
Armenia,O1,5
Armenia,O2,7
Armenia,O3,7
Armenia,P1,1
Armenia,P3,1
Australia,A1,16
Australia,A2,579
Australia,B1/B2,"1,179"
Australia,C1,5
Australia,C1/D,172
Australia,C3,2
Australia,E1,3
Australia,E2,24
Australia,E3,329
Australia,E3D,259
Australia,E3R,294
Australia,F1,28
Australia,G1,6
Australia,G2,9
Australia,G4,26
Australia,H1B,32
Australia,H2A,1
Australia,H4,7
Australia,I,64
Australia,J1,260
Australia,J2,4
Australia,K1,26
Australia,K2,2
Australia,L1,68
Australia,L2,47
Australia,M1,3
Australia,O1,62
Australia,O2,28
Australia,O3,8
Australia,P1,55
Australia,P2,1
Australia,P3,1
Australia,P4,1
Australia,R1,5
Austria,A1,2
Austria,A2,44
Austria,B1,1
Austria,B1/B2,238
Austria,C1/D,75
Austria,E2,26
Austria,F1,9
Austria,G2,5
Austria,G3,1
Austria,G4,2
Austria,H1B,5
Austria,H4,1
Austria,I,6
Austria,J1,44
Austria,K1,1
Austria,L1,29
Austria,L2,4
Austria,O1,7
Austria,O2,3
Austria,O3,1
Austria,P1,90
Austria,R1,1
Azerbaijan,A1,2
Azerbaijan,A2,12
Azerbaijan,B1,5
Azerbaijan,B1/B2,696
Azerbaijan,C1,1
Azerbaijan,C1/D,29
Azerbaijan,C2,1
Azerbaijan,C3,1
Azerbaijan,E2,10
Azerbaijan,F1,4
Azerbaijan,G1,5
Azerbaijan,G2,5
Azerbaijan,G4,5
Azerbaijan,H1B,2
Azerbaijan,H4,1
Azerbaijan,I,2
Azerbaijan,J1,17
Azerbaijan,K1,2
Azerbaijan,L1,5
Azerbaijan,L2,3
"Bahamas, The",A1,8
"Bahamas, The",A2,8
"Bahamas, The",B1/B2,"1,432"
"Bahamas, The",B2,6
"Bahamas, The",C1/D,12
"Bahamas, The",F1,10
"Bahamas, The",G1,1
"Bahamas, The",G2,1
"Bahamas, The",G4,1
"Bahamas, The",H1B,2
"Bahamas, The",H4,2
"Bahamas, The",J1,4
"Bahamas, The",K1,2
"Bahamas, The",L2,1
"Bahamas, The",M1,9
"Bahamas, The",P1,2
"Bahamas, The",R1,1
Bahrain,A1,1
Bahrain,A2,30
Bahrain,B1/B2,303
Bahrain,C1/D,3
Bahrain,F1,2
Bahrain,H1B,1
Bahrain,J1,1
Bangladesh,A1,4
Bangladesh,A2,46
Bangladesh,A3,3
Bangladesh,B1,15
Bangladesh,B1/B2,"3,907"
Bangladesh,C1,2
Bangladesh,C1/D,91
Bangladesh,C2,4
Bangladesh,E2,1
Bangladesh,F1,152
Bangladesh,F2,171
Bangladesh,G1,3
Bangladesh,G2,5
Bangladesh,G4,35
Bangladesh,G5,1
Bangladesh,H1B,28
Bangladesh,H4,17
Bangladesh,I,5
Bangladesh,J1,24
Bangladesh,J2,20
Bangladesh,K1,6
Bangladesh,L1,7
Bangladesh,L2,5
Bangladesh,M1,1
Bangladesh,O1,1
Bangladesh,O2,1
Bangladesh,P3,5
Barbados,A1,3
Barbados,A2,2
Barbados,B1/B2,912
Barbados,C3,1
Barbados,F1,1
Barbados,G4,4
Barbados,H1B,2
Barbados,H2B,2
Barbados,I,1
Barbados,J1,4
Barbados,K1,1
Barbados,L1,1
Barbados,P3,1
Belarus,A1,3
Belarus,A2,1
Belarus,B1,5
Belarus,B1/B2,610
Belarus,C1,1
Belarus,C1/D,29
Belarus,F1,5
Belarus,G2,1
Belarus,G4,9
Belarus,H1B,1
Belarus,H4,3
Belarus,J1,42
Belarus,J2,1
Belarus,K1,8
Belarus,K2,2
Belarus,L1,9
Belarus,L2,12
Belarus,O1,4
Belarus,O3,1
Belarus,P1,3
Belarus,P4,1
Belgium,A1,5
Belgium,A2,30
Belgium,B1,6
Belgium,B1/B2,302
Belgium,C1/D,87
Belgium,E2,18
Belgium,F1,5
Belgium,G1,1
Belgium,G2,6
Belgium,G3,3
Belgium,G4,15
Belgium,H1B,7
Belgium,H2A,3
Belgium,H4,4
Belgium,I,16
Belgium,J1,39
Belgium,J2,6
Belgium,K1,3
Belgium,L1,28
Belgium,L2,17
Belgium,M1,2
Belgium,NATO2,55
Belgium,NATO4,4
Belgium,NATO6,1
Belgium,O1,17
Belgium,O2,19
Belgium,O3,6
Belgium,P1,18
Belgium,P4,1
Belize,A2,16
Belize,B1,1
Belize,B1/B2,768
Belize,C1,18
Belize,C1/D,2
Belize,C3,15
Belize,F1,3
Belize,H1B,3
Belize,H2A,7
Belize,H2B,2
Belize,J1,8
Belize,K1,3
Belize,K2,4
Benin,A2,5
Benin,B1/B2,200
Benin,F1,10
Benin,G2,9
Benin,G4,2
Benin,H1B,1
Benin,J1,2
Benin,K1,2
Benin,O1,1
Benin,P1,1
Bermuda,B1/B2,11
Bhutan,B1/B2,42
Bhutan,F1,4
Bhutan,G2,4
Bhutan,G4,1
Bhutan,H4,1
Bhutan,J1,5
Bhutan,K1,1
Bolivia,A1,1
Bolivia,A2,6
Bolivia,B1,5
Bolivia,B1/B2,"2,256"
Bolivia,B2,1
Bolivia,C1,4
Bolivia,C1/D,23
Bolivia,C3,4
Bolivia,E2,1
Bolivia,F1,21
Bolivia,F2,1
Bolivia,G2,3
Bolivia,G4,8
Bolivia,G5,1
Bolivia,H1B,3
Bolivia,I,1
Bolivia,J1,47
Bolivia,K1,2
Bolivia,L1,2
Bolivia,L2,4
Bolivia,O1,2
Bolivia,O3,4
Bolivia,P3,11
Bolivia,R1,2
Bosnia-Herzegovina,A2,2
Bosnia-Herzegovina,B1,13
Bosnia-Herzegovina,B1/B2,568
Bosnia-Herzegovina,C1/D,7
Bosnia-Herzegovina,E2,3
Bosnia-Herzegovina,F1,1
Bosnia-Herzegovina,F2,1
Bosnia-Herzegovina,G4,4
Bosnia-Herzegovina,H1B,1
Bosnia-Herzegovina,J1,9
Bosnia-Herzegovina,J2,1
Bosnia-Herzegovina,K1,12
Bosnia-Herzegovina,K2,2
Bosnia-Herzegovina,P1,1
Bosnia-Herzegovina,P3,5
Bosnia-Herzegovina,P4,2
Bosnia-Herzegovina,R1,1
Bosnia-Herzegovina,R2,2
Botswana,A2,13
Botswana,B1/B2,88
Botswana,C1/D,2
Botswana,G2,17
Botswana,G4,3
Botswana,H1B,1
Botswana,J1,11
Botswana,K1,1
Brazil,A1,6
Brazil,A2,271
Brazil,A3,1
Brazil,B1,158
Brazil,B1/B2,"81,294"
Brazil,B2,3
Brazil,C1,36
Brazil,C1/D,339
Brazil,C2,1
Brazil,C3,20
Brazil,D,1
Brazil,E2,11
Brazil,E3D,1
Brazil,F1,161
Brazil,F2,53
Brazil,G1,5
Brazil,G2,11
Brazil,G4,57
Brazil,H1B,91
Brazil,H2A,41
Brazil,H2B,4
Brazil,H3,1
Brazil,H4,52
Brazil,I,23
Brazil,J1,582
Brazil,J2,58
Brazil,K1,123
Brazil,K2,16
Brazil,L1,332
Brazil,L2,393
Brazil,M1,11
Brazil,O1,123
Brazil,O2,43
Brazil,O3,57
Brazil,P1,74
Brazil,P3,6
Brazil,P4,8
Brazil,R1,8
Brazil,R2,3
Brazil,TD,1
British National Overseas (Hong Kong) Passport,B1/B2,234
British National Overseas (Hong Kong) Passport,C1/D,1
British National Overseas (Hong Kong) Passport,F1,1
British National Overseas (Hong Kong) Passport,H1B,1
British National Overseas (Hong Kong) Passport,J1,1
British National Overseas (Hong Kong) Passport,K1,1
British National Overseas (Hong Kong) Passport,L1,1
British National Overseas (Hong Kong) Passport,TD,1
British Virgin Islands,B1/B2,1
British Virgin Islands,H1B,1
Brunei,A2,2
Brunei,B1/B2,1
Brunei,F1,1
Brunei,G2,2
Brunei,J1,5
Bulgaria,A2,10
Bulgaria,B1,21
Bulgaria,B1/B2,"1,420"
Bulgaria,B2,5
Bulgaria,C1,2
Bulgaria,C1/D,51
Bulgaria,E2,3
Bulgaria,G2,7
Bulgaria,G3,1
Bulgaria,G4,3
Bulgaria,H1B,2
Bulgaria,H2B,2
Bulgaria,I,1
Bulgaria,J1,288
Bulgaria,K1,3
Bulgaria,L1,3
Bulgaria,L2,6
Bulgaria,NATO2,7
Bulgaria,NATO4,1
Bulgaria,NATO6,1
Bulgaria,O1,3
Bulgaria,O3,3
Bulgaria,P1,1
Bulgaria,P3,3
Burkina Faso,A1,6
Burkina Faso,A2,4
Burkina Faso,A3,1
Burkina Faso,B1/B2,96
Burkina Faso,F1,16
Burkina Faso,G2,3
Burkina Faso,G4,4
Burkina Faso,H1B,1
Burkina Faso,H4,1
Burkina Faso,J1,2
Burma,A1,2
Burma,A2,1
Burma,A3,1
Burma,B1,8
Burma,B1/B2,520
Burma,C1,89
Burma,D,211
Burma,F1,262
Burma,F2,7
Burma,G4,8
Burma,G5,1
Burma,H1B,2
Burma,H3,1
Burma,H4,1
Burma,J1,13
Burma,K1,29
Burma,K2,1
Burma,O1,1
Burma,R1,1
Burundi,A1,2
Burundi,A2,2
Burundi,B1/B2,42
Burundi,C2,1
Burundi,F1,3
Burundi,G1,1
Burundi,G2,9
Burundi,G4,8
Burundi,J1,2
Burundi,K1,7
Burundi,K2,1
Cabo Verde,A2,6
Cabo Verde,B1/B2,168
Cabo Verde,C1/D,2
Cabo Verde,F1,1
Cabo Verde,G1,2
Cabo Verde,G2,10
Cabo Verde,H1B,1
Cabo Verde,J1,1
Cabo Verde,R1,1
Cambodia,A2,9
Cambodia,B1,6
Cambodia,B1/B2,785
Cambodia,C1,5
Cambodia,C2,1
Cambodia,D,5
Cambodia,F1,19
Cambodia,G1,5
Cambodia,G2,10
Cambodia,G4,2
Cambodia,H1B,2
Cambodia,J1,7
Cambodia,K1,107
Cambodia,K2,10
Cambodia,M1,3
Cambodia,R1,1
Cameroon,A1,6
Cameroon,A2,9
Cameroon,B1/B2,730
Cameroon,C1,1
Cameroon,C1/D,8
Cameroon,C2,5
Cameroon,C3,1
Cameroon,F1,10
Cameroon,G1,1
Cameroon,G2,14
Cameroon,G4,30
Cameroon,H1B,2
Cameroon,H4,12
Cameroon,J1,11
Cameroon,J2,2
Cameroon,K1,17
Cameroon,K2,1
Cameroon,L1,2
Cameroon,L2,1
Cameroon,O2,1
Cameroon,P1,2
Cameroon,P3,1
Cameroon,R1,1
Canada,A1,8
Canada,A2,5
Canada,B1/B2,22
Canada,C1/D,1
Canada,E1,81
Canada,E2,508
Canada,E3D,1
Canada,F1,5
Canada,G2,1
Canada,G3,1
Canada,G4,32
Canada,H1B,3
Canada,H4,10
Canada,J1,4
Canada,J2,4
Canada,K1,68
Canada,K2,3
Canada,L1,8
Canada,L2,19
Canada,NATO2,7
Canada,NATO5,5
Canada,NATO6,1
Canada,O1,2
Canada,P1,3
Canada,P3,1
Canada,R2,1
Canada,TN,3
Canada,U1,2
Cayman Islands,B1/B2,107
Cayman Islands,M1,1
Cayman Islands,O1,1
Central African Republic,A1,1
Central African Republic,A2,1
Central African Republic,B1/B2,7
Central African Republic,G1,3
Central African Republic,G2,8
Central African Republic,G4,3
Central African Republic,J1,2
Central African Republic,R1,1
Chad,A1,1
Chad,A2,40
Chad,B1/B2,57
Chad,F1,3
Chad,G2,10
Chad,G4,1
Chad,H4,1
Chad,K1,1
Chile,A1,4
Chile,A2,37
Chile,B1,13
Chile,B1/B2,888
Chile,B2,3
Chile,C1,5
Chile,C1/D,129
Chile,C3,13
Chile,E1,2
Chile,E2,10
Chile,E3D,1
Chile,F1,73
Chile,F2,14
Chile,G4,11
Chile,H1B,23
Chile,H1B1,154
Chile,H2A,8
Chile,H4,134
Chile,I,2
Chile,J1,64
Chile,J2,11
Chile,K1,4
Chile,K2,1
Chile,L1,30
Chile,L2,43
Chile,M1,2
Chile,O1,11
Chile,O2,3
Chile,O3,11
Chile,P1,22
Chile,P3,8
Chile,P4,4
Chile,R1,1
China - mainland,A1,36
China - mainland,A2,17
China - mainland,B1,171
China - mainland,B1/B2,"41,020"
China - mainland,B2,11
China - mainland,C1,20
China - mainland,C1/D,669
China - mainland,C3,5
China - mainland,CW1,18
China - mainland,CW2,2
China - mainland,E2,7
China - mainland,E2C,1
China - mainland,E3D,3
China - mainland,F1,"1,179"
China - mainland,F2,110
China - mainland,G1,9
China - mainland,G2,40
China - mainland,G4,45
China - mainland,G5,1
China - mainland,H1B,"3,167"
China - mainland,H3,7
China - mainland,H4,260
China - mainland,I,3
China - mainland,J1,608
China - mainland,J2,147
China - mainland,K1,22
China - mainland,L1,434
China - mainland,L2,261
China - mainland,M1,34
China - mainland,O1,90
China - mainland,O2,4
China - mainland,O3,13
China - mainland,P1,46
China - mainland,P3,57
China - mainland,Q1,15
China - mainland,R1,4
China - mainland,TD,7
Colombia,A1,6
Colombia,A2,301
Colombia,B1,40
Colombia,B1/B2,"35,372"
Colombia,BBBCC,1
Colombia,C1,14
Colombia,C1/D,186
Colombia,C2,1
Colombia,C3,9
Colombia,E1,14
Colombia,E2,51
Colombia,F1,154
Colombia,F2,20
Colombia,G2,1
Colombia,G4,43
Colombia,G5,2
Colombia,H1B,52
Colombia,H2A,27
Colombia,H2B,53
Colombia,H3,2
Colombia,H4,26
Colombia,I,23
Colombia,J1,689
Colombia,J2,18
Colombia,K1,165
Colombia,K2,40
Colombia,L1,43
Colombia,L2,69
Colombia,M1,4
Colombia,O1,39
Colombia,O2,61
Colombia,O3,19
Colombia,P1,62
Colombia,P3,67
Colombia,P4,7
Colombia,Q1,19
Colombia,R1,7
Colombia,R2,2
Colombia,TD,5
Colombia,U3,1
Comoros,B1/B2,3
"Congo, Democratic Republic of the",A2,11
"Congo, Democratic Republic of the",B1,1
"Congo, Democratic Republic of the",B1/B2,768
"Congo, Democratic Republic of the",F1,56
"Congo, Democratic Republic of the",F2,3
"Congo, Democratic Republic of the",G2,44
"Congo, Democratic Republic of the",G4,10
"Congo, Democratic Republic of the",J1,2
"Congo, Democratic Republic of the",K1,23
"Congo, Democratic Republic of the",L1,1
"Congo, Democratic Republic of the",O1,1
"Congo, Democratic Republic of the",P1,1
"Congo, Democratic Republic of the",T4,1
"Congo, Republic of the",A1,5
"Congo, Republic of the",A2,9
"Congo, Republic of the",B1/B2,174
"Congo, Republic of the",F1,7
"Congo, Republic of the",G4,3
"Congo, Republic of the",J1,2
Costa Rica,A2,8
Costa Rica,B1,4
Costa Rica,B1/B2,"7,369"
Costa Rica,C1,1
Costa Rica,C1/D,27
Costa Rica,C3,3
Costa Rica,E2,4
Costa Rica,F1,11
Costa Rica,F2,1
Costa Rica,G4,3
Costa Rica,H1B,11
Costa Rica,H2A,23
Costa Rica,H2B,28
Costa Rica,H3,1
Costa Rica,H4,10
Costa Rica,J1,12
Costa Rica,J2,4
Costa Rica,K1,8
Costa Rica,K2,2
Costa Rica,L1,25
Costa Rica,L2,12
Costa Rica,O3,1
Costa Rica,P1,1
Costa Rica,R1,3
Cote d'Ivoire,A2,12
Cote d'Ivoire,B1/B2,676
Cote d'Ivoire,C1/D,5
Cote d'Ivoire,C2,2
Cote d'Ivoire,F1,25
Cote d'Ivoire,F2,2
Cote d'Ivoire,G1,5
Cote d'Ivoire,G2,26
Cote d'Ivoire,G4,9
Cote d'Ivoire,H1B,1
Cote d'Ivoire,I,1
Cote d'Ivoire,J1,3
Cote d'Ivoire,J2,1
Cote d'Ivoire,K1,9
Cote d'Ivoire,L2,1
Cote d'Ivoire,M1,1
Cote d'Ivoire,O1,1
Cote d'Ivoire,P1,2
Cote d'Ivoire,P3,2
Croatia,A2,1
Croatia,B1,24
Croatia,B1/B2,100
Croatia,C1/D,51
Croatia,F1,1
Croatia,G4,3
Croatia,H1B,2
Croatia,I,1
Croatia,J1,124
Croatia,J2,2
Croatia,K1,1
Croatia,L1,11
Croatia,O3,1
Croatia,P1,2
Croatia,P4,1
Cuba,A1,8
Cuba,A2,6
Cuba,A3,1
Cuba,B1,73
Cuba,B1/B2,127
Cuba,B2,611
Cuba,BBBCC,1
Cuba,C1,3
Cuba,F1,1
Cuba,G1,21
Cuba,G2,11
Cuba,G4,1
Cuba,J1,10
Cuba,J2,4
Cuba,K1,49
Cuba,K2,30
Cuba,L1,1
Cuba,O1,1
Cuba,P1,37
Cuba,P3,13
Cuba,P4,2
Cyprus,A2,4
Cyprus,B1/B2,520
Cyprus,C1/D,7
Cyprus,F1,2
Cyprus,G2,7
Cyprus,J1,5
Cyprus,O1,1
Czech Republic,A1,2
Czech Republic,A2,10
Czech Republic,B1,1
Czech Republic,B1/B2,190
Czech Republic,C1/D,35
Czech Republic,E2,1
Czech Republic,F1,4
Czech Republic,G2,15
Czech Republic,G3,1
Czech Republic,G4,1
Czech Republic,H1B,3
Czech Republic,H4,2
Czech Republic,I,4
Czech Republic,J1,44
Czech Republic,J2,13
Czech Republic,K1,4
Czech Republic,L1,15
Czech Republic,L2,15
Czech Republic,M1,1
Czech Republic,NATO2,34
Czech Republic,O1,4
Czech Republic,O2,2
Czech Republic,P1,7
Czech Republic,P4,1
Czech Republic,R2,3
Denmark,A1,7
Denmark,A2,30
Denmark,B1,1
Denmark,B1/B2,235
Denmark,C1/D,36
Denmark,E1,2
Denmark,E2,17
Denmark,E3D,1
Denmark,F1,13
Denmark,F2,3
Denmark,G1,2
Denmark,G2,46
Denmark,G3,1
Denmark,G4,7
Denmark,H1B,3
Denmark,H2A,1
Denmark,H3,1
Denmark,I,9
Denmark,J1,48
Denmark,J2,4
Denmark,K1,2
Denmark,L1,32
Denmark,L2,11
Denmark,NATO2,3
Denmark,NATO4,1
Denmark,O1,16
Denmark,O2,3
Denmark,O3,1
Denmark,P1,2
Denmark,P3,1
Denmark,P4,4
Djibouti,A2,1
Djibouti,B1,3
Djibouti,B1/B2,14
Djibouti,F1,1
Dominica,A2,1
Dominica,B1/B2,238
Dominica,C1/D,10
Dominica,F1,5
Dominica,G1,1
Dominica,H1B,2
Dominica,J1,3
Dominican Republic,A1,3
Dominican Republic,A2,23
Dominican Republic,B1,28
Dominican Republic,B1/B2,"11,719"
Dominican Republic,C1,4
Dominican Republic,C1/D,61
Dominican Republic,C3,2
Dominican Republic,E2,3
Dominican Republic,F1,32
Dominican Republic,G2,4
Dominican Republic,G4,8
Dominican Republic,G5,1
Dominican Republic,H1B,11
Dominican Republic,H2A,1
Dominican Republic,H2B,6
Dominican Republic,H4,5
Dominican Republic,I,13
Dominican Republic,J1,47
Dominican Republic,J2,2
Dominican Republic,K1,151
Dominican Republic,K2,35
Dominican Republic,L1,10
Dominican Republic,L2,17
Dominican Republic,O1,3
Dominican Republic,O2,5
Dominican Republic,O3,2
Dominican Republic,P1,138
Dominican Republic,P4,39
Dominican Republic,R1,5
Dominican Republic,R2,3
Dominican Republic,U3,2
Ecuador,A1,5
Ecuador,A2,64
Ecuador,A3,1
Ecuador,B1,32
Ecuador,B1/B2,"18,229"
Ecuador,B2,1
Ecuador,C1,2
Ecuador,C1/D,49
Ecuador,C3,2
Ecuador,E2,6
Ecuador,F1,69
Ecuador,F2,2
Ecuador,G2,3
Ecuador,G4,16
Ecuador,H1B,22
Ecuador,H2A,7
Ecuador,H2B,16
Ecuador,H4,5
Ecuador,I,3
Ecuador,J1,658
Ecuador,J2,3
Ecuador,K1,15
Ecuador,K2,4
Ecuador,L1,10
Ecuador,L2,10
Ecuador,O1,7
Ecuador,O2,1
Ecuador,O3,1
Ecuador,P1,20
Ecuador,R1,2
Ecuador,T3,1
Ecuador,TD,1
Ecuador,U3,1
Egypt,A1,4
Egypt,A2,66
Egypt,A3,3
Egypt,B1,8
Egypt,B1/B2,"7,919"
Egypt,C1,1
Egypt,C1/D,161
Egypt,C2,2
Egypt,F1,75
Egypt,F2,42
Egypt,G1,2
Egypt,G2,10
Egypt,G4,21
Egypt,H1B,29
Egypt,H2A,25
Egypt,H4,22
Egypt,I,5
Egypt,J1,81
Egypt,J2,48
Egypt,K1,58
Egypt,K2,6
Egypt,L1,25
Egypt,L2,39
Egypt,M1,2
Egypt,O1,4
Egypt,O2,3
Egypt,O3,2
Egypt,P1,2
Egypt,R1,3
Egypt,R2,8
El Salvador,A1,2
El Salvador,A2,56
El Salvador,A3,1
El Salvador,B1,7
El Salvador,B1/B2,"3,165"
El Salvador,B2,1
El Salvador,C1,10
El Salvador,C1/D,26
El Salvador,C3,3
El Salvador,F1,9
El Salvador,G2,1
El Salvador,G3,1
El Salvador,G4,19
El Salvador,H1B,8
El Salvador,H2A,54
El Salvador,H2B,856
El Salvador,I,1
El Salvador,J1,21
El Salvador,K1,18
El Salvador,K2,5
El Salvador,L1,2
El Salvador,L2,1
El Salvador,O1,1
El Salvador,P3,1
El Salvador,R1,2
El Salvador,T2,1
El Salvador,T3,4
El Salvador,TD,1
El Salvador,U2,2
El Salvador,U3,11
Equatorial Guinea,A1,1
Equatorial Guinea,A2,4
Equatorial Guinea,B1/B2,59
Equatorial Guinea,F1,4
Equatorial Guinea,G2,4
Eritrea,A2,1
Eritrea,A3,2
Eritrea,B1,3
Eritrea,B1/B2,69
Eritrea,G2,2
Eritrea,G4,4
Eritrea,J1,1
Eritrea,K1,11
Eritrea,K2,2
Eritrea,R1,2
Eritrea,T3,2
Estonia,A1,6
Estonia,A2,4
Estonia,B1,2
Estonia,B1/B2,29
Estonia,C1/D,10
Estonia,F1,1
Estonia,G1,2
Estonia,G2,7
Estonia,G4,2
Estonia,H1B,1
Estonia,I,4
Estonia,J1,36
Estonia,J2,1
Estonia,K1,1
Estonia,L1,2
Estonia,NATO2,16
Estonia,O1,1
Estonia,O3,2
Estonia,P1,1
Estonia,P3,1
Eswatini,A1,1
Eswatini,B1/B2,35
Eswatini,G2,7
Eswatini,H1B,1
Eswatini,J1,3
Ethiopia,A1,1
Ethiopia,A2,22
Ethiopia,A3,1
Ethiopia,B1,2
Ethiopia,B1/B2,"1,505"
Ethiopia,C1,1
Ethiopia,C1/D,121
Ethiopia,C2,4
Ethiopia,D,3
Ethiopia,E2,1
Ethiopia,F1,25
Ethiopia,F2,3
Ethiopia,G2,4
Ethiopia,G4,48
Ethiopia,H1B,7
Ethiopia,H4,2
Ethiopia,J1,17
Ethiopia,J2,8
Ethiopia,K1,76
Ethiopia,K2,5
Ethiopia,M1,1
Ethiopia,P1,2
Ethiopia,P3,4
Ethiopia,P4,3
Fiji,A2,11
Fiji,B1/B2,247
Fiji,C1,6
Fiji,C1/D,18
Fiji,C2,2
Fiji,G1,5
Fiji,G2,3
Fiji,G4,10
Fiji,I,1
Fiji,J1,3
Fiji,K1,3
Fiji,M1,2
Fiji,P1,2
Fiji,P4,1
Finland,A1,2
Finland,A2,30
Finland,B1,3
Finland,B1/B2,64
Finland,C1/D,92
Finland,E2,7
Finland,E3D,1
Finland,F1,2
Finland,F2,4
Finland,G2,10
Finland,G3,1
Finland,G4,3
Finland,H1B,1
Finland,H2A,4
Finland,H4,3
Finland,I,2
Finland,J1,21
Finland,J2,6
Finland,K1,5
Finland,L1,15
Finland,L2,5
Finland,NATO2,118
Finland,O1,4
Finland,O2,1
Finland,O3,1
Finland,P1,6
France,A1,5
France,A2,106
France,B1,5
France,B1/B2,"1,326"
France,B2,2
France,C1/D,545
France,C3,13
France,E1,16
France,E2,269
France,E3D,1
France,F1,153
France,F2,9
France,G1,5
France,G2,14
France,G3,1
France,G4,78
France,H1B,52
France,H2A,1
France,H4,11
France,I,75
France,J1,584
France,J2,27
France,K1,17
France,L1,253
France,L2,201
France,M1,6
France,NATO1,1
France,NATO2,12
France,NATO4,3
France,NATO6,1
France,O1,56
France,O2,30
France,O3,13
France,P1,110
France,P3,11
France,P4,1
France,Q1,26
France,R1,3
Gabon,A2,10
Gabon,B1/B2,91
Gabon,E2,1
Gabon,F1,8
Gabon,G4,2
"Gambia, The",A2,3
"Gambia, The",B1/B2,76
"Gambia, The",C1,29
"Gambia, The",C1/D,8
"Gambia, The",F1,3
"Gambia, The",G2,30
"Gambia, The",J1,3
"Gambia, The",K1,20
Georgia,A2,51
Georgia,B1,1
Georgia,B1/B2,602
Georgia,C1/D,79
Georgia,F1,2
Georgia,G1,2
Georgia,G2,2
Georgia,G4,2
Georgia,H1B,3
Georgia,I,5
Georgia,J1,13
Georgia,K1,5
Georgia,L1,1
Georgia,L2,2
Georgia,O1,4
Germany,A1,17
Germany,A2,107
Germany,B1,6
Germany,B1/B2,"2,284"
Germany,C1/D,585
Germany,C3,2
Germany,D,1
Germany,E1,18
Germany,E2,337
Germany,E3D,1
Germany,F1,121
Germany,F2,7
Germany,G1,3
Germany,G2,23
Germany,G3,2
Germany,G4,45
Germany,H1B,35
Germany,H3,1
Germany,H4,10
Germany,I,84
Germany,J1,593
Germany,J2,54
Germany,K1,18
Germany,K2,1
Germany,L1,220
Germany,L2,108
Germany,M1,16
Germany,NATO2,25
Germany,NATO4,2
Germany,NATO6,34
Germany,O1,55
Germany,O2,26
Germany,O3,11
Germany,P1,81
Germany,P3,2
Germany,P4,6
Germany,Q1,6
Germany,R1,5
Germany,TD,1
Ghana,A2,62
Ghana,B1,1
Ghana,B1/B2,"1,893"
Ghana,C1,1
Ghana,C1/D,48
Ghana,C2,5
Ghana,C3,2
Ghana,F1,102
Ghana,F2,45
Ghana,G2,17
Ghana,G4,13
Ghana,H1B,33
Ghana,H4,16
Ghana,I,6
Ghana,J1,32
Ghana,J2,47
Ghana,K1,57
Ghana,K2,3
Ghana,L1,2
Ghana,P1,2
Ghana,P3,2
Ghana,R1,9
Gibraltar,B1/B2,1
Great Britain and Northern Ireland,A1,10
Great Britain and Northern Ireland,A2,532
Great Britain and Northern Ireland,A3,2
Great Britain and Northern Ireland,B1,133
Great Britain and Northern Ireland,B1/B2,"2,463"
Great Britain and Northern Ireland,B2,4
Great Britain and Northern Ireland,C1/D,564
Great Britain and Northern Ireland,C3,2
Great Britain and Northern Ireland,E1,13
Great Britain and Northern Ireland,E2,192
Great Britain and Northern Ireland,E3D,4
Great Britain and Northern Ireland,F1,62
Great Britain and Northern Ireland,G1,3
Great Britain and Northern Ireland,G2,36
Great Britain and Northern Ireland,G4,44
Great Britain and Northern Ireland,H1B,65
Great Britain and Northern Ireland,H2A,14
Great Britain and Northern Ireland,H2B,2
Great Britain and Northern Ireland,H4,26
Great Britain and Northern Ireland,I,119
Great Britain and Northern Ireland,J1,651
Great Britain and Northern Ireland,J2,7
Great Britain and Northern Ireland,K1,83
Great Britain and Northern Ireland,K2,4
Great Britain and Northern Ireland,L1,276
Great Britain and Northern Ireland,L2,160
Great Britain and Northern Ireland,M1,50
Great Britain and Northern Ireland,NATO2,58
Great Britain and Northern Ireland,NATO4,1
Great Britain and Northern Ireland,NATO5,1
Great Britain and Northern Ireland,NATO6,1
Great Britain and Northern Ireland,O1,200
Great Britain and Northern Ireland,O2,160
Great Britain and Northern Ireland,O3,36
Great Britain and Northern Ireland,P1,146
Great Britain and Northern Ireland,P2,5
Great Britain and Northern Ireland,P3,12
Great Britain and Northern Ireland,P4,12
Great Britain and Northern Ireland,Q1,1
Great Britain and Northern Ireland,R1,3
Great Britain and Northern Ireland,R2,7
Great Britain and Northern Ireland,TD,1
Greece,A2,25
Greece,B1,1
Greece,B1/B2,220
Greece,C1/D,343
Greece,D,9
Greece,E1,1
Greece,F1,15
Greece,G1,2
Greece,G2,7
Greece,G3,2
Greece,G4,6
Greece,H1B,15
Greece,H4,2
Greece,I,2
Greece,J1,50
Greece,J2,2
Greece,K1,1
Greece,L1,13
Greece,L2,7
Greece,M1,2
Greece,NATO2,8
Greece,NATO4,2
Greece,NATO6,1
Greece,O1,4
Greece,O2,1
Greece,O3,4
Greece,P1,4
Greece,P3,18
Grenada,A2,2
Grenada,B1,1
Grenada,B1/B2,228
Grenada,C1/D,8
Grenada,H1B,3
Grenada,J1,2
Grenada,K1,1
Grenada,L2,1
Grenada,O1,1
Grenada,R1,1
Guatemala,A1,17
Guatemala,A2,37
Guatemala,B1,9
Guatemala,B1/B2,"5,295"
Guatemala,C1,4
Guatemala,C1/D,5
Guatemala,C3,13
Guatemala,E2,1
Guatemala,F1,22
Guatemala,F2,3
Guatemala,G2,5
Guatemala,G4,3
Guatemala,H1B,4
Guatemala,H2A,571
Guatemala,H2B,"1,218"
Guatemala,H4,2
Guatemala,J1,27
Guatemala,J2,1
Guatemala,K1,22
Guatemala,K2,4
Guatemala,L1,6
Guatemala,L2,8
Guatemala,M1,3
Guatemala,O1,1
Guatemala,P1,20
Guatemala,R1,5
Guatemala,R2,3
Guatemala,T3,5
Guatemala,U1,1
Guatemala,U2,1
Guatemala,U3,8
Guatemala,U5,1
Guinea,A2,3
Guinea,B1/B2,157
Guinea,F1,2
Guinea,G2,3
Guinea,G4,1
Guinea,K1,14
Guinea,K2,1
Guinea-Bissau,A1,1
Guinea-Bissau,A2,1
Guinea-Bissau,B1/B2,4
Guinea-Bissau,G2,5
Guinea-Bissau,P1,1
Guyana,A2,3
Guyana,B1,1
Guyana,B1/B2,"1,828"
Guyana,B2,1
Guyana,C1/D,9
Guyana,C3,7
Guyana,F1,2
Guyana,G1,2
Guyana,G4,3
Guyana,H1B,1
Guyana,I,1
Guyana,J1,3
Guyana,J2,1
Guyana,K1,1
Guyana,L1,2
Guyana,M1,3
Guyana,R2,2
Haiti,A2,8
Haiti,B1/B2,681
Haiti,B2,2
Haiti,C1,2
Haiti,C1/D,8
Haiti,C3,3
Haiti,F1,3
Haiti,F2,1
Haiti,G4,10
Haiti,H1B,2
Haiti,H2B,1
Haiti,H4,1
Haiti,I,2
Haiti,J1,7
Haiti,K1,34
Haiti,K2,6
Haiti,L1,1
Haiti,P3,5
Haiti,R1,2
Honduras,A1,7
Honduras,A2,38
Honduras,B1,2
Honduras,B1/B2,"2,876"
Honduras,B2,3
Honduras,C1,7
Honduras,C1/D,97
Honduras,E2,7
Honduras,F1,25
Honduras,F2,3
Honduras,G4,4
Honduras,H1B,9
Honduras,H2A,86
Honduras,H2B,861
Honduras,H4,14
Honduras,I,8
Honduras,J1,42
Honduras,K1,29
Honduras,K2,7
Honduras,L1,4
Honduras,L2,6
Honduras,M1,2
Honduras,O1,2
Honduras,P1,6
Honduras,R1,3
Honduras,T3,1
Honduras,T4,1
Honduras,T5,4
Honduras,U1,1
Honduras,U3,15
Hong Kong S.A.R.,B1,9
Hong Kong S.A.R.,B1/B2,"4,066"
Hong Kong S.A.R.,C1,2
Hong Kong S.A.R.,C1/D,78
Hong Kong S.A.R.,E2,4
Hong Kong S.A.R.,F1,40
Hong Kong S.A.R.,G4,2
Hong Kong S.A.R.,H1B,31
Hong Kong S.A.R.,H4,3
Hong Kong S.A.R.,J1,15
Hong Kong S.A.R.,J2,1
Hong Kong S.A.R.,K1,4
Hong Kong S.A.R.,K2,2
Hong Kong S.A.R.,L1,19
Hong Kong S.A.R.,L2,16
Hong Kong S.A.R.,M1,1
Hong Kong S.A.R.,O1,3
Hong Kong S.A.R.,O2,1
Hong Kong S.A.R.,P3,5
Hong Kong S.A.R.,R1,2
Hungary,A1,2
Hungary,A2,68
Hungary,B1,2
Hungary,B1/B2,322
Hungary,C1/D,30
Hungary,F1,8
Hungary,G2,6
Hungary,G3,1
Hungary,G4,5
Hungary,H1B,1
Hungary,H2A,2
Hungary,H2B,1
Hungary,H4,2
Hungary,I,4
Hungary,J1,225
Hungary,J2,8
Hungary,K1,5
Hungary,L1,11
Hungary,L2,9
Hungary,NATO2,25
Hungary,NATO4,1
Hungary,NATO6,1
Hungary,O1,3
Hungary,O3,4
Hungary,P1,5
Hungary,P3,3
Iceland,B1,1
Iceland,B1/B2,110
Iceland,C1/D,97
Iceland,F1,2
Iceland,G4,2
Iceland,J1,4
Iceland,J2,3
Iceland,L2,1
Iceland,O1,1
India,A1,4
India,A2,87
India,A3,18
India,B1,36
India,B1/B2,"77,769"
India,B2,13
India,BBBCC,1
India,C1,76
India,C1/D,"4,026"
India,C2,2
India,C3,9
India,CW1,1
India,E2,9
India,E3D,13
India,F1,590
India,F2,175
India,G1,2
India,G2,10
India,G4,129
India,H1B,"15,710"
India,H3,3
India,H4,"9,821"
India,I,10
India,J1,"1,047"
India,J2,257
India,K1,112
India,K2,6
India,L1,"1,805"
India,L2,"2,105"
India,M1,47
India,O1,146
India,O2,44
India,O3,48
India,P1,2
India,P3,142
India,P4,1
India,R1,93
India,R2,103
India,T6,2
India,TD,4
India,U1,2
India,U2,8
India,U3,8
Indonesia,A1,15
Indonesia,A2,204
Indonesia,A3,1
Indonesia,B1,42
Indonesia,B1/B2,"5,174"
Indonesia,C1,9
Indonesia,C1/D,"1,024"
Indonesia,C3,11
Indonesia,D,1
Indonesia,E2,1
Indonesia,E3D,2
Indonesia,F1,45
Indonesia,F2,3
Indonesia,G1,8
Indonesia,G2,20
Indonesia,G4,39
Indonesia,H1B,25
Indonesia,H3,1
Indonesia,H4,2
Indonesia,I,6
Indonesia,J1,213
Indonesia,J2,5
Indonesia,K1,30
Indonesia,K2,1
Indonesia,L1,8
Indonesia,L2,9
Indonesia,M1,1
Indonesia,O1,10
Indonesia,O2,5
Indonesia,O3,2
Indonesia,P1,11
Indonesia,P3,1
Indonesia,R1,4
Indonesia,R2,3
Indonesia,TD,1
Iran,B1/B2,"1,240"
Iran,B2,1
Iran,C1/D,2
Iran,F1,23
Iran,F2,16
Iran,G1,3
Iran,G2,6
Iran,G4,10
Iran,H1B,6
Iran,H4,1
Iran,J1,23
Iran,J2,5
Iran,K1,57
Iran,K2,1
Iran,L1,1
Iran,O1,1
Iran,O2,1
Iran,P1,1
Iran,TD,1
Iraq,A1,9
Iraq,A2,89
Iraq,B1/B2,309
Iraq,C2,1
Iraq,F1,11
Iraq,F2,5
Iraq,G1,4
Iraq,G2,19
Iraq,G4,2
Iraq,H1B,1
Iraq,H4,2
Iraq,J1,13
Iraq,J2,2
Iraq,K1,56
Iraq,K2,2
Iraq,O1,1
Iraq,P3,4
Ireland,A1,2
Ireland,A2,39
Ireland,B1,9
Ireland,B1/B2,246
Ireland,C1/D,112
Ireland,E1,5
Ireland,E2,9
Ireland,E3D,1
Ireland,F1,9
Ireland,F2,1
Ireland,G2,2
Ireland,G3,2
Ireland,G4,8
Ireland,H1B,10
Ireland,H2A,2
Ireland,H4,9
Ireland,I,21
Ireland,J1,253
Ireland,J2,2
Ireland,K1,6
Ireland,L1,59
Ireland,L2,28
Ireland,M1,3
Ireland,O1,18
Ireland,O2,16
Ireland,P1,33
Ireland,P3,33
Ireland,R1,1
Israel,A1,3
Israel,A2,195
Israel,B1/B2,"2,624"
Israel,B2,2
Israel,C1/D,51
Israel,E1,24
Israel,E2,45
Israel,E3D,1
Israel,F1,22
Israel,F2,3
Israel,G1,3
Israel,H1B,10
Israel,H4,7
Israel,J1,37
Israel,J2,20
Israel,K1,1
Israel,L1,64
Israel,L2,106
Israel,M1,2
Israel,O1,16
Israel,O2,13
Israel,O3,14
Israel,P1,12
Israel,R1,5
Israel,R2,6
Italy,A1,8
Italy,A2,54
Italy,B1,4
Italy,B1/B2,"1,155"
Italy,C1,1
Italy,C1/D,265
Italy,E1,20
Italy,E2,97
Italy,F1,101
Italy,F2,1
Italy,G1,1
Italy,G2,4
Italy,G3,4
Italy,G4,48
Italy,H1B,28
Italy,H2A,2
Italy,H3,1
Italy,H4,8
Italy,I,28
Italy,J1,385
Italy,J2,11
Italy,K1,10
Italy,K2,1
Italy,L1,107
Italy,L2,43
Italy,M1,3
Italy,NATO2,29
Italy,NATO4,2
Italy,NATO6,3
Italy,O1,55
Italy,O2,32
Italy,O3,7
Italy,P1,32
Italy,P2,2
Italy,P3,1
Italy,Q1,29
Italy,R1,2
Italy,TD,2
Jamaica,A1,1
Jamaica,A2,17
Jamaica,B1,31
Jamaica,B1/B2,"6,843"
Jamaica,B2,3
Jamaica,C1,34
Jamaica,C1/D,102
Jamaica,C3,17
Jamaica,E2,5
Jamaica,F1,18
Jamaica,F2,2
Jamaica,G2,1
Jamaica,G4,8
Jamaica,H1B,13
Jamaica,H2A,470
Jamaica,H2B,474
Jamaica,H4,14
Jamaica,J1,991
Jamaica,J2,38
Jamaica,K1,25
Jamaica,K2,9
Jamaica,L1,1
Jamaica,L2,4
Jamaica,M1,2
Jamaica,O1,5
Jamaica,P1,5
Jamaica,P3,1
Jamaica,P4,1
Jamaica,R1,2
Jamaica,R2,1
Japan,A1,15
Japan,A2,304
Japan,B1,17
Japan,B1/B2,354
Japan,C1/D,351
Japan,C3,55
Japan,CW1,2
Japan,E1,120
Japan,E2,"1,215"
Japan,E3D,2
Japan,F1,500
Japan,F2,22
Japan,G1,5
Japan,G2,21
Japan,G4,42
Japan,H1B,26
Japan,H3,1
Japan,H4,18
Japan,I,115
Japan,J1,235
Japan,J2,173
Japan,K1,37
Japan,K2,2
Japan,L1,212
Japan,L2,254
Japan,M1,42
Japan,O1,23
Japan,O2,24
Japan,O3,8
Japan,P1,46
Japan,P3,1
Japan,P4,5
Japan,Q1,24
Japan,R1,16
Japan,R2,3
Japan,TD,1
Jordan,A2,111
Jordan,A3,1
Jordan,B1,2
Jordan,B1/B2,"2,378"
Jordan,C1/D,60
Jordan,C3,1
Jordan,E2,1
Jordan,F1,16
Jordan,F2,9
Jordan,G1,2
Jordan,G2,2
Jordan,G4,7
Jordan,H1B,12
Jordan,H4,10
Jordan,J1,39
Jordan,J2,2
Jordan,K1,12
Jordan,L1,3
Jordan,L2,3
Jordan,O1,3
Jordan,O2,1
Kazakhstan,A2,43
Kazakhstan,B1,1
Kazakhstan,B1/B2,"1,539"
Kazakhstan,C1,8
Kazakhstan,D,16
Kazakhstan,F1,28
Kazakhstan,F2,22
Kazakhstan,G2,5
Kazakhstan,G4,3
Kazakhstan,H1B,3
Kazakhstan,H4,10
Kazakhstan,I,1
Kazakhstan,J1,35
Kazakhstan,J2,5
Kazakhstan,K1,7
Kazakhstan,K2,2
Kazakhstan,L1,5
Kazakhstan,L2,5
Kazakhstan,M1,1
Kazakhstan,O1,3
Kazakhstan,O3,1
Kazakhstan,P1,3
Kazakhstan,P4,1
Kenya,A1,8
Kenya,A2,19
Kenya,B1,43
Kenya,B1/B2,"1,119"
Kenya,B2,8
Kenya,C1,6
Kenya,C1/D,140
Kenya,C2,1
Kenya,F1,22
Kenya,F2,6
Kenya,G1,4
Kenya,G2,12
Kenya,G4,42
Kenya,H1B,11
Kenya,H3,1
Kenya,H4,6
Kenya,J1,20
Kenya,K1,46
Kenya,K2,19
Kenya,M1,1
Kenya,O1,2
Kenya,P1,2
Kenya,R1,4
Kenya,T3,3
Kiribati,A2,7
Kiribati,B1/B2,2
Kiribati,G2,3
Kiribati,G4,1
Kiribati,R1,2
"Korea, North",G3,6
"Korea, South",A1,39
"Korea, South",A2,151
"Korea, South",B1/B2,"1,118"
"Korea, South",C1/D,494
"Korea, South",C3,6
"Korea, South",CW1,9
"Korea, South",CW2,1
"Korea, South",E1,19
"Korea, South",E2,672
"Korea, South",E3D,1
"Korea, South",F1,237
"Korea, South",F2,34
"Korea, South",G1,1
"Korea, South",G2,8
"Korea, South",G4,22
"Korea, South",H1B,89
"Korea, South",H2B,2
"Korea, South",H3,2
"Korea, South",H4,27
"Korea, South",I,11
"Korea, South",J1,550
"Korea, South",J2,186
"Korea, South",K1,8
"Korea, South",L1,253
"Korea, South",L2,279
"Korea, South",M1,5
"Korea, South",O1,23
"Korea, South",O2,17
"Korea, South",O3,8
"Korea, South",P1,42
"Korea, South",P4,3
"Korea, South",R1,9
"Korea, South",R2,13
Kosovo,A1,1
Kosovo,A2,32
Kosovo,B1/B2,695
Kosovo,F1,1
Kosovo,G2,2
Kosovo,G4,1
Kosovo,H1B,2
Kosovo,J1,9
Kosovo,K1,8
Kosovo,P3,7
Kuwait,A1,8
Kuwait,A2,31
Kuwait,B1/B2,689
Kuwait,C1/D,9
Kuwait,F1,27
Kuwait,G4,1
Kuwait,J1,5
Kuwait,O1,1
Kuwait,P3,3
Kyrgyzstan,A1,2
Kyrgyzstan,A2,7
Kyrgyzstan,B1,1
Kyrgyzstan,B1/B2,706
Kyrgyzstan,C1,6
Kyrgyzstan,D,9
Kyrgyzstan,F1,31
Kyrgyzstan,G2,3
Kyrgyzstan,G4,8
Kyrgyzstan,J1,4
Kyrgyzstan,K1,3
Kyrgyzstan,K2,1
Kyrgyzstan,P1,5
Laos,A1,3
Laos,A2,12
Laos,B1,1
Laos,B1/B2,99
Laos,F1,1
Laos,G1,2
Laos,G2,5
Laos,G4,6
Laos,J1,5
Laos,K1,15
Latvia,A1,4
Latvia,A2,8
Latvia,B1,1
Latvia,B1/B2,79
Latvia,C1/D,63
Latvia,F1,1
Latvia,F2,1
Latvia,H1B,1
Latvia,J1,16
Latvia,J2,3
Latvia,L1,2
Latvia,L2,1
Latvia,NATO2,8
Latvia,NATO6,1
Latvia,O1,2
Latvia,O2,2
Latvia,P1,3
Latvia,P3,1
Latvia,P4,1
Lebanon,A1,7
Lebanon,A2,37
Lebanon,A3,1
Lebanon,B1,3
Lebanon,B1/B2,"1,421"
Lebanon,B2,1
Lebanon,C1/D,23
Lebanon,C2,1
Lebanon,F1,6
Lebanon,G4,3
Lebanon,H1B,13
Lebanon,H4,2
Lebanon,I,2
Lebanon,J1,21
Lebanon,J2,1
Lebanon,K1,14
Lebanon,L1,5
Lebanon,M1,1
Lebanon,O1,1
Lebanon,O2,9
Lebanon,P3,5
Lebanon,TD,2
Lesotho,B1/B2,15
Lesotho,G1,3
Lesotho,G2,2
Lesotho,G4,1
Lesotho,J1,1
Liberia,A1,4
Liberia,A2,9
Liberia,B1/B2,96
Liberia,C1/D,1
Liberia,G4,2
Liberia,J1,2
Liberia,K1,18
Liberia,K2,7
Libya,A1,8
Libya,A2,13
Libya,B1/B2,123
Libya,C1,1
Libya,D,1
Libya,F1,6
Libya,F2,1
Libya,G1,2
Libya,G2,21
Libya,H1B,1
Libya,H4,1
Libya,J1,4
Libya,K1,2
Libya,L1,1
Liechtenstein,A2,2
Liechtenstein,B1/B2,1
Liechtenstein,L2,3
Lithuania,A2,14
Lithuania,B1,5
Lithuania,B1/B2,33
Lithuania,C1/D,14
Lithuania,E2,8
Lithuania,F1,1
Lithuania,G2,4
Lithuania,H1B,1
Lithuania,H2A,1
Lithuania,H2B,21
Lithuania,H4,1
Lithuania,I,1
Lithuania,J1,117
Lithuania,K1,1
Lithuania,L1,3
Lithuania,L2,1
Lithuania,NATO2,15
Luxembourg,A1,2
Luxembourg,A2,8
Luxembourg,B1/B2,14
Luxembourg,C1/D,3
Luxembourg,G1,3
Luxembourg,G4,2
Luxembourg,H1B,1
Luxembourg,J1,6
Luxembourg,P1,1
Macau S.A.R.,B1,2
Macau S.A.R.,B1/B2,147
Macau S.A.R.,F1,4
Macau S.A.R.,H1B,1
Macau S.A.R.,J1,1
Macau S.A.R.,L1,2
Macau S.A.R.,L2,1
Madagascar,B1/B2,76
Madagascar,C1,40
Madagascar,C1/D,1
Madagascar,C3,1
Madagascar,D,10
Madagascar,F1,2
Madagascar,G1,5
Madagascar,G2,2
Madagascar,G4,11
Madagascar,H1B,2
Madagascar,J1,3
Madagascar,K1,2
Madagascar,K2,1
Madagascar,R1,1
Malawi,A1,1
Malawi,A2,16
Malawi,B1/B2,201
Malawi,C1,1
Malawi,C1/D,6
Malawi,F1,4
Malawi,F2,3
Malawi,G2,36
Malawi,G4,11
Malawi,G5,1
Malawi,J1,5
Malawi,K1,1
Malawi,R1,1
Malaysia,A1,19
Malaysia,A2,34
Malaysia,B1,51
Malaysia,B1/B2,"2,447"
Malaysia,C1,4
Malaysia,C1/D,262
Malaysia,C2,1
Malaysia,E3D,1
Malaysia,F1,42
Malaysia,G2,6
Malaysia,G4,8
Malaysia,H1B,48
Malaysia,H3,4
Malaysia,H4,4
Malaysia,J1,44
Malaysia,J2,9
Malaysia,K1,4
Malaysia,L1,41
Malaysia,L2,19
Malaysia,M1,1
Malaysia,O1,7
Malaysia,P3,1
Malaysia,R1,3
Maldives,A1,1
Maldives,A2,3
Maldives,B1/B2,6
Maldives,G2,6
Maldives,G4,2
Maldives,M1,3
Mali,A2,2
Mali,B1,1
Mali,B1/B2,308
Mali,F1,3
Mali,G2,1
Mali,G4,4
Mali,I,3
Mali,J1,1
Mali,K1,2
Mali,P1,1
Mali,P3,3
Malta,A2,3
Malta,B1/B2,5
Malta,C1/D,2
Malta,G2,2
Malta,J1,3
Malta,O2,1
Malta,P1,1
Marshall Islands,A1,2
Mauritania,A1,1
Mauritania,A2,6
Mauritania,B1/B2,41
Mauritania,G1,3
Mauritania,G2,8
Mauritania,G4,3
Mauritania,H1B,1
Mauritius,A2,2
Mauritius,A3,1
Mauritius,B1/B2,290
Mauritius,C1/D,93
Mauritius,F1,2
Mauritius,G2,4
Mauritius,G4,2
Mauritius,H1B,2
Mauritius,J1,4
Mauritius,K1,1
Mauritius,L1,1
Mexico,A1,22
Mexico,A2,151
Mexico,B1,337
Mexico,B1/B2,"1,604"
Mexico,B2,5
Mexico,BBBCC,"159,677"
Mexico,BBBCV,"3,333"
Mexico,C1,5
Mexico,C1/D,325
Mexico,E1,21
Mexico,E2,167
Mexico,F1,125
Mexico,F2,10
Mexico,G1,3
Mexico,G4,33
Mexico,H1B,99
Mexico,H2A,"27,203"
Mexico,H2B,"8,944"
Mexico,H3,5
Mexico,H4,506
Mexico,I,60
Mexico,J1,"1,111"
Mexico,J2,11
Mexico,K1,415
Mexico,K2,98
Mexico,L1,260
Mexico,L2,311
Mexico,M1,24
Mexico,O1,74
Mexico,O2,433
Mexico,O3,25
Mexico,P1,514
Mexico,P3,60
Mexico,P4,16
Mexico,Q1,6
Mexico,R1,32
Mexico,R2,4
Mexico,T2,1
Mexico,T3,5
Mexico,TD,895
Mexico,TN,"1,409"
Mexico,U1,10
Mexico,U2,3
Mexico,U3,20
"Micronesia, Federated States of",A1,4
Moldova,A2,18
Moldova,B1,1
Moldova,B1/B2,236
Moldova,C1/D,21
Moldova,F1,2
Moldova,G2,1
Moldova,G4,4
Moldova,I,1
Moldova,J1,52
Moldova,K1,2
Moldova,L2,2
Moldova,O1,1
Moldova,P1,3
Moldova,P3,13
Moldova,P4,2
Moldova,R1,1
Monaco,B1/B2,1
Monaco,F1,1
Mongolia,A1,5
Mongolia,A2,21
Mongolia,B1/B2,"1,073"
Mongolia,C1,4
Mongolia,C1/D,2
Mongolia,E2,6
Mongolia,F1,12
Mongolia,F2,4
Mongolia,G2,9
Mongolia,G4,3
Mongolia,H1B,3
Mongolia,J1,181
Mongolia,J2,1
Mongolia,K1,1
Mongolia,O1,1
Mongolia,P3,1
Mongolia,R1,2
Montenegro,A1,2
Montenegro,A2,21
Montenegro,B1,3
Montenegro,B1/B2,319
Montenegro,C1/D,139
Montenegro,F1,1
Montenegro,G2,4
Montenegro,G4,1
Montenegro,H1B,1
Montenegro,J1,4
Montenegro,K1,3
Morocco,A1,2
Morocco,A2,33
Morocco,A3,1
Morocco,B1,1
Morocco,B1/B2,"2,803"
Morocco,C1/D,69
Morocco,E2,1
Morocco,F1,22
Morocco,G2,15
Morocco,G4,6
Morocco,H1B,6
Morocco,H4,4
Morocco,I,3
Morocco,J1,24
Morocco,J2,1
Morocco,K1,20
Morocco,L1,5
Morocco,L2,5
Morocco,M1,1
Mozambique,A1,1
Mozambique,A2,9
Mozambique,B1,5
Mozambique,B1/B2,88
Mozambique,C1,12
Mozambique,C1/D,1
Mozambique,C2,2
Mozambique,F1,4
Mozambique,G1,4
Mozambique,G2,15
Mozambique,G4,2
Mozambique,J1,3
Namibia,A2,2
Namibia,B1,5
Namibia,B1/B2,99
Namibia,C1/D,9
Namibia,C2,1
Namibia,C3,1
Namibia,F1,2
Namibia,G1,1
Namibia,G2,5
Namibia,H2A,1
Namibia,H4,1
Namibia,J1,7
Namibia,P1,1
Nauru,G2,5
Nauru,G4,1
Nepal,A2,5
Nepal,A3,1
Nepal,B1,2
Nepal,B1/B2,"2,989"
Nepal,C1,27
Nepal,C1/D,24
Nepal,C2,9
Nepal,CW1,3
Nepal,CW2,1
Nepal,F1,201
Nepal,F2,13
Nepal,G2,4
Nepal,G4,20
Nepal,H1B,44
Nepal,H4,24
Nepal,I,1
Nepal,J1,45
Nepal,J2,10
Nepal,K1,40
Nepal,K2,2
Nepal,L1,5
Nepal,L2,4
Nepal,M1,1
Nepal,O1,1
Nepal,R1,1
Nepal,U2,1
Nepal,U3,2
Netherlands,A1,4
Netherlands,A2,56
Netherlands,B1,43
Netherlands,B1/B2,550
Netherlands,C1,1
Netherlands,C1/D,104
Netherlands,C3,1
Netherlands,E2,36
Netherlands,E3D,1
Netherlands,F1,17
Netherlands,F2,3
Netherlands,G1,9
Netherlands,G2,8
Netherlands,G3,1
Netherlands,G4,10
Netherlands,H1B,7
Netherlands,H2A,7
Netherlands,H4,8
Netherlands,I,19
Netherlands,J1,102
Netherlands,J2,5
Netherlands,K1,2
Netherlands,L1,70
Netherlands,L2,45
Netherlands,N8,1
Netherlands,NATO2,3
Netherlands,NATO4,4
Netherlands,NATO6,21
Netherlands,O1,18
Netherlands,O2,12
Netherlands,O3,2
Netherlands,P1,88
Netherlands,R1,3
New Zealand,A1,1
New Zealand,A2,75
New Zealand,B1/B2,241
New Zealand,C1,2
New Zealand,C1/D,83
New Zealand,C3,30
New Zealand,E2,13
New Zealand,E3D,10
New Zealand,F1,8
New Zealand,G1,2
New Zealand,G2,3
New Zealand,G4,1
New Zealand,H1B,18
New Zealand,H2A,11
New Zealand,H2B,1
New Zealand,H4,16
New Zealand,I,7
New Zealand,J1,144
New Zealand,J2,1
New Zealand,K1,4
New Zealand,K2,2
New Zealand,L1,19
New Zealand,L2,14
New Zealand,M1,2
New Zealand,O1,17
New Zealand,O2,4
New Zealand,O3,4
New Zealand,P1,15
New Zealand,P2,1
New Zealand,P3,10
New Zealand,P4,3
New Zealand,R1,2
Nicaragua,A1,2
Nicaragua,A2,14
Nicaragua,B1,31
Nicaragua,B1/B2,"1,258"
Nicaragua,C1,31
Nicaragua,C1/D,44
Nicaragua,F1,4
Nicaragua,G4,3
Nicaragua,H1B,2
Nicaragua,H2A,151
Nicaragua,H2B,2
Nicaragua,H4,4
Nicaragua,J1,5
Nicaragua,J2,1
Nicaragua,K1,10
Nicaragua,K2,2
Nicaragua,P1,8
Niger,A2,6
Niger,A3,1
Niger,B1/B2,83
Niger,F1,6
Niger,G1,2
Niger,G2,1
Niger,G4,5
Niger,H1B,2
Niger,J1,3
Nigeria,A1,3
Nigeria,A2,57
Nigeria,B1,6
Nigeria,B1/B2,"6,184"
Nigeria,C1,5
Nigeria,C1/D,10
Nigeria,C2,25
Nigeria,F1,154
Nigeria,F2,36
Nigeria,G1,8
Nigeria,G2,40
Nigeria,G4,28
Nigeria,H1B,72
Nigeria,H3,1
Nigeria,H4,32
Nigeria,I,6
Nigeria,J1,33
Nigeria,J2,29
Nigeria,K1,29
Nigeria,K2,3
Nigeria,L1,16
Nigeria,L2,24
Nigeria,M1,5
Nigeria,O1,16
Nigeria,O2,2
Nigeria,O3,17
Nigeria,P1,4
Nigeria,P3,10
Nigeria,R1,12
Nigeria,R2,1
*Non-Nationality Based Issuances,B1,1
*Non-Nationality Based Issuances,B1/B2,145
*Non-Nationality Based Issuances,B2,2
*Non-Nationality Based Issuances,C1/D,20
*Non-Nationality Based Issuances,F1,3
*Non-Nationality Based Issuances,G4,7
*Non-Nationality Based Issuances,K1,7
*Non-Nationality Based Issuances,L1,1
North Macedonia,A1,4
North Macedonia,A2,4
North Macedonia,B1,2
North Macedonia,B1/B2,475
North Macedonia,B2,1
North Macedonia,C1,1
North Macedonia,C1/D,15
North Macedonia,F1,2
North Macedonia,G2,7
North Macedonia,G4,1
North Macedonia,H1B,1
North Macedonia,H2A,1
North Macedonia,H4,3
North Macedonia,I,2
North Macedonia,J1,19
North Macedonia,K1,8
Norway,A1,2
Norway,A2,22
Norway,B1/B2,248
Norway,C1/D,69
Norway,C2,1
Norway,E2,5
Norway,F1,9
Norway,F2,2
Norway,G1,1
Norway,G2,8
Norway,G4,4
Norway,H4,3
Norway,I,7
Norway,J1,23
Norway,J2,9
Norway,K1,2
Norway,L1,10
Norway,L2,2
Norway,M1,9
Norway,NATO2,6
Norway,NATO4,1
Norway,O1,6
Norway,O2,5
Norway,P1,14
Norway,P4,3
Norway,Q1,10
Oman,A2,29
Oman,B1/B2,230
Oman,C1/D,20
Oman,F1,3
Oman,G1,2
Oman,G2,5
Oman,H1B,2
Oman,L1,2
Oman,L2,5
Oman,O1,1
Pakistan,A1,15
Pakistan,A2,52
Pakistan,B1,3
Pakistan,B1/B2,"8,572"
Pakistan,B2,2
Pakistan,C1,4
Pakistan,C1/D,45
Pakistan,C2,1
Pakistan,E1,4
Pakistan,E2,3
Pakistan,F1,186
Pakistan,F2,46
Pakistan,G1,2
Pakistan,G2,1
Pakistan,G4,17
Pakistan,H1B,128
Pakistan,H4,113
Pakistan,I,3
Pakistan,J1,165
Pakistan,J2,76
Pakistan,K1,7
Pakistan,L1,37
Pakistan,L2,46
Pakistan,M1,4
Pakistan,M2,1
Pakistan,O1,5
Pakistan,O3,3
Pakistan,P3,2
Pakistan,R2,1
Pakistan,TD,11
Palau,A2,1
Palau,B1/B2,1
Palau,G2,1
Palau,J1,1
Palestinian Authority Travel Document,B1,2
Palestinian Authority Travel Document,B1/B2,670
Palestinian Authority Travel Document,C1/D,1
Palestinian Authority Travel Document,F1,3
Palestinian Authority Travel Document,F2,1
Palestinian Authority Travel Document,H4,1
Palestinian Authority Travel Document,J1,3
Palestinian Authority Travel Document,K1,6
Palestinian Authority Travel Document,L1,1
Palestinian Authority Travel Document,M1,1
Palestinian Authority Travel Document,O1,1
Panama,A1,1
Panama,A2,19
Panama,A3,1
Panama,B1,3
Panama,B1/B2,"1,340"
Panama,BBBCC,1
Panama,C1,3
Panama,C1/D,101
Panama,E2,2
Panama,F1,26
Panama,F2,1
Panama,G1,1
Panama,G4,2
Panama,H1B,4
Panama,H2A,1
Panama,H4,1
Panama,J1,18
Panama,J2,2
Panama,K1,8
Panama,K2,1
Panama,L1,1
Panama,L2,1
Panama,M1,4
Panama,O1,2
Panama,O2,1
Panama,O3,3
Panama,P1,9
Panama,P4,2
Papua New Guinea,A1,1
Papua New Guinea,A2,16
Papua New Guinea,B1/B2,63
Papua New Guinea,C1,4
Papua New Guinea,C3,5
Papua New Guinea,D,1
Papua New Guinea,G1,1
Papua New Guinea,G2,1
Papua New Guinea,G4,1
Papua New Guinea,J1,2
Papua New Guinea,P3,1
Paraguay,A1,6
Paraguay,A2,20
Paraguay,B1,11
Paraguay,B1/B2,869
Paraguay,C1/D,4
Paraguay,C2,1
Paraguay,C3,2
Paraguay,F1,3
Paraguay,F2,1
Paraguay,G1,1
Paraguay,G2,10
Paraguay,G4,6
Paraguay,H1B,1
Paraguay,H2A,1
Paraguay,I,2
Paraguay,J1,15
Paraguay,K1,2
Paraguay,K2,1
Paraguay,L2,2
Paraguay,P1,1
Paraguay,R1,2
Peru,A1,20
Peru,A2,29
Peru,B1,53
Peru,B1/B2,"11,697"
Peru,C1,35
Peru,C1/D,187
Peru,C3,7
Peru,F1,76
Peru,F2,10
Peru,G1,3
Peru,G2,3
Peru,G4,15
Peru,G5,2
Peru,H1B,16
Peru,H2A,166
Peru,H4,9
Peru,I,1
Peru,J1,82
Peru,J2,3
Peru,K1,38
Peru,K2,6
Peru,L1,17
Peru,L2,18
Peru,M1,3
Peru,O1,7
Peru,O2,3
Peru,O3,5
Peru,P1,3
Peru,P3,13
Peru,P4,4
Peru,R1,8
Peru,R2,2
Philippines,A1,2
Philippines,A2,158
Philippines,A3,21
Philippines,B1,369
Philippines,B1/B2,"15,459"
Philippines,B2,6
Philippines,C1,100
Philippines,C1/D,"8,488"
Philippines,C2,2
Philippines,C3,11
Philippines,CW1,343
Philippines,CW2,81
Philippines,E2,14
Philippines,F1,19
Philippines,F2,3
Philippines,G1,7
Philippines,G2,18
Philippines,G4,17
Philippines,G5,5
Philippines,H1B,219
Philippines,H2A,11
Philippines,H2B,257
Philippines,H3,5
Philippines,H4,175
Philippines,I,1
Philippines,J1,247
Philippines,J2,188
Philippines,K1,838
Philippines,K2,187
Philippines,L1,81
Philippines,L2,63
Philippines,M1,1
Philippines,O1,4
Philippines,O2,28
Philippines,O3,1
Philippines,P1,14
Philippines,R1,9
Philippines,R2,8
Philippines,T2,1
Philippines,T3,6
Philippines,TD,3
Philippines,U2,1
Philippines,U3,2
Poland,A1,1
Poland,A2,66
Poland,B1,5
Poland,B1/B2,694
Poland,C1/D,226
Poland,D,1
Poland,E1,1
Poland,E2,6
Poland,E3D,1
Poland,F1,9
Poland,F2,2
Poland,G2,7
Poland,G3,1
Poland,G4,9
Poland,H1B,13
Poland,H3,1
Poland,H4,7
Poland,I,19
Poland,J1,243
Poland,J2,8
Poland,K1,14
Poland,L1,46
Poland,L2,23
Poland,NATO2,68
Poland,NATO4,1
Poland,NATO6,4
Poland,O1,7
Poland,O2,10
Poland,O3,2
Poland,P1,23
Poland,P3,2
Poland,P4,1
Poland,TD,2
Poland,U1,1
Portugal,A1,1
Portugal,A2,5
Portugal,B1,9
Portugal,B1/B2,456
Portugal,C1/D,291
Portugal,F1,12
Portugal,F2,1
Portugal,G2,16
Portugal,G3,1
Portugal,G4,8
Portugal,H1B,5
Portugal,I,5
Portugal,J1,29
Portugal,J2,2
Portugal,K1,3
Portugal,L1,36
Portugal,L2,9
Portugal,M1,1
Portugal,NATO2,5
Portugal,NATO4,1
Portugal,O1,10
Portugal,O2,1
Portugal,P1,9
Portugal,P3,2
Portugal,P4,5
Portugal,R1,2
Portugal,U2,1
Portugal,U3,1
Qatar,A1,4
Qatar,A2,104
Qatar,A3,3
Qatar,B1,2
Qatar,B1/B2,361
Qatar,C1/D,2
Qatar,F1,1
Qatar,G2,17
Qatar,J1,1
Qatar,L1,1
Qatar,M1,1
Romania,A1,1
Romania,A2,13
Romania,B1,35
Romania,B1/B2,"5,207"
Romania,C1,1
Romania,C1/D,282
Romania,C3,3
Romania,E2,2
Romania,F1,5
Romania,G1,1
Romania,G2,10
Romania,G3,2
Romania,G4,14
Romania,H1B,5
Romania,H2A,47
Romania,H2B,22
Romania,H4,4
Romania,I,6
Romania,J1,634
Romania,J2,2
Romania,K1,7
Romania,L1,9
Romania,L2,12
Romania,NATO2,39
Romania,NATO4,2
Romania,O1,3
Romania,O2,2
Romania,O3,1
Romania,P3,21
Romania,TD,3
Russia,A1,8
Russia,A2,9
Russia,B1,5
Russia,B1/B2,"4,239"
Russia,B2,1
Russia,C1,2
Russia,C1/D,258
Russia,E2,2
Russia,F1,76
Russia,F2,14
Russia,G1,5
Russia,G2,17
Russia,G4,50
Russia,H1B,18
Russia,H4,21
Russia,I,4
Russia,J1,103
Russia,J2,18
Russia,K1,44
Russia,K2,6
Russia,L1,51
Russia,L2,70
Russia,M1,2
Russia,O1,26
Russia,O2,4
Russia,O3,30
Russia,P1,14
Russia,R1,3
Rwanda,A2,21
Rwanda,B1/B2,227
Rwanda,C1,1
Rwanda,C1/D,2
Rwanda,F1,8
Rwanda,G4,13
Rwanda,H1B,6
Rwanda,J1,2
Rwanda,J2,2
Rwanda,K1,11
Rwanda,K2,3
Rwanda,N8,1
Rwanda,P1,1
Rwanda,R1,1
Rwanda,R2,4
Saint Kitts and Nevis,A2,1
Saint Kitts and Nevis,B1/B2,289
Saint Kitts and Nevis,C1,1
Saint Kitts and Nevis,C1/D,1
Saint Kitts and Nevis,G4,1
Saint Kitts and Nevis,J1,3
Saint Lucia,B1,1
Saint Lucia,B1/B2,274
Saint Lucia,C1/D,16
Saint Lucia,F1,1
Saint Lucia,G4,1
Saint Lucia,J1,2
Saint Lucia,K1,1
Saint Lucia,K2,2
Saint Vincent and the Grenadines,A1,2
Saint Vincent and the Grenadines,A2,2
Saint Vincent and the Grenadines,B1,4
Saint Vincent and the Grenadines,B1/B2,192
Saint Vincent and the Grenadines,C1/D,18
Saint Vincent and the Grenadines,G4,1
Saint Vincent and the Grenadines,J1,2
Samoa,A2,1
Samoa,B1/B2,11
Samoa,C1/D,5
Samoa,C3,1
Samoa,G1,1
Samoa,J1,1
Samoa,R1,4
San Marino,B1/B2,1
Sao Tome and Principe,A2,1
Sao Tome and Principe,B1/B2,1
Sao Tome and Principe,G2,4
Saudi Arabia,A1,11
Saudi Arabia,A2,399
Saudi Arabia,B1,1
Saudi Arabia,B1/B2,"2,723"
Saudi Arabia,B2,1
Saudi Arabia,D,64
Saudi Arabia,F1,154
Saudi Arabia,F2,135
Saudi Arabia,G2,12
Saudi Arabia,G4,3
Saudi Arabia,H1B,9
Saudi Arabia,H4,4
Saudi Arabia,J1,25
Saudi Arabia,J2,3
Saudi Arabia,K1,1
Saudi Arabia,L1,6
Saudi Arabia,L2,9
Saudi Arabia,M1,41
Saudi Arabia,M2,2
Saudi Arabia,O1,2
Senegal,A1,1
Senegal,A2,4
Senegal,B1/B2,465
Senegal,C1,1
Senegal,C2,1
Senegal,F1,7
Senegal,F2,1
Senegal,G1,1
Senegal,G2,11
Senegal,G4,9
Senegal,H1B,2
Senegal,H4,1
Senegal,I,2
Senegal,J1,3
Senegal,J2,1
Senegal,K1,6
Senegal,L2,2
Senegal,O1,1
Senegal,P1,3
Serbia,A2,42
Serbia,B1,9
Serbia,B1/B2,"1,515"
Serbia,B2,1
Serbia,C1,3
Serbia,C1/D,112
Serbia,E2,1
Serbia,F1,10
Serbia,F2,1
Serbia,G2,1
Serbia,G4,2
Serbia,H1B,3
Serbia,H2B,1
Serbia,I,3
Serbia,J1,12
Serbia,K1,5
Serbia,L1,11
Serbia,L2,6
Serbia,O1,5
Serbia,O3,1
Serbia,P1,2
Serbia,P3,2
Serbia,P4,4
Seychelles,B1/B2,23
Seychelles,G2,5
Seychelles,G4,1
Seychelles,J1,2
Sierra Leone,A1,1
Sierra Leone,A2,41
Sierra Leone,A3,1
Sierra Leone,B1,1
Sierra Leone,B1/B2,53
Sierra Leone,B2,1
Sierra Leone,F1,5
Sierra Leone,F2,3
Sierra Leone,G1,8
Sierra Leone,G2,31
Sierra Leone,G4,2
Sierra Leone,H1B,1
Sierra Leone,J1,2
Sierra Leone,J2,1
Sierra Leone,K1,8
Sierra Leone,K2,1
Singapore,A1,4
Singapore,A2,103
Singapore,B1,1
Singapore,B1/B2,48
Singapore,C1/D,158
Singapore,C3,1
Singapore,CW1,1
Singapore,E2,3
Singapore,F1,27
Singapore,F2,5
Singapore,G1,2
Singapore,G2,5
Singapore,G4,3
Singapore,H1B,43
Singapore,H1B1,78
Singapore,H3,3
Singapore,H4,12
Singapore,I,1
Singapore,J1,32
Singapore,J2,4
Singapore,L1,24
Singapore,L2,14
Singapore,O1,8
Singapore,O3,1
Singapore,P1,1
Slovakia,A1,2
Slovakia,A2,5
Slovakia,B1,16
Slovakia,B1/B2,110
Slovakia,C1/D,12
Slovakia,E2,5
Slovakia,F1,5
Slovakia,G2,4
Slovakia,H1B,3
Slovakia,I,1
Slovakia,J1,30
Slovakia,J2,1
Slovakia,K1,3
Slovakia,L1,4
Slovakia,L2,2
Slovakia,NATO2,10
Slovakia,O1,1
Slovakia,O2,1
Slovakia,P1,6
Slovakia,R1,1
Slovenia,A1,2
Slovenia,A2,4
Slovenia,B1,3
Slovenia,B1/B2,31
Slovenia,C1/D,6
Slovenia,C3,2
Slovenia,E2,2
Slovenia,F1,1
Slovenia,G1,2
Slovenia,G2,4
Slovenia,G4,1
Slovenia,H1B,1
Slovenia,I,1
Slovenia,J1,6
Slovenia,J2,3
Slovenia,L1,2
Slovenia,L2,1
Slovenia,NATO2,14
Slovenia,O2,2
Slovenia,P1,1
Solomon Islands,B1/B2,8
Somalia,A1,1
Somalia,A2,4
Somalia,B1/B2,10
Somalia,F1,2
Somalia,G2,10
Somalia,K1,4
South Africa,A1,6
South Africa,A2,15
South Africa,A3,1
South Africa,B1,17
South Africa,B1/B2,"3,691"
South Africa,B2,1
South Africa,C1,7
South Africa,C1/D,365
South Africa,C3,4
South Africa,E2,1
South Africa,F1,25
South Africa,G2,5
South Africa,G4,19
South Africa,H1B,8
South Africa,H2A,"4,726"
South Africa,H2B,140
South Africa,H4,64
South Africa,I,1
South Africa,J1,309
South Africa,J2,3
South Africa,K1,29
South Africa,K2,1
South Africa,L1,42
South Africa,L2,62
South Africa,M1,3
South Africa,M2,1
South Africa,O1,11
South Africa,O2,1
South Africa,O3,1
South Africa,P1,3
South Africa,P4,1
South Africa,R1,5
South Africa,TD,1
South Sudan,A1,7
South Sudan,A2,5
South Sudan,B1,5
South Sudan,B1/B2,5
South Sudan,F1,5
South Sudan,G1,1
South Sudan,G2,14
South Sudan,G4,5
South Sudan,J1,1
South Sudan,K1,1
South Sudan,O1,2
Spain,A1,4
Spain,A2,23
Spain,B1,4
Spain,B1/B2,"2,013"
Spain,B2,17
Spain,C1/D,453
Spain,E1,19
Spain,E2,111
Spain,F1,94
Spain,F2,6
Spain,G2,7
Spain,G3,1
Spain,G4,52
Spain,H1B,35
Spain,H3,5
Spain,H4,7
Spain,I,39
Spain,J1,616
Spain,J2,18
Spain,K1,11
Spain,K2,1
Spain,L1,83
Spain,L2,65
Spain,M1,3
Spain,NATO2,6
Spain,NATO4,5
Spain,O1,46
Spain,O2,19
Spain,O3,11
Spain,P1,34
Spain,P3,140
Spain,P4,9
Sri Lanka,A2,21
Sri Lanka,A3,2
Sri Lanka,B1,3
Sri Lanka,B1/B2,869
Sri Lanka,C1,5
Sri Lanka,C1/D,88
Sri Lanka,CW1,1
Sri Lanka,E2,5
Sri Lanka,E3D,1
Sri Lanka,F1,13
Sri Lanka,F2,6
Sri Lanka,G1,4
Sri Lanka,G2,6
Sri Lanka,G4,11
Sri Lanka,H1B,11
Sri Lanka,H4,2
Sri Lanka,I,1
Sri Lanka,J1,11
Sri Lanka,J2,1
Sri Lanka,K1,4
Sri Lanka,L1,10
Sri Lanka,L2,9
Sri Lanka,M1,4
Sri Lanka,O1,1
Sri Lanka,P3,3
Sri Lanka,R1,2
Sudan,A2,3
Sudan,A3,2
Sudan,B1,5
Sudan,B1/B2,175
Sudan,C2,1
Sudan,D,2
Sudan,F1,5
Sudan,F2,3
Sudan,G1,1
Sudan,G2,1
Sudan,G4,9
Sudan,H1B,1
Sudan,J1,4
Sudan,J2,5
Sudan,K1,2
Suriname,A1,1
Suriname,A2,11
Suriname,B1/B2,641
Suriname,C1/D,2
Suriname,C3,5
Suriname,G2,2
Suriname,G4,1
Suriname,I,1
Suriname,J1,4
Sweden,A2,171
Sweden,B1,1
Sweden,B1/B2,487
Sweden,B2,1
Sweden,C1/D,70
Sweden,C3,3
Sweden,E1,2
Sweden,E2,68
Sweden,F1,25
Sweden,F2,1
Sweden,G1,1
Sweden,G2,21
Sweden,G3,1
Sweden,G4,10
Sweden,H1B,6
Sweden,H4,1
Sweden,I,20
Sweden,J1,76
Sweden,K1,4
Sweden,L1,33
Sweden,L2,25
Sweden,M1,2
Sweden,O1,22
Sweden,O2,10
Sweden,O3,4
Sweden,P1,48
Sweden,P3,5
Sweden,P4,7
Sweden,Q1,1
Sweden,R1,1
Switzerland,A1,1
Switzerland,A2,29
Switzerland,B1,9
Switzerland,B1/B2,442
Switzerland,B2,1
Switzerland,C1/D,76
Switzerland,E1,1
Switzerland,E2,26
Switzerland,E3D,2
Switzerland,F1,90
Switzerland,F2,8
Switzerland,G1,3
Switzerland,G2,3
Switzerland,G4,10
Switzerland,H1B,3
Switzerland,H4,3
Switzerland,I,9
Switzerland,J1,60
Switzerland,J2,3
Switzerland,K1,2
Switzerland,L1,21
Switzerland,L2,20
Switzerland,M1,4
Switzerland,O1,11
Switzerland,O2,8
Switzerland,O3,1
Switzerland,P1,6
Switzerland,P3,1
Switzerland,P4,1
Switzerland,TD,1
Syria,B1,5
Syria,B1/B2,269
Syria,F1,3
Syria,F2,3
Syria,G1,6
Syria,G4,2
Syria,H1B,3
Syria,H4,1
Syria,J1,8
Syria,J2,2
Syria,K1,26
Syria,L2,1
Taiwan,A2,1
Taiwan,B1,2
Taiwan,B1/B2,505
Taiwan,C1/D,113
Taiwan,E1,13
Taiwan,E2,182
Taiwan,E3D,1
Taiwan,F1,97
Taiwan,F2,6
Taiwan,G4,1
Taiwan,H1B,159
Taiwan,H3,1
Taiwan,H4,19
Taiwan,I,5
Taiwan,J1,104
Taiwan,J2,14
Taiwan,K1,5
Taiwan,L1,104
Taiwan,L2,59
Taiwan,M1,4
Taiwan,O1,18
Taiwan,O2,4
Taiwan,O3,3
Taiwan,P1,12
Taiwan,P3,3
Taiwan,R1,6
Taiwan,R2,2
Taiwan,TD,1
Tajikistan,A2,6
Tajikistan,B1/B2,156
Tajikistan,C1,2
Tajikistan,D,3
Tajikistan,F1,2
Tajikistan,G1,1
Tajikistan,G2,6
Tajikistan,G4,11
Tajikistan,H1B,1
Tajikistan,H4,4
Tajikistan,J1,3
Tajikistan,J2,3
Tajikistan,K1,2
Tajikistan,L1,1
Tanzania,A1,9
Tanzania,A2,14
Tanzania,B1,6
Tanzania,B1/B2,501
Tanzania,C1,1
Tanzania,C1/D,7
Tanzania,F1,6
Tanzania,G1,9
Tanzania,G2,6
Tanzania,G4,23
Tanzania,H1B,1
Tanzania,J1,8
Tanzania,J2,1
Tanzania,K1,2
Tanzania,L1,2
Tanzania,L2,4
Tanzania,O3,1
Tanzania,R1,1
Thailand,A2,127
Thailand,A3,1
Thailand,B1,10
Thailand,B1/B2,"4,960"
Thailand,B2,62
Thailand,C1,7
Thailand,C1/D,327
Thailand,C3,10
Thailand,E2,40
Thailand,E2C,1
Thailand,F1,56
Thailand,F2,3
Thailand,G2,4
Thailand,G4,5
Thailand,H1B,27
Thailand,H2A,2
Thailand,H4,3
Thailand,I,4
Thailand,J1,"2,799"
Thailand,J2,1
Thailand,K1,74
Thailand,K2,9
Thailand,L1,18
Thailand,L2,13
Thailand,O1,4
Thailand,R1,5
Thailand,TD,1
Timor-Leste,A2,6
Timor-Leste,B1,1
Timor-Leste,B1/B2,4
Timor-Leste,G1,2
Timor-Leste,G4,1
Timor-Leste,J1,2
Togo,A2,3
Togo,B1/B2,206
Togo,F1,8
Togo,F2,1
Togo,G4,2
Togo,J1,2
Togo,K1,12
Togo,K2,1
Tonga,A2,1
Tonga,B1/B2,32
Tonga,C1/D,1
Tonga,G2,2
Tonga,J1,1
Tonga,R1,11
Trinidad and Tobago,A2,5
Trinidad and Tobago,A3,1
Trinidad and Tobago,B1/B2,"4,239"
Trinidad and Tobago,C1,1
Trinidad and Tobago,C1/D,10
Trinidad and Tobago,C3,2
Trinidad and Tobago,E2,6
Trinidad and Tobago,F1,6
Trinidad and Tobago,G1,1
Trinidad and Tobago,G2,1
Trinidad and Tobago,G4,12
Trinidad and Tobago,H1B,8
Trinidad and Tobago,H4,3
Trinidad and Tobago,I,1
Trinidad and Tobago,J1,7
Trinidad and Tobago,J2,1
Trinidad and Tobago,K1,2
Trinidad and Tobago,L1,12
Trinidad and Tobago,L2,8
Trinidad and Tobago,M1,2
Trinidad and Tobago,O1,2
Trinidad and Tobago,O2,1
Trinidad and Tobago,O3,1
Trinidad and Tobago,P1,2
Trinidad and Tobago,P3,5
Trinidad and Tobago,R1,2
Trinidad and Tobago,R2,3
Tunisia,A2,16
Tunisia,B1/B2,525
Tunisia,B2,2
Tunisia,C1,1
Tunisia,C1/D,77
Tunisia,C2,2
Tunisia,D,1
Tunisia,F1,21
Tunisia,G1,1
Tunisia,G2,3
Tunisia,G4,10
Tunisia,H1B,6
Tunisia,H4,3
Tunisia,J1,22
Tunisia,J2,1
Tunisia,K1,6
Tunisia,L1,1
Tunisia,L2,3
Tunisia,O1,1
Tunisia,O3,3
Turkey,A1,62
Turkey,A2,57
Turkey,B1,3
Turkey,B1/B2,"12,116"
Turkey,C1,1
Turkey,C1/D,448
Turkey,C3,4
Turkey,E1,19
Turkey,E2,66
Turkey,F1,99
Turkey,F2,7
Turkey,G1,8
Turkey,G2,17
Turkey,G4,9
Turkey,H1B,29
Turkey,H2A,1
Turkey,H2B,1
Turkey,H4,27
Turkey,I,4
Turkey,J1,399
Turkey,J2,51
Turkey,K1,36
Turkey,L1,45
Turkey,L2,54
Turkey,NATO2,7
Turkey,NATO5,6
Turkey,O1,15
Turkey,O3,5
Turkey,P1,1
Turkey,Q1,8
Turkey,R1,1
Turkey,R2,1
Turkmenistan,A2,11
Turkmenistan,B1,2
Turkmenistan,B1/B2,127
Turkmenistan,F1,11
Turkmenistan,F2,5
Turkmenistan,G2,2
Turkmenistan,H1B,1
Turkmenistan,H4,3
Turkmenistan,J1,2
Turkmenistan,K1,1
Turks and Caicos Islands,B1/B2,17
Tuvalu,A2,2
Tuvalu,B1/B2,1
Uganda,A1,1
Uganda,A2,15
Uganda,B1,4
Uganda,B1/B2,505
Uganda,C1,17
Uganda,C1/D,11
Uganda,D,9
Uganda,F1,17
Uganda,F2,5
Uganda,G2,27
Uganda,G4,23
Uganda,H1B,1
Uganda,H4,4
Uganda,I,1
Uganda,J1,19
Uganda,J2,7
Uganda,K1,6
Uganda,K2,1
Uganda,O1,1
Uganda,P1,2
Uganda,P3,8
Uganda,R1,1
Ukraine,A1,1
Ukraine,A2,96
Ukraine,B1,18
Ukraine,B1/B2,"2,650"
Ukraine,C1,7
Ukraine,C1/D,289
Ukraine,E2,7
Ukraine,F1,16
Ukraine,F2,2
Ukraine,G2,8
Ukraine,G4,3
Ukraine,H1B,2
Ukraine,H2A,21
Ukraine,H2B,1
Ukraine,H4,6
Ukraine,I,1
Ukraine,J1,90
Ukraine,J2,3
Ukraine,K1,10
Ukraine,K2,1
Ukraine,L1,21
Ukraine,L2,22
Ukraine,O1,4
Ukraine,O3,2
Ukraine,P1,121
Ukraine,P3,14
Ukraine,P4,1
United Arab Emirates,A1,5
United Arab Emirates,A2,61
United Arab Emirates,B1/B2,"1,291"
United Arab Emirates,D,12
United Arab Emirates,F1,28
United Arab Emirates,J1,3
United Arab Emirates,K1,1
United Arab Emirates,P1,1
Uruguay,A1,3
Uruguay,A2,4
Uruguay,B1,3
Uruguay,B1/B2,"2,088"
Uruguay,B2,1
Uruguay,C1/D,10
Uruguay,F1,7
Uruguay,F2,1
Uruguay,G2,2
Uruguay,G4,5
Uruguay,H1B,4
Uruguay,H2A,5
Uruguay,H4,1
Uruguay,I,3
Uruguay,J1,6
Uruguay,J2,2
Uruguay,L1,2
Uruguay,L2,2
Uruguay,O1,1
Uruguay,P1,1
Uruguay,P3,1
Uzbekistan,A2,28
Uzbekistan,B1/B2,606
Uzbekistan,C1/D,27
Uzbekistan,C2,1
Uzbekistan,F1,11
Uzbekistan,F2,1
Uzbekistan,G2,3
Uzbekistan,G4,7
Uzbekistan,H1B,1
Uzbekistan,H4,1
Uzbekistan,J1,10
Uzbekistan,K1,5
Uzbekistan,K2,2
Uzbekistan,M1,2
Uzbekistan,P3,5
Vanuatu,B1/B2,6
Vanuatu,G2,1
Venezuela,B1,3
Venezuela,B1/B2,"5,425"
Venezuela,B2,28
Venezuela,BBBCC,3
Venezuela,C1,3
Venezuela,C1/D,35
Venezuela,C2,1
Venezuela,E2,5
Venezuela,F1,19
Venezuela,G3,1
Venezuela,G4,6
Venezuela,H1B,17
Venezuela,H4,5
Venezuela,I,5
Venezuela,J1,24
Venezuela,K1,28
Venezuela,K2,8
Venezuela,L1,17
Venezuela,L2,12
Venezuela,M1,3
Venezuela,O1,7
Venezuela,O2,2
Venezuela,O3,14
Venezuela,P1,112
Venezuela,P3,1
Venezuela,P4,26
Venezuela,R1,3
Venezuela,T2,1
Venezuela,T3,1
Vietnam,A1,5
Vietnam,A2,94
Vietnam,B1,10
Vietnam,B1/B2,"6,768"
Vietnam,B2,22
Vietnam,C1,12
Vietnam,C1/D,134
Vietnam,C3,4
Vietnam,E2,3
Vietnam,E3D,2
Vietnam,F1,326
Vietnam,F2,20
Vietnam,G1,11
Vietnam,G2,8
Vietnam,G4,12
Vietnam,H1B,87
Vietnam,H3,2
Vietnam,H4,13
Vietnam,I,1
Vietnam,J1,44
Vietnam,J2,17
Vietnam,K1,152
Vietnam,K2,26
Vietnam,L1,62
Vietnam,L2,42
Vietnam,M1,4
Vietnam,O1,7
Vietnam,O2,1
Vietnam,O3,2
Vietnam,P3,7
Vietnam,R1,14
Vietnam,R2,4
Yemen,A2,8
Yemen,A3,2
Yemen,B1,10
Yemen,B1/B2,239
Yemen,C1/D,5
Yemen,C2,2
Yemen,D,1
Yemen,F1,10
Yemen,F2,1
Yemen,G1,5
Yemen,G2,1
Yemen,G4,9
Yemen,H1B,1
Yemen,J1,3
Yemen,J2,3
Yemen,K1,10
Zambia,A2,2
Zambia,B1/B2,214
Zambia,C1,2
Zambia,C1/D,18
Zambia,F1,3
Zambia,F2,3
Zambia,G2,29
Zambia,G4,24
Zambia,H4,1
Zambia,J1,11
Zambia,K1,1
Zimbabwe,A1,2
Zimbabwe,A2,3
Zimbabwe,B1,1
Zimbabwe,B1/B2,695
Zimbabwe,B2,2
Zimbabwe,C1,11
Zimbabwe,C1/D,247
Zimbabwe,C2,1
Zimbabwe,D,9
Zimbabwe,F1,17
Zimbabwe,F2,7
Zimbabwe,G2,8
Zimbabwe,G4,30
Zimbabwe,H1B,13
Zimbabwe,H4,1
Zimbabwe,J1,40
Zimbabwe,J2,7
Zimbabwe,K1,3
Zimbabwe,K2,1
Zimbabwe,L1,2
Zimbabwe,L2,1
Zimbabwe,M1,2
Zimbabwe,R1,2
GRAND TOTAL,,"861,383"
"*""Non-nationality based issuances"" includes individuals presenting travel documents issued by a competent authority other than their country of nationality, including, for example, aliens traveling on a Laissez-Passer issued by the United Nations and refugees residing in another country.",,