Nonimmigrant Visa Issuances by Nationality                                                      July 2024 (FY 2024),,
Nationality,Visa Class,Issuances
Afghanistan,B1/B2,194
Afghanistan,C1,1
Afghanistan,F1,91
Afghanistan,F2,3
Afghanistan,G4,10
Afghanistan,H1B,3
Afghanistan,H4,11
Afghanistan,J1,3
Afghanistan,K1,18
Afghanistan,O3,3
Afghanistan,P1,1
Afghanistan,TD,1
Albania,A1,5
Albania,A2,7
Albania,B1/B2,"2,442"
Albania,C1/D,12
Albania,F1,88
Albania,F2,2
Albania,G2,4
Albania,G4,2
Albania,H1B,4
Albania,J1,44
Albania,J2,5
Albania,K1,12
Albania,K2,2
Albania,L1,2
Albania,NATO2,10
Albania,NATO4,1
Albania,O1,1
Albania,O3,1
Algeria,A1,14
Algeria,A2,36
Algeria,B1/B2,"1,614"
Algeria,C1,4
Algeria,D,20
Algeria,F1,39
Algeria,F2,1
Algeria,G1,1
Algeria,G2,6
Algeria,G4,10
Algeria,H1B,1
Algeria,H4,3
Algeria,I,2
Algeria,J1,20
Algeria,J2,1
Algeria,K1,17
Algeria,L1,3
Algeria,L2,3
Algeria,P1,1
Andorra,A1,2
Andorra,F1,7
Andorra,G1,1
Andorra,J1,2
Andorra,L1,1
Angola,A1,7
Angola,A2,15
Angola,B1/B2,411
Angola,C1,1
Angola,C1/D,14
Angola,F1,67
Angola,F2,5
Angola,G1,7
Angola,G2,5
Angola,H1B,1
Angola,H4,2
Angola,K1,2
Angola,L1,3
Angola,L2,4
Angola,P1,2
Anguilla,B1/B2,1
Antigua and Barbuda,B1/B2,275
Antigua and Barbuda,B2,2
Antigua and Barbuda,F1,16
Antigua and Barbuda,H1B,1
Antigua and Barbuda,J1,1
Antigua and Barbuda,K1,1
Antigua and Barbuda,L1,1
Antigua and Barbuda,L2,1
Argentina,A1,3
Argentina,A2,305
Argentina,B1,6
Argentina,B1/B2,"24,180"
Argentina,B2,34
Argentina,C1,8
Argentina,C1/D,160
Argentina,E1,4
Argentina,E2,75
Argentina,F1,338
Argentina,F2,15
Argentina,G1,1
Argentina,G2,5
Argentina,G4,30
Argentina,H1B,33
Argentina,H2A,7
Argentina,H2B,1
Argentina,H3,1
Argentina,H4,26
Argentina,I,7
Argentina,J1,283
Argentina,J2,34
Argentina,K1,18
Argentina,K2,1
Argentina,L1,90
Argentina,L2,121
Argentina,M1,5
Argentina,O1,26
Argentina,O2,3
Argentina,O3,20
Argentina,P1,27
Argentina,P3,10
Argentina,P4,15
Argentina,R1,5
Argentina,R2,8
Argentina,TD,2
Armenia,A1,5
Armenia,A2,24
Armenia,B1/B2,960
Armenia,D,1
Armenia,F1,29
Armenia,F2,1
Armenia,G1,2
Armenia,G2,4
Armenia,G4,6
Armenia,H4,1
Armenia,I,1
Armenia,J1,53
Armenia,J2,3
Armenia,K1,19
Armenia,L1,3
Armenia,L2,8
Armenia,O1,1
Armenia,O2,1
Australia,A1,11
Australia,A2,443
Australia,B1,4
Australia,B1/B2,813
Australia,B2,1
Australia,C1,2
Australia,C1/D,183
Australia,C3,1
Australia,E2,48
Australia,E3,399
Australia,E3D,414
Australia,E3R,292
Australia,F1,518
Australia,F2,10
Australia,G1,3
Australia,G2,1
Australia,G4,17
Australia,H1B,49
Australia,H3,1
Australia,H4,37
Australia,I,45
Australia,J1,267
Australia,J2,25
Australia,K1,45
Australia,K2,2
Australia,L1,88
Australia,L2,130
Australia,M1,29
Australia,M2,7
Australia,NATO6,1
Australia,O1,72
Australia,O2,15
Australia,O3,9
Australia,P1,73
Australia,P2,1
Australia,R1,10
Austria,A1,4
Austria,A2,34
Austria,B1,1
Austria,B1/B2,186
Austria,C1/D,46
Austria,E1,3
Austria,E2,24
Austria,E3D,1
Austria,F1,154
Austria,G1,3
Austria,G2,10
Austria,G4,10
Austria,H1B,16
Austria,H4,3
Austria,I,6
Austria,J1,268
Austria,J2,3
Austria,K1,3
Austria,L1,32
Austria,L2,10
Austria,M1,5
Austria,O1,8
Austria,O2,1
Austria,O3,1
Austria,P1,8
Austria,P3,1
Azerbaijan,A1,13
Azerbaijan,A2,14
Azerbaijan,B1,2
Azerbaijan,B1/B2,835
Azerbaijan,C1/D,24
Azerbaijan,E2,4
Azerbaijan,F1,266
Azerbaijan,F2,11
Azerbaijan,G1,2
Azerbaijan,G4,3
Azerbaijan,H1B,9
Azerbaijan,H4,4
Azerbaijan,I,1
Azerbaijan,J1,43
Azerbaijan,J2,10
Azerbaijan,K1,2
Azerbaijan,L1,10
Azerbaijan,L2,13
Azerbaijan,O1,2
Azerbaijan,TD,1
"Bahamas, The",A1,4
"Bahamas, The",A2,11
"Bahamas, The",B1/B2,"1,562"
"Bahamas, The",B2,6
"Bahamas, The",C1,2
"Bahamas, The",C1/D,3
"Bahamas, The",C3,4
"Bahamas, The",F1,341
"Bahamas, The",F2,3
"Bahamas, The",G1,6
"Bahamas, The",G4,3
"Bahamas, The",H1B,21
"Bahamas, The",H4,8
"Bahamas, The",J1,13
"Bahamas, The",J2,2
"Bahamas, The",K1,1
"Bahamas, The",L1,2
"Bahamas, The",L2,2
"Bahamas, The",M1,7
"Bahamas, The",O1,1
"Bahamas, The",O3,1
"Bahamas, The",P1,6
Bahrain,A1,3
Bahrain,A2,39
Bahrain,B1/B2,330
Bahrain,C1/D,3
Bahrain,F1,26
Bahrain,F2,1
Bahrain,G1,1
Bahrain,G2,30
Bahrain,H1B,2
Bahrain,J1,11
Bahrain,J2,2
Bahrain,L1,1
Bahrain,O2,4
Bangladesh,A1,6
Bangladesh,A2,57
Bangladesh,A3,3
Bangladesh,B1,17
Bangladesh,B1/B2,"2,384"
Bangladesh,C1,1
Bangladesh,C1/D,99
Bangladesh,CW1,1
Bangladesh,CW2,2
Bangladesh,F1,567
Bangladesh,F2,136
Bangladesh,G1,11
Bangladesh,G2,6
Bangladesh,G4,7
Bangladesh,H1B,22
Bangladesh,H4,15
Bangladesh,I,2
Bangladesh,J1,28
Bangladesh,J2,14
Bangladesh,K1,5
Bangladesh,L1,6
Bangladesh,L2,11
Bangladesh,O1,3
Bangladesh,O3,2
Bangladesh,P3,9
Bangladesh,R1,1
Bangladesh,T2,1
Barbados,A1,6
Barbados,A2,2
Barbados,B1/B2,"1,019"
Barbados,B2,6
Barbados,C1/D,2
Barbados,C3,1
Barbados,F1,49
Barbados,G1,1
Barbados,G4,3
Barbados,H1B,2
Barbados,H2B,6
Barbados,J1,5
Barbados,J2,1
Barbados,L1,2
Barbados,L2,3
Barbados,M1,1
Barbados,O2,1
Barbados,P1,4
Belarus,A2,4
Belarus,B1/B2,598
Belarus,C1/D,45
Belarus,F1,49
Belarus,F2,1
Belarus,G1,9
Belarus,G4,11
Belarus,H1B,5
Belarus,H4,6
Belarus,J1,10
Belarus,J2,5
Belarus,K1,5
Belarus,K2,1
Belarus,L1,10
Belarus,L2,18
Belarus,O1,1
Belarus,O2,1
Belarus,P1,2
Belarus,P4,3
Belarus,R1,2
Belgium,A1,9
Belgium,A2,10
Belgium,B1/B2,261
Belgium,C1/D,39
Belgium,E2,39
Belgium,F1,190
Belgium,F2,4
Belgium,G2,3
Belgium,G3,4
Belgium,G4,11
Belgium,H1B,17
Belgium,H4,13
Belgium,I,9
Belgium,J1,252
Belgium,J2,8
Belgium,K1,3
Belgium,K2,2
Belgium,L1,40
Belgium,L2,49
Belgium,M1,3
Belgium,NATO2,70
Belgium,NATO6,1
Belgium,O1,13
Belgium,O2,8
Belgium,O3,6
Belgium,P1,10
Belgium,P3,1
Belgium,R1,2
Belgium,TD,4
Belize,A1,1
Belize,A2,20
Belize,B1/B2,800
Belize,B2,2
Belize,C1,28
Belize,C1/D,1
Belize,C3,32
Belize,F1,28
Belize,H1B,2
Belize,H2A,3
Belize,J1,6
Belize,J2,3
Benin,A1,1
Benin,A2,4
Benin,B1/B2,260
Benin,F1,22
Benin,F2,4
Benin,G2,1
Benin,G4,6
Benin,J1,4
Benin,K1,2
Benin,P1,1
Bermuda,B1/B2,6
Bermuda,F1,7
Bermuda,I,1
Bhutan,A1,1
Bhutan,A2,8
Bhutan,B1,3
Bhutan,B1/B2,57
Bhutan,F1,23
Bhutan,F2,3
Bhutan,G4,1
Bhutan,J1,5
Bhutan,J2,3
Bhutan,K1,1
Bolivia,A2,8
Bolivia,B1,4
Bolivia,B1/B2,"2,638"
Bolivia,C1,4
Bolivia,C1/D,33
Bolivia,C3,3
Bolivia,F1,109
Bolivia,F2,9
Bolivia,G2,1
Bolivia,G4,10
Bolivia,G5,1
Bolivia,H1B,3
Bolivia,I,1
Bolivia,J1,54
Bolivia,J2,2
Bolivia,K1,6
Bolivia,K2,1
Bolivia,L1,4
Bolivia,L2,7
Bolivia,M1,2
Bolivia,O1,2
Bolivia,O3,1
Bolivia,P1,4
Bolivia,P3,6
Bosnia-Herzegovina,A1,4
Bosnia-Herzegovina,A2,15
Bosnia-Herzegovina,B1,14
Bosnia-Herzegovina,B1/B2,353
Bosnia-Herzegovina,C1/D,10
Bosnia-Herzegovina,E1,1
Bosnia-Herzegovina,E2,9
Bosnia-Herzegovina,F1,35
Bosnia-Herzegovina,G4,1
Bosnia-Herzegovina,H1B,1
Bosnia-Herzegovina,H4,1
Bosnia-Herzegovina,J1,33
Bosnia-Herzegovina,J2,3
Bosnia-Herzegovina,K1,8
Bosnia-Herzegovina,K2,1
Bosnia-Herzegovina,L1,4
Bosnia-Herzegovina,L2,3
Bosnia-Herzegovina,O3,1
Bosnia-Herzegovina,P3,2
Bosnia-Herzegovina,R1,3
Bosnia-Herzegovina,R2,4
Botswana,A1,4
Botswana,A2,21
Botswana,B1/B2,85
Botswana,C1,1
Botswana,F1,27
Botswana,F2,5
Botswana,G2,4
Botswana,G4,2
Botswana,H1B,1
Botswana,H4,3
Botswana,J1,10
Botswana,K1,2
Botswana,L2,1
Botswana,M1,1
Botswana,Q1,3
Brazil,A1,32
Brazil,A2,302
Brazil,A3,3
Brazil,B1,196
Brazil,B1/B2,"97,401"
Brazil,B2,1
Brazil,C1,43
Brazil,C1/D,474
Brazil,C2,1
Brazil,C3,17
Brazil,E2,7
Brazil,F1,"1,395"
Brazil,F2,194
Brazil,G1,7
Brazil,G2,23
Brazil,G4,67
Brazil,G5,2
Brazil,H1B,149
Brazil,H2A,18
Brazil,H2B,1
Brazil,H3,1
Brazil,H4,140
Brazil,I,20
Brazil,J1,"1,280"
Brazil,J2,211
Brazil,K1,166
Brazil,K2,25
Brazil,L1,537
Brazil,L2,990
Brazil,M1,42
Brazil,M2,4
Brazil,O1,154
Brazil,O2,33
Brazil,O3,96
Brazil,P1,74
Brazil,P2,1
Brazil,P3,16
Brazil,P4,17
Brazil,R1,31
Brazil,R2,24
Brazil,TD,1
Brazil,U1,1
Brazil,U3,1
British National Overseas (Hong Kong) Passport,B1/B2,162
British National Overseas (Hong Kong) Passport,C1/D,2
British National Overseas (Hong Kong) Passport,F1,3
British National Overseas (Hong Kong) Passport,F2,1
British National Overseas (Hong Kong) Passport,H1B,3
British National Overseas (Hong Kong) Passport,H4,2
British National Overseas (Hong Kong) Passport,J1,1
British National Overseas (Hong Kong) Passport,L1,3
British National Overseas (Hong Kong) Passport,L2,1
British National Overseas (Hong Kong) Passport,M1,1
British National Overseas (Hong Kong) Passport,M2,1
British National Overseas (Hong Kong) Passport,O2,1
British Virgin Islands,B1/B2,4
British Virgin Islands,F1,2
Brunei,A2,4
Brunei,B1/B2,2
Brunei,C1/D,1
Brunei,F1,2
Brunei,G1,1
Brunei,J1,3
Brunei,K1,1
Bulgaria,A1,4
Bulgaria,A2,5
Bulgaria,B1,13
Bulgaria,B1/B2,909
Bulgaria,C1,1
Bulgaria,C1/D,70
Bulgaria,E2,11
Bulgaria,F1,55
Bulgaria,G2,4
Bulgaria,G3,1
Bulgaria,G4,7
Bulgaria,H1B,4
Bulgaria,H2A,1
Bulgaria,H2B,1
Bulgaria,I,4
Bulgaria,J1,58
Bulgaria,J2,7
Bulgaria,K1,5
Bulgaria,L1,10
Bulgaria,L2,5
Bulgaria,M1,1
Bulgaria,NATO2,44
Bulgaria,O1,3
Bulgaria,P3,1
Bulgaria,TD,2
Burkina Faso,A2,9
Burkina Faso,A3,1
Burkina Faso,B1/B2,289
Burkina Faso,C3,6
Burkina Faso,F1,30
Burkina Faso,F2,3
Burkina Faso,G2,4
Burkina Faso,G4,3
Burkina Faso,H1B,2
Burkina Faso,J1,6
Burkina Faso,J2,1
Burkina Faso,K1,5
Burkina Faso,O1,1
Burma,A1,6
Burma,A2,1
Burma,B1,8
Burma,B1/B2,303
Burma,C1,123
Burma,D,277
Burma,F1,333
Burma,F2,14
Burma,G4,12
Burma,H1B,4
Burma,J1,48
Burma,K1,33
Burma,K2,1
Burma,L1,2
Burma,L2,3
Burma,O1,2
Burma,R1,2
Burundi,A1,2
Burundi,B1/B2,67
Burundi,C1,1
Burundi,C2,1
Burundi,F1,27
Burundi,F2,1
Burundi,G2,1
Burundi,G4,12
Burundi,H1B,1
Burundi,J1,2
Burundi,K1,9
Burundi,K2,1
Burundi,O1,1
Cabo Verde,A2,7
Cabo Verde,B1/B2,361
Cabo Verde,C1/D,2
Cabo Verde,F1,10
Cabo Verde,G2,1
Cabo Verde,G4,2
Cabo Verde,K1,27
Cabo Verde,K2,3
Cambodia,A1,2
Cambodia,A2,1
Cambodia,B1,3
Cambodia,B1/B2,863
Cambodia,C1,4
Cambodia,C3,6
Cambodia,D,3
Cambodia,F1,217
Cambodia,G1,16
Cambodia,G2,6
Cambodia,G4,4
Cambodia,J1,42
Cambodia,J2,2
Cambodia,K1,39
Cambodia,K2,8
Cambodia,L1,2
Cambodia,L2,6
Cameroon,A1,7
Cameroon,A2,12
Cameroon,B1/B2,884
Cameroon,C1,3
Cameroon,C1/D,7
Cameroon,F1,91
Cameroon,F2,4
Cameroon,G1,2
Cameroon,G2,10
Cameroon,G4,41
Cameroon,H1B,9
Cameroon,H4,15
Cameroon,J1,41
Cameroon,J2,12
Cameroon,K1,83
Cameroon,K2,15
Cameroon,L1,1
Cameroon,L2,1
Cameroon,P1,2
Cameroon,R1,1
Cameroon,TD,1
Canada,A1,53
Canada,A2,8
Canada,B1/B2,18
Canada,C1/D,4
Canada,E1,121
Canada,E2,618
Canada,E3D,3
Canada,F1,74
Canada,F2,2
Canada,G1,5
Canada,G2,11
Canada,G4,58
Canada,H1B,12
Canada,H2A,1
Canada,H4,29
Canada,I,3
Canada,J1,9
Canada,J2,2
Canada,K1,65
Canada,K2,1
Canada,L1,11
Canada,L2,34
Canada,M1,2
Canada,NATO2,130
Canada,NATO4,1
Canada,NATO6,7
Canada,O1,3
Canada,O2,1
Canada,P1,5
Canada,P3,1
Canada,TD,2
Canada,TN,6
Cayman Islands,B1/B2,125
Cayman Islands,C1/D,1
Cayman Islands,F1,13
Cayman Islands,M1,1
Central African Republic,A1,6
Central African Republic,B1/B2,11
Central African Republic,F1,1
Central African Republic,G2,1
Central African Republic,G4,1
Central African Republic,J1,8
Chad,A2,6
Chad,B1/B2,79
Chad,F1,3
Chad,G1,7
Chad,G2,14
Chad,G4,4
Chad,J1,2
Chad,K1,2
Chile,A2,82
Chile,B1,6
Chile,B1/B2,733
Chile,B2,2
Chile,C1/D,97
Chile,C3,3
Chile,E1,14
Chile,E2,14
Chile,F1,295
Chile,F2,65
Chile,G2,7
Chile,G4,13
Chile,H1B,51
Chile,H1B1,208
Chile,H4,231
Chile,J1,216
Chile,J2,70
Chile,K1,8
Chile,K2,2
Chile,L1,44
Chile,L2,89
Chile,M1,3
Chile,O1,5
Chile,O3,6
Chile,P1,2
Chile,R1,3
Chile,R2,3
China - mainland,A1,37
China - mainland,A2,23
China - mainland,B1,197
China - mainland,B1/B2,"65,075"
China - mainland,B2,15
China - mainland,C1,109
China - mainland,C1/D,"1,162"
China - mainland,C3,4
China - mainland,CW1,7
China - mainland,CW2,2
China - mainland,E2,11
China - mainland,E3D,3
China - mainland,F1,"17,981"
China - mainland,F2,278
China - mainland,G1,19
China - mainland,G2,28
China - mainland,G4,101
China - mainland,G5,1
China - mainland,H1B,"2,285"
China - mainland,H3,5
China - mainland,H4,598
China - mainland,I,7
China - mainland,J1,"1,973"
China - mainland,J2,326
China - mainland,K1,52
China - mainland,K2,7
China - mainland,L1,510
China - mainland,L2,520
China - mainland,M1,39
China - mainland,O1,161
China - mainland,O2,14
China - mainland,O3,45
China - mainland,P1,18
China - mainland,P3,118
China - mainland,R1,9
China - mainland,R2,13
China - mainland,T2,1
China - mainland,T3,2
China - mainland,TD,9
China - mainland,U1,1
China - mainland,U3,3
Colombia,A1,6
Colombia,A2,476
Colombia,B1,28
Colombia,B1/B2,"32,337"
Colombia,C1,9
Colombia,C1/D,219
Colombia,E1,12
Colombia,E2,53
Colombia,E3D,1
Colombia,F1,580
Colombia,F2,44
Colombia,G1,2
Colombia,G2,10
Colombia,G4,55
Colombia,G5,2
Colombia,H1B,147
Colombia,H2A,30
Colombia,H2B,33
Colombia,H4,65
Colombia,I,22
Colombia,J1,619
Colombia,J2,135
Colombia,K1,158
Colombia,K2,39
Colombia,L1,93
Colombia,L2,122
Colombia,M1,10
Colombia,O1,40
Colombia,O2,48
Colombia,O3,27
Colombia,P1,38
Colombia,P3,20
Colombia,P4,1
Colombia,Q1,1
Colombia,R1,16
Colombia,R2,8
Colombia,T3,2
Colombia,TD,2
Comoros,A2,1
Comoros,B1/B2,9
Comoros,G1,1
Comoros,G4,1
Comoros,J1,1
"Congo, Democratic Republic of the",A1,2
"Congo, Democratic Republic of the",A2,34
"Congo, Democratic Republic of the",B1/B2,698
"Congo, Democratic Republic of the",B2,1
"Congo, Democratic Republic of the",C1,1
"Congo, Democratic Republic of the",F1,174
"Congo, Democratic Republic of the",F2,7
"Congo, Democratic Republic of the",G2,11
"Congo, Democratic Republic of the",G4,7
"Congo, Democratic Republic of the",H1B,4
"Congo, Democratic Republic of the",H3,1
"Congo, Democratic Republic of the",J1,8
"Congo, Democratic Republic of the",J2,1
"Congo, Democratic Republic of the",K1,20
"Congo, Democratic Republic of the",K2,1
"Congo, Democratic Republic of the",L1,1
"Congo, Democratic Republic of the",M1,1
"Congo, Democratic Republic of the",O1,1
"Congo, Democratic Republic of the",O2,3
"Congo, Democratic Republic of the",P1,2
"Congo, Democratic Republic of the",R1,1
"Congo, Republic of the",A2,12
"Congo, Republic of the",B1,1
"Congo, Republic of the",B1/B2,186
"Congo, Republic of the",F1,14
"Congo, Republic of the",G1,1
"Congo, Republic of the",H3,2
"Congo, Republic of the",J1,5
"Congo, Republic of the",L1,2
"Congo, Republic of the",L2,3
Costa Rica,A1,6
Costa Rica,A2,19
Costa Rica,B1,1
Costa Rica,B1/B2,"7,891"
Costa Rica,C1/D,28
Costa Rica,C3,8
Costa Rica,E2,2
Costa Rica,F1,140
Costa Rica,F2,8
Costa Rica,G1,3
Costa Rica,G4,8
Costa Rica,H1B,12
Costa Rica,H2A,43
Costa Rica,H2B,68
Costa Rica,H4,13
Costa Rica,J1,50
Costa Rica,J2,21
Costa Rica,K1,10
Costa Rica,K2,3
Costa Rica,L1,29
Costa Rica,L2,17
Costa Rica,M1,4
Costa Rica,O1,3
Costa Rica,O3,1
Costa Rica,P1,1
Cote d'Ivoire,A2,20
Cote d'Ivoire,A3,1
Cote d'Ivoire,B1/B2,715
Cote d'Ivoire,C1,1
Cote d'Ivoire,C1/D,8
Cote d'Ivoire,C3,2
Cote d'Ivoire,F1,75
Cote d'Ivoire,F2,3
Cote d'Ivoire,G1,4
Cote d'Ivoire,G2,2
Cote d'Ivoire,G4,19
Cote d'Ivoire,H1B,4
Cote d'Ivoire,I,1
Cote d'Ivoire,J1,6
Cote d'Ivoire,J2,1
Cote d'Ivoire,K1,12
Cote d'Ivoire,K2,2
Cote d'Ivoire,L2,2
Cote d'Ivoire,P1,4
Cote d'Ivoire,TD,1
Croatia,A1,2
Croatia,A2,4
Croatia,B1,11
Croatia,B1/B2,72
Croatia,B2,1
Croatia,C1/D,39
Croatia,E2,1
Croatia,F1,47
Croatia,G1,2
Croatia,G2,2
Croatia,G3,1
Croatia,H1B,8
Croatia,H4,1
Croatia,I,1
Croatia,J1,27
Croatia,J2,3
Croatia,K1,4
Croatia,K2,1
Croatia,L1,13
Croatia,L2,5
Croatia,M1,1
Croatia,NATO2,2
Croatia,O1,3
Croatia,R1,1
Cuba,A1,7
Cuba,B1,164
Cuba,B1/B2,183
Cuba,B2,591
Cuba,C1/D,1
Cuba,F1,4
Cuba,F2,1
Cuba,G1,8
Cuba,G2,14
Cuba,G4,5
Cuba,K1,12
Cuba,K2,2
Cuba,L1,1
Cuba,NATO5,2
Cuba,O1,2
Cuba,O3,2
Cuba,P1,5
Cuba,P3,15
Cuba,R1,1
Cuba,R2,1
Cyprus,A1,2
Cyprus,A2,18
Cyprus,B1/B2,387
Cyprus,C1/D,14
Cyprus,F1,55
Cyprus,G1,3
Cyprus,G2,1
Cyprus,G4,1
Cyprus,H1B,1
Cyprus,I,1
Cyprus,J1,31
Cyprus,J2,3
Cyprus,L1,1
Cyprus,M1,1
Czech Republic,A1,7
Czech Republic,A2,10
Czech Republic,B1,2
Czech Republic,B1/B2,150
Czech Republic,C1/D,16
Czech Republic,F1,103
Czech Republic,F2,1
Czech Republic,G1,6
Czech Republic,G2,1
Czech Republic,G4,2
Czech Republic,H1B,4
Czech Republic,H2A,1
Czech Republic,H4,7
Czech Republic,I,4
Czech Republic,J1,200
Czech Republic,J2,17
Czech Republic,K1,3
Czech Republic,L1,12
Czech Republic,L2,9
Czech Republic,M1,2
Czech Republic,NATO2,24
Czech Republic,NATO6,1
Czech Republic,O1,3
Czech Republic,O3,2
Czech Republic,P1,2
Czech Republic,R1,1
Czech Republic,R2,3
Denmark,A1,8
Denmark,A2,37
Denmark,B1,1
Denmark,B1/B2,204
Denmark,C1/D,35
Denmark,E2,39
Denmark,E3D,1
Denmark,F1,200
Denmark,F2,3
Denmark,G1,10
Denmark,G2,4
Denmark,G3,1
Denmark,G4,14
Denmark,H1B,2
Denmark,H2A,1
Denmark,H4,3
Denmark,I,10
Denmark,J1,332
Denmark,J2,12
Denmark,K1,4
Denmark,L1,45
Denmark,L2,60
Denmark,M1,4
Denmark,NATO2,13
Denmark,O1,11
Denmark,O2,3
Denmark,O3,4
Denmark,P1,5
Denmark,P4,2
Djibouti,A2,4
Djibouti,A3,1
Djibouti,B1,2
Djibouti,B1/B2,18
Djibouti,F1,1
Dominica,B1/B2,248
Dominica,C1/D,3
Dominica,F1,26
Dominica,G4,1
Dominica,H1B,2
Dominica,J1,1
Dominica,J2,1
Dominica,K1,3
Dominica,O2,1
Dominican Republic,A1,10
Dominican Republic,A2,57
Dominican Republic,B1,58
Dominican Republic,B1/B2,"18,535"
Dominican Republic,B2,1
Dominican Republic,C1,3
Dominican Republic,C1/D,57
Dominican Republic,E2,1
Dominican Republic,F1,255
Dominican Republic,F2,9
Dominican Republic,G1,3
Dominican Republic,G2,1
Dominican Republic,G4,14
Dominican Republic,H1B,27
Dominican Republic,H2A,3
Dominican Republic,H2B,19
Dominican Republic,H4,22
Dominican Republic,I,30
Dominican Republic,J1,105
Dominican Republic,J2,17
Dominican Republic,K1,119
Dominican Republic,K2,51
Dominican Republic,L1,28
Dominican Republic,L2,31
Dominican Republic,M1,4
Dominican Republic,O1,9
Dominican Republic,O2,8
Dominican Republic,O3,5
Dominican Republic,P1,93
Dominican Republic,P3,1
Dominican Republic,P4,4
Dominican Republic,Q1,2
Dominican Republic,R1,17
Dominican Republic,R2,5
Dominican Republic,U1,1
Dominican Republic,U3,2
Ecuador,A1,6
Ecuador,A2,95
Ecuador,B1,23
Ecuador,B1/B2,"19,408"
Ecuador,C1,1
Ecuador,C1/D,38
Ecuador,F1,334
Ecuador,F2,14
Ecuador,G1,2
Ecuador,G2,5
Ecuador,G4,20
Ecuador,G5,2
Ecuador,H1B,31
Ecuador,H2B,59
Ecuador,H4,10
Ecuador,J1,128
Ecuador,J2,15
Ecuador,K1,53
Ecuador,K2,21
Ecuador,L1,20
Ecuador,L2,42
Ecuador,M1,2
Ecuador,O1,4
Ecuador,O2,1
Ecuador,O3,1
Ecuador,P1,19
Ecuador,P3,9
Ecuador,R1,5
Ecuador,R2,4
Ecuador,U3,5
Ecuador,U4,2
Egypt,A1,19
Egypt,A2,143
Egypt,A3,3
Egypt,B1,8
Egypt,B1/B2,"5,595"
Egypt,C1,2
Egypt,C1/D,139
Egypt,E2,5
Egypt,F1,207
Egypt,F2,27
Egypt,G1,8
Egypt,G2,4
Egypt,G4,15
Egypt,H1B,44
Egypt,H2A,2
Egypt,H4,48
Egypt,I,17
Egypt,J1,353
Egypt,J2,40
Egypt,K1,6
Egypt,L1,29
Egypt,L2,42
Egypt,M1,7
Egypt,O1,9
Egypt,O3,7
Egypt,P4,1
Egypt,R1,2
Egypt,R2,12
Egypt,TD,1
El Salvador,A1,4
El Salvador,A2,78
El Salvador,A3,2
El Salvador,B1,12
El Salvador,B1/B2,"6,042"
El Salvador,C1,9
El Salvador,C1/D,33
El Salvador,C3,12
El Salvador,F1,72
El Salvador,F2,1
El Salvador,G4,13
El Salvador,H1B,8
El Salvador,H2A,91
El Salvador,H2B,274
El Salvador,H4,6
El Salvador,I,1
El Salvador,J1,38
El Salvador,J2,5
El Salvador,K1,48
El Salvador,K2,12
El Salvador,L1,6
El Salvador,L2,6
El Salvador,P1,20
El Salvador,R1,4
El Salvador,R2,3
El Salvador,T4,1
El Salvador,U2,1
El Salvador,U3,11
Equatorial Guinea,A1,3
Equatorial Guinea,A2,19
Equatorial Guinea,B1/B2,20
Equatorial Guinea,F1,13
Equatorial Guinea,G2,2
Equatorial Guinea,H1B,1
Equatorial Guinea,J1,2
Equatorial Guinea,L1,1
Equatorial Guinea,L2,2
Eritrea,B1,1
Eritrea,B1/B2,123
Eritrea,C1,2
Eritrea,F1,11
Eritrea,G2,1
Eritrea,G4,3
Eritrea,H4,1
Eritrea,J1,1
Eritrea,J2,1
Eritrea,K1,16
Eritrea,K2,1
Eritrea,L1,1
Eritrea,L2,4
Estonia,A1,9
Estonia,A2,7
Estonia,B1,1
Estonia,B1/B2,33
Estonia,B2,1
Estonia,C1/D,12
Estonia,F1,25
Estonia,G4,1
Estonia,H1B,2
Estonia,I,1
Estonia,J1,35
Estonia,J2,7
Estonia,L1,3
Estonia,L2,5
Estonia,NATO2,2
Estonia,NATO6,2
Estonia,O1,5
Estonia,O2,1
Estonia,O3,5
Estonia,R2,1
Eswatini,A1,1
Eswatini,A2,3
Eswatini,A3,1
Eswatini,B1/B2,50
Eswatini,C3,4
Eswatini,F1,32
Eswatini,G1,5
Eswatini,G2,3
Eswatini,G4,2
Eswatini,J1,4
Eswatini,J2,1
Ethiopia,A2,27
Ethiopia,B1,10
Ethiopia,B1/B2,"1,748"
Ethiopia,C1/D,122
Ethiopia,E2,3
Ethiopia,F1,416
Ethiopia,F2,6
Ethiopia,G1,13
Ethiopia,G2,2
Ethiopia,G4,68
Ethiopia,H1B,10
Ethiopia,H4,5
Ethiopia,J1,20
Ethiopia,J2,12
Ethiopia,K1,88
Ethiopia,K2,8
Ethiopia,L1,3
Ethiopia,R1,5
Fiji,A2,8
Fiji,B1,1
Fiji,B1/B2,383
Fiji,C1,11
Fiji,C1/D,19
Fiji,C3,3
Fiji,F1,12
Fiji,G4,7
Fiji,I,3
Fiji,J1,9
Fiji,K1,3
Fiji,O1,1
Fiji,O3,1
Finland,A2,15
Finland,B1,8
Finland,B1/B2,50
Finland,B2,10
Finland,C1,1
Finland,C1/D,66
Finland,E2,22
Finland,F1,101
Finland,G1,4
Finland,G2,8
Finland,G4,4
Finland,H1B,9
Finland,H2A,5
Finland,H4,4
Finland,I,2
Finland,J1,113
Finland,J2,8
Finland,K1,2
Finland,L1,24
Finland,L2,29
Finland,NATO2,44
Finland,O1,9
Finland,O2,1
Finland,O3,2
Finland,P1,15
Finland,P4,7
Finland,R1,3
Finland,R2,3
France,A1,37
France,A2,79
France,B1,5
France,B1/B2,497
France,B2,2
France,C1/D,193
France,E1,9
France,E2,274
France,E3D,2
France,F1,"1,484"
France,F2,21
France,G1,26
France,G2,7
France,G3,5
France,G4,76
France,H1B,99
France,H3,2
France,H4,26
France,I,37
France,J1,"1,528"
France,J2,104
France,K1,12
France,K2,1
France,K3,1
France,L1,293
France,L2,461
France,M1,21
France,NATO2,74
France,NATO6,2
France,O1,60
France,O2,18
France,O3,19
France,P1,31
France,P2,2
France,P3,1
France,P4,1
France,Q1,54
France,R1,8
France,R2,1
France,U2,1
Gabon,A2,4
Gabon,B1/B2,196
Gabon,C1,1
Gabon,D,2
Gabon,F1,15
Gabon,J1,1
Gabon,K1,2
Gabon,L2,1
"Gambia, The",A2,6
"Gambia, The",B1/B2,93
"Gambia, The",C1,4
"Gambia, The",C1/D,2
"Gambia, The",F1,27
"Gambia, The",F2,1
"Gambia, The",G2,2
"Gambia, The",G4,2
"Gambia, The",J1,3
"Gambia, The",K1,21
"Gambia, The",K2,1
Georgia,A1,8
Georgia,A2,52
Georgia,B1/B2,663
Georgia,C1/D,46
Georgia,F1,98
Georgia,F2,1
Georgia,G2,10
Georgia,G4,3
Georgia,H1B,2
Georgia,I,4
Georgia,J1,127
Georgia,J2,6
Georgia,K1,3
Georgia,L1,3
Georgia,L2,3
Georgia,M1,1
Georgia,O1,2
Georgia,P1,1
Germany,A1,20
Germany,A2,116
Germany,B1,6
Germany,B1/B2,"1,968"
Germany,B2,1
Germany,C1,1
Germany,C1/D,543
Germany,C3,2
Germany,E1,30
Germany,E2,382
Germany,E3D,4
Germany,F1,"1,618"
Germany,F2,6
Germany,G1,12
Germany,G2,25
Germany,G3,2
Germany,G4,39
Germany,H1B,97
Germany,H2A,1
Germany,H3,3
Germany,H4,29
Germany,I,81
Germany,J1,"2,913"
Germany,J2,91
Germany,K1,30
Germany,K2,1
Germany,L1,242
Germany,L2,239
Germany,M1,50
Germany,M2,5
Germany,NATO2,37
Germany,NATO4,1
Germany,NATO6,101
Germany,O1,54
Germany,O2,17
Germany,O3,27
Germany,P1,23
Germany,P3,1
Germany,P4,2
Germany,Q1,18
Germany,R1,7
Germany,R2,1
Ghana,A1,8
Ghana,A2,210
Ghana,B1,3
Ghana,B1/B2,"1,463"
Ghana,C1,3
Ghana,C1/D,55
Ghana,C3,2
Ghana,F1,833
Ghana,F2,95
Ghana,G1,6
Ghana,G2,35
Ghana,G4,18
Ghana,H1B,52
Ghana,H4,45
Ghana,I,2
Ghana,J1,145
Ghana,J2,48
Ghana,K1,32
Ghana,K2,3
Ghana,L1,4
Ghana,L2,6
Ghana,O1,3
Ghana,O2,5
Ghana,O3,3
Ghana,P3,12
Ghana,R1,9
Gibraltar,R1,1
Great Britain and Northern Ireland,A1,27
Great Britain and Northern Ireland,A2,193
Great Britain and Northern Ireland,B1,117
Great Britain and Northern Ireland,B1/B2,"2,294"
Great Britain and Northern Ireland,B2,4
Great Britain and Northern Ireland,C1/D,606
Great Britain and Northern Ireland,C2,1
Great Britain and Northern Ireland,C3,20
Great Britain and Northern Ireland,E1,13
Great Britain and Northern Ireland,E2,254
Great Britain and Northern Ireland,E3D,6
Great Britain and Northern Ireland,F1,"1,555"
Great Britain and Northern Ireland,F2,23
Great Britain and Northern Ireland,G1,11
Great Britain and Northern Ireland,G2,22
Great Britain and Northern Ireland,G4,49
Great Britain and Northern Ireland,H1B,196
Great Britain and Northern Ireland,H2A,2
Great Britain and Northern Ireland,H2B,1
Great Britain and Northern Ireland,H3,2
Great Britain and Northern Ireland,H4,68
Great Britain and Northern Ireland,I,185
Great Britain and Northern Ireland,J1,752
Great Britain and Northern Ireland,J2,47
Great Britain and Northern Ireland,K1,96
Great Britain and Northern Ireland,K2,1
Great Britain and Northern Ireland,L1,492
Great Britain and Northern Ireland,L2,446
Great Britain and Northern Ireland,M1,65
Great Britain and Northern Ireland,M2,1
Great Britain and Northern Ireland,NATO1,1
Great Britain and Northern Ireland,NATO2,61
Great Britain and Northern Ireland,NATO4,4
Great Britain and Northern Ireland,NATO5,4
Great Britain and Northern Ireland,NATO6,213
Great Britain and Northern Ireland,O1,261
Great Britain and Northern Ireland,O2,292
Great Britain and Northern Ireland,O3,45
Great Britain and Northern Ireland,P1,205
Great Britain and Northern Ireland,P2,2
Great Britain and Northern Ireland,P3,7
Great Britain and Northern Ireland,P4,4
Great Britain and Northern Ireland,Q1,9
Great Britain and Northern Ireland,R1,17
Great Britain and Northern Ireland,R2,18
Greece,A1,10
Greece,A2,26
Greece,B1,8
Greece,B1/B2,93
Greece,C1/D,248
Greece,D,1
Greece,E1,5
Greece,E3D,4
Greece,F1,195
Greece,F2,1
Greece,G1,6
Greece,G4,5
Greece,H1B,118
Greece,H4,20
Greece,I,6
Greece,J1,111
Greece,J2,15
Greece,K1,3
Greece,L1,21
Greece,L2,28
Greece,M1,1
Greece,NATO2,34
Greece,NATO4,2
Greece,O1,11
Greece,O2,3
Greece,P1,1
Greece,R1,1
Grenada,A2,1
Grenada,B1/B2,277
Grenada,C1/D,1
Grenada,E2,5
Grenada,F1,15
Grenada,H1B,6
Grenada,H4,1
Grenada,J1,3
Grenada,K1,1
Grenada,K2,1
Grenada,O1,1
Guatemala,A1,8
Guatemala,A2,32
Guatemala,B1,7
Guatemala,B1/B2,"7,170"
Guatemala,B2,2
Guatemala,C1,1
Guatemala,C1/D,17
Guatemala,C3,6
Guatemala,F1,205
Guatemala,F2,13
Guatemala,G2,2
Guatemala,G4,12
Guatemala,H1B,10
Guatemala,H2A,247
Guatemala,H2B,551
Guatemala,H4,15
Guatemala,I,4
Guatemala,J1,32
Guatemala,J2,4
Guatemala,K1,26
Guatemala,K2,10
Guatemala,L1,6
Guatemala,L2,6
Guatemala,M1,3
Guatemala,O1,4
Guatemala,P1,5
Guatemala,Q1,2
Guatemala,R1,7
Guatemala,R2,4
Guatemala,T2,1
Guatemala,T5,2
Guatemala,U1,2
Guatemala,U3,4
Guinea,A2,5
Guinea,B1/B2,205
Guinea,F1,3
Guinea,G1,4
Guinea,G2,4
Guinea,G4,2
Guinea,J1,1
Guinea,K1,23
Guinea-Bissau,B1/B2,8
Guinea-Bissau,G4,1
Guinea-Bissau,J1,1
Guinea-Bissau,K1,3
Guyana,A2,6
Guyana,B1/B2,"2,576"
Guyana,C1,1
Guyana,C1/D,15
Guyana,C3,2
Guyana,F1,29
Guyana,F2,1
Guyana,G1,1
Guyana,G2,2
Guyana,G4,1
Guyana,H1B,1
Guyana,H4,6
Guyana,J1,17
Guyana,J2,20
Guyana,K1,5
Guyana,K2,1
Guyana,L1,1
Guyana,M1,2
Guyana,M2,2
Guyana,P3,7
Guyana,R1,1
Haiti,A1,7
Haiti,B1/B2,586
Haiti,C1,1
Haiti,C1/D,3
Haiti,C3,4
Haiti,F1,25
Haiti,G1,1
Haiti,G4,9
Haiti,H1B,2
Haiti,H2B,2
Haiti,I,1
Haiti,J1,9
Haiti,K1,29
Haiti,K2,10
Haiti,P1,2
Haiti,P2,2
Honduras,A1,13
Honduras,A2,101
Honduras,B1,4
Honduras,B1/B2,"5,496"
Honduras,B2,5
Honduras,C1,2
Honduras,C1/D,85
Honduras,C3,1
Honduras,E1,2
Honduras,E2,7
Honduras,F1,163
Honduras,F2,3
Honduras,G4,11
Honduras,G5,1
Honduras,H1B,17
Honduras,H2A,104
Honduras,H2B,698
Honduras,H4,10
Honduras,I,5
Honduras,J1,65
Honduras,J2,26
Honduras,K1,29
Honduras,K2,6
Honduras,L1,4
Honduras,L2,2
Honduras,O1,2
Honduras,O3,3
Honduras,P1,1
Honduras,R1,6
Honduras,R2,2
Honduras,TD,1
Honduras,U3,1
Hong Kong S.A.R.,B1,7
Hong Kong S.A.R.,B1/B2,"3,718"
Hong Kong S.A.R.,B2,1
Hong Kong S.A.R.,C1/D,76
Hong Kong S.A.R.,F1,475
Hong Kong S.A.R.,F2,7
Hong Kong S.A.R.,G4,1
Hong Kong S.A.R.,H1B,23
Hong Kong S.A.R.,H3,2
Hong Kong S.A.R.,H4,22
Hong Kong S.A.R.,I,1
Hong Kong S.A.R.,J1,50
Hong Kong S.A.R.,J2,6
Hong Kong S.A.R.,K1,2
Hong Kong S.A.R.,L1,17
Hong Kong S.A.R.,L2,23
Hong Kong S.A.R.,M1,43
Hong Kong S.A.R.,O1,9
Hong Kong S.A.R.,O2,35
Hong Kong S.A.R.,O3,5
Hong Kong S.A.R.,P1,3
Hong Kong S.A.R.,R2,2
Hong Kong S.A.R.,TD,1
Hungary,A1,20
Hungary,A2,39
Hungary,B1,10
Hungary,B1/B2,316
Hungary,C1/D,17
Hungary,F1,126
Hungary,F2,1
Hungary,G2,14
Hungary,G4,9
Hungary,H1B,7
Hungary,H4,3
Hungary,I,1
Hungary,J1,120
Hungary,J2,45
Hungary,K1,3
Hungary,L1,17
Hungary,L2,18
Hungary,NATO2,23
Hungary,NATO6,1
Hungary,O1,2
Hungary,P1,7
Iceland,A1,4
Iceland,A2,2
Iceland,B1/B2,29
Iceland,C1/D,17
Iceland,F1,95
Iceland,F2,4
Iceland,G1,7
Iceland,H1B,1
Iceland,H4,3
Iceland,J1,24
Iceland,J2,1
Iceland,L1,2
Iceland,L2,3
Iceland,M1,1
Iceland,O1,3
India,A1,29
India,A2,117
India,A3,8
India,B1,39
India,B1/B2,"54,913"
India,B2,7
India,C1,56
India,C1/D,"4,873"
India,C2,1
India,C3,8
India,E2,2
India,E3D,23
India,F1,"14,605"
India,F2,585
India,G1,8
India,G2,6
India,G4,103
India,G5,1
India,H1B,"9,037"
India,H3,8
India,H4,"9,494"
India,I,17
India,J1,"1,109"
India,J2,302
India,K1,77
India,K2,7
India,L1,"1,745"
India,L2,"1,776"
India,M1,93
India,M2,1
India,NATO2,1
India,O1,139
India,O2,94
India,O3,57
India,P1,4
India,P3,543
India,P4,1
India,R1,84
India,R2,71
India,TD,4
India,U1,1
India,U3,4
India,U4,1
Indonesia,A1,14
Indonesia,A2,283
Indonesia,B1,54
Indonesia,B1/B2,"4,349"
Indonesia,B2,3
Indonesia,C1,15
Indonesia,C1/D,"1,083"
Indonesia,C3,1
Indonesia,F1,473
Indonesia,F2,46
Indonesia,G1,38
Indonesia,G2,27
Indonesia,G4,18
Indonesia,H1B,30
Indonesia,H4,6
Indonesia,I,4
Indonesia,J1,569
Indonesia,J2,64
Indonesia,K1,59
Indonesia,K2,6
Indonesia,L1,31
Indonesia,L2,64
Indonesia,M1,2
Indonesia,O1,7
Indonesia,P1,3
Indonesia,P3,1
Indonesia,P4,1
Indonesia,R1,3
Indonesia,R2,3
Iran,B1,1
Iran,B1/B2,"1,022"
Iran,F1,268
Iran,F2,38
Iran,G1,5
Iran,G2,15
Iran,G4,19
Iran,H1B,10
Iran,H4,3
Iran,J1,69
Iran,J2,25
Iran,K1,34
Iran,K2,2
Iran,O1,3
Iran,P1,1
Iran,TD,1
Iraq,A1,9
Iraq,A2,81
Iraq,B1/B2,461
Iraq,C1/D,2
Iraq,F1,34
Iraq,F2,6
Iraq,G4,8
Iraq,H1B,1
Iraq,H4,2
Iraq,I,2
Iraq,J1,35
Iraq,J2,1
Iraq,K1,33
Iraq,K2,1
Iraq,L1,2
Iraq,M1,1
Iraq,O1,1
Iraq,O2,1
Ireland,A1,2
Ireland,A2,21
Ireland,B1,6
Ireland,B1/B2,202
Ireland,C1/D,70
Ireland,E1,5
Ireland,E2,7
Ireland,E3D,3
Ireland,F1,261
Ireland,G1,4
Ireland,G2,3
Ireland,G4,11
Ireland,H1B,32
Ireland,H2A,12
Ireland,H3,3
Ireland,H4,4
Ireland,I,12
Ireland,J1,253
Ireland,J2,2
Ireland,K1,5
Ireland,K2,1
Ireland,L1,96
Ireland,L2,63
Ireland,M1,4
Ireland,NATO2,1
Ireland,O1,34
Ireland,O2,12
Ireland,O3,4
Ireland,P1,23
Ireland,P2,1
Ireland,P3,30
Ireland,R1,2
Israel,A1,34
Israel,A2,275
Israel,B1,73
Israel,B1/B2,"2,427"
Israel,B2,2
Israel,C1/D,80
Israel,C3,9
Israel,E1,34
Israel,E2,72
Israel,F1,231
Israel,F2,15
Israel,G1,5
Israel,G2,6
Israel,G4,3
Israel,H1B,44
Israel,H4,70
Israel,I,9
Israel,J1,262
Israel,J2,327
Israel,L1,137
Israel,L2,364
Israel,M1,9
Israel,M2,1
Israel,O1,41
Israel,O2,1
Israel,O3,55
Israel,P1,2
Israel,P3,1
Israel,P4,3
Israel,R1,25
Israel,R2,45
Italy,A1,15
Italy,A2,33
Italy,B1,4
Italy,B1/B2,"1,270"
Italy,B2,2
Italy,C1/D,287
Italy,E1,23
Italy,E2,137
Italy,F1,"1,534"
Italy,F2,8
Italy,G1,7
Italy,G2,6
Italy,G3,5
Italy,G4,42
Italy,H1B,105
Italy,H4,23
Italy,I,30
Italy,J1,"1,046"
Italy,J2,39
Italy,K1,6
Italy,L1,199
Italy,L2,166
Italy,M1,7
Italy,NATO2,68
Italy,NATO6,5
Italy,O1,59
Italy,O2,15
Italy,O3,26
Italy,P1,44
Italy,P3,2
Italy,P4,3
Italy,Q1,31
Italy,R1,13
Italy,R2,2
Jamaica,A1,4
Jamaica,A2,15
Jamaica,B1,29
Jamaica,B1/B2,"8,649"
Jamaica,B2,8
Jamaica,C1,31
Jamaica,C1/D,86
Jamaica,C3,13
Jamaica,F1,302
Jamaica,F2,6
Jamaica,G1,4
Jamaica,G2,2
Jamaica,G4,7
Jamaica,H1B,87
Jamaica,H2A,503
Jamaica,H2B,248
Jamaica,H4,129
Jamaica,I,1
Jamaica,J1,283
Jamaica,J2,236
Jamaica,K1,56
Jamaica,K2,14
Jamaica,L1,3
Jamaica,L2,1
Jamaica,M1,2
Jamaica,O1,6
Jamaica,O2,23
Jamaica,O3,2
Jamaica,P1,3
Jamaica,P3,18
Jamaica,Q1,2
Jamaica,R1,3
Japan,A1,31
Japan,A2,364
Japan,B1,4
Japan,B1/B2,388
Japan,B2,1
Japan,C1,2
Japan,C1/D,466
Japan,C3,128
Japan,E1,124
Japan,E2,"1,472"
Japan,E3D,6
Japan,F1,"1,843"
Japan,F2,54
Japan,G1,18
Japan,G2,10
Japan,G4,28
Japan,H1B,77
Japan,H2A,2
Japan,H2B,2
Japan,H3,1
Japan,H4,60
Japan,I,105
Japan,J1,978
Japan,J2,213
Japan,K1,28
Japan,K2,2
Japan,L1,312
Japan,L2,483
Japan,M1,81
Japan,O1,44
Japan,O2,68
Japan,O3,35
Japan,P1,94
Japan,P3,14
Japan,P4,2
Japan,Q1,3
Japan,R1,11
Japan,R2,1
Japan,TD,2
Jordan,A1,3
Jordan,A2,162
Jordan,B1,1
Jordan,B1/B2,"1,874"
Jordan,C1,1
Jordan,C1/D,16
Jordan,E2,3
Jordan,F1,112
Jordan,F2,15
Jordan,G1,2
Jordan,G2,5
Jordan,G4,5
Jordan,H1B,68
Jordan,H4,53
Jordan,I,5
Jordan,J1,118
Jordan,J2,36
Jordan,K1,9
Jordan,L1,16
Jordan,L2,25
Jordan,M1,2
Jordan,O1,10
Jordan,O2,1
Jordan,O3,1
Jordan,P3,1
Jordan,R1,1
Jordan,R2,5
Kazakhstan,A1,10
Kazakhstan,A2,42
Kazakhstan,B1,5
Kazakhstan,B1/B2,"1,638"
Kazakhstan,C1,1
Kazakhstan,C1/D,10
Kazakhstan,D,8
Kazakhstan,E2,9
Kazakhstan,F1,298
Kazakhstan,F2,85
Kazakhstan,G1,4
Kazakhstan,G2,3
Kazakhstan,G4,5
Kazakhstan,H1B,14
Kazakhstan,H4,12
Kazakhstan,J1,99
Kazakhstan,J2,21
Kazakhstan,K1,3
Kazakhstan,K2,1
Kazakhstan,L1,15
Kazakhstan,L2,32
Kazakhstan,M1,1
Kazakhstan,O1,3
Kazakhstan,O3,3
Kazakhstan,P1,2
Kazakhstan,P4,1
Kazakhstan,R1,1
Kenya,A1,5
Kenya,A2,68
Kenya,A3,2
Kenya,B1,33
Kenya,B1/B2,878
Kenya,B2,1
Kenya,C1,7
Kenya,C1/D,123
Kenya,C3,3
Kenya,F1,238
Kenya,F2,10
Kenya,G1,7
Kenya,G2,7
Kenya,G4,43
Kenya,H1B,32
Kenya,H4,8
Kenya,J1,96
Kenya,J2,27
Kenya,K1,53
Kenya,K2,12
Kenya,L1,1
Kenya,M1,1
Kenya,O1,3
Kenya,R1,7
Kiribati,A2,1
Kiribati,B1/B2,2
Kiribati,F1,1
Kiribati,J2,1
Kiribati,R1,1
"Korea, South",A1,54
"Korea, South",A2,478
"Korea, South",B1,1
"Korea, South",B1/B2,"1,491"
"Korea, South",B2,1
"Korea, South",C1/D,629
"Korea, South",C3,13
"Korea, South",CW1,12
"Korea, South",CW2,8
"Korea, South",E1,9
"Korea, South",E2,479
"Korea, South",E2C,2
"Korea, South",E3D,3
"Korea, South",F1,"3,679"
"Korea, South",F2,221
"Korea, South",G1,6
"Korea, South",G4,31
"Korea, South",H1B,235
"Korea, South",H2A,1
"Korea, South",H2B,1
"Korea, South",H3,4
"Korea, South",H4,117
"Korea, South",I,16
"Korea, South",J1,"1,426"
"Korea, South",J2,436
"Korea, South",K1,2
"Korea, South",L1,332
"Korea, South",L2,454
"Korea, South",M1,31
"Korea, South",M2,1
"Korea, South",O1,71
"Korea, South",O2,250
"Korea, South",O3,28
"Korea, South",P1,234
"Korea, South",P3,1
"Korea, South",R1,32
"Korea, South",R2,28
"Korea, South",TD,2
Kosovo,A1,4
Kosovo,A2,14
Kosovo,B1/B2,269
Kosovo,E2,1
Kosovo,F1,27
Kosovo,F2,2
Kosovo,G2,1
Kosovo,G4,4
Kosovo,H1B,3
Kosovo,H4,3
Kosovo,I,2
Kosovo,J1,40
Kosovo,J2,7
Kosovo,K1,9
Kuwait,A1,12
Kuwait,A2,91
Kuwait,B1/B2,"1,397"
Kuwait,C1/D,5
Kuwait,C3,1
Kuwait,F1,261
Kuwait,F2,18
Kuwait,G1,13
Kuwait,G2,7
Kuwait,G4,3
Kuwait,H1B,4
Kuwait,J1,3
Kuwait,J2,4
Kyrgyzstan,A2,27
Kyrgyzstan,B1,1
Kyrgyzstan,B1/B2,"1,244"
Kyrgyzstan,C1,10
Kyrgyzstan,D,12
Kyrgyzstan,F1,425
Kyrgyzstan,F2,6
Kyrgyzstan,G1,2
Kyrgyzstan,G2,5
Kyrgyzstan,G4,6
Kyrgyzstan,H1B,7
Kyrgyzstan,H4,6
Kyrgyzstan,I,6
Kyrgyzstan,J1,29
Kyrgyzstan,J2,2
Kyrgyzstan,K1,7
Kyrgyzstan,L1,1
Kyrgyzstan,M1,2
Kyrgyzstan,P1,3
Kyrgyzstan,P4,1
Kyrgyzstan,R1,2
Laos,A2,3
Laos,B1/B2,75
Laos,F1,13
Laos,G1,5
Laos,G2,4
Laos,H1B,2
Laos,J1,11
Laos,K1,39
Laos,K2,3
Latvia,A1,2
Latvia,A2,10
Latvia,B1/B2,95
Latvia,C1/D,55
Latvia,E2,3
Latvia,F1,40
Latvia,G1,5
Latvia,G4,9
Latvia,H1B,3
Latvia,H4,3
Latvia,J1,17
Latvia,L1,14
Latvia,L2,8
Latvia,NATO1,5
Latvia,NATO2,45
Latvia,NATO6,4
Latvia,O1,2
Latvia,O3,1
Latvia,P1,2
Lebanon,A2,38
Lebanon,B1,4
Lebanon,B1/B2,897
Lebanon,C1/D,15
Lebanon,F1,59
Lebanon,F2,1
Lebanon,G1,2
Lebanon,G2,1
Lebanon,G4,14
Lebanon,H1B,37
Lebanon,H4,24
Lebanon,I,5
Lebanon,J1,118
Lebanon,J2,15
Lebanon,K1,30
Lebanon,L1,12
Lebanon,L2,13
Lebanon,O1,13
Lebanon,O3,1
Lebanon,P3,11
Lebanon,R1,2
Lebanon,R2,2
Lebanon,TD,1
Lesotho,A1,1
Lesotho,A2,5
Lesotho,B1/B2,16
Lesotho,F1,8
Lesotho,G1,1
Lesotho,G2,7
Lesotho,J1,2
Liberia,A2,22
Liberia,B1/B2,138
Liberia,F1,18
Liberia,G1,5
Liberia,G2,3
Liberia,G4,2
Liberia,H1B,1
Liberia,J1,13
Liberia,K1,29
Liberia,K2,6
Libya,A1,6
Libya,A2,7
Libya,B1,3
Libya,B1/B2,256
Libya,D,2
Libya,F1,15
Libya,F2,2
Libya,G1,8
Libya,G2,5
Libya,G4,4
Libya,H1B,2
Libya,H4,2
Libya,J1,11
Libya,J2,3
Libya,K1,1
Libya,O1,1
Liechtenstein,A1,2
Liechtenstein,F1,1
Liechtenstein,G2,1
Liechtenstein,J1,1
Liechtenstein,J2,1
Lithuania,A1,8
Lithuania,A2,10
Lithuania,B1,6
Lithuania,B1/B2,38
Lithuania,C1/D,17
Lithuania,E2,12
Lithuania,F1,81
Lithuania,F2,1
Lithuania,G1,4
Lithuania,G2,2
Lithuania,G4,1
Lithuania,H1B,8
Lithuania,H2B,3
Lithuania,H4,2
Lithuania,I,2
Lithuania,J1,39
Lithuania,J2,6
Lithuania,K1,1
Lithuania,L1,10
Lithuania,L2,10
Lithuania,NATO2,14
Lithuania,NATO3,3
Lithuania,NATO6,5
Lithuania,O1,3
Lithuania,O2,1
Luxembourg,A1,2
Luxembourg,A2,5
Luxembourg,B1/B2,9
Luxembourg,C1/D,1
Luxembourg,C3,1
Luxembourg,F1,16
Luxembourg,G1,2
Luxembourg,G4,1
Luxembourg,H1B,1
Luxembourg,J1,5
Luxembourg,L1,4
Luxembourg,L2,4
Macau S.A.R.,B1/B2,160
Macau S.A.R.,F1,29
Macau S.A.R.,J1,2
Macau S.A.R.,L1,2
Macau S.A.R.,L2,2
Madagascar,A1,6
Madagascar,A2,11
Madagascar,B1/B2,181
Madagascar,C1,11
Madagascar,C1/D,125
Madagascar,C3,4
Madagascar,F1,29
Madagascar,F2,7
Madagascar,G1,4
Madagascar,G2,6
Madagascar,G4,9
Madagascar,H1B,4
Madagascar,J1,12
Madagascar,J2,2
Madagascar,K1,3
Madagascar,O1,2
Madagascar,R1,3
Malawi,A2,31
Malawi,B1,1
Malawi,B1/B2,163
Malawi,C1/D,1
Malawi,F1,104
Malawi,F2,33
Malawi,G2,41
Malawi,G4,5
Malawi,H1B,2
Malawi,H4,3
Malawi,I,2
Malawi,J1,9
Malawi,J2,4
Malawi,K1,2
Malaysia,A1,9
Malaysia,A2,102
Malaysia,B1,78
Malaysia,B1/B2,"2,718"
Malaysia,C1,2
Malaysia,C1/D,166
Malaysia,E2,2
Malaysia,F1,211
Malaysia,F2,6
Malaysia,G2,13
Malaysia,G4,6
Malaysia,H1B,27
Malaysia,H3,24
Malaysia,H4,10
Malaysia,I,1
Malaysia,J1,54
Malaysia,J2,4
Malaysia,K1,8
Malaysia,L1,38
Malaysia,L2,24
Malaysia,M1,3
Malaysia,O1,5
Malaysia,O2,3
Malaysia,O3,4
Malaysia,P1,2
Malaysia,R1,3
Malaysia,R2,5
Malaysia,TD,1
Maldives,A1,1
Maldives,A2,25
Maldives,B1/B2,11
Maldives,F1,1
Maldives,G1,3
Maldives,G2,1
Maldives,J1,3
Mali,A2,16
Mali,B1/B2,229
Mali,F1,15
Mali,G2,9
Mali,G4,2
Mali,J1,3
Mali,K1,6
Mali,L1,2
Mali,L2,1
Mali,P1,6
Malta,A2,7
Malta,B1/B2,9
Malta,C1/D,1
Malta,F1,7
Malta,G2,1
Malta,J1,8
Malta,L1,1
Malta,L2,1
Malta,O1,1
Marshall Islands,C1,1
Mauritania,A2,18
Mauritania,B1/B2,48
Mauritania,F1,2
Mauritania,G2,6
Mauritania,G4,4
Mauritania,G5,1
Mauritania,J1,2
Mauritius,A1,1
Mauritius,A2,4
Mauritius,B1/B2,259
Mauritius,C1/D,56
Mauritius,F1,16
Mauritius,G2,3
Mauritius,G4,2
Mauritius,H1B,2
Mauritius,H2B,1
Mauritius,J1,12
Mauritius,J2,2
Mauritius,K1,2
Mauritius,K2,1
Mauritius,L1,1
Mauritius,L2,3
Mexico,A1,17
Mexico,A2,328
Mexico,A3,1
Mexico,B1,482
Mexico,B1/B2,"1,534"
Mexico,B2,3
Mexico,BBBCC,"148,653"
Mexico,BBBCV,"3,431"
Mexico,C1,13
Mexico,C1/D,319
Mexico,C3,2
Mexico,D,18
Mexico,E1,34
Mexico,E2,121
Mexico,F1,"1,278"
Mexico,F2,124
Mexico,G1,1
Mexico,G4,28
Mexico,H1B,197
Mexico,H2A,"16,020"
Mexico,H2B,"1,526"
Mexico,H3,66
Mexico,H4,768
Mexico,I,58
Mexico,J1,734
Mexico,J2,117
Mexico,K1,323
Mexico,K2,77
Mexico,L1,345
Mexico,L2,465
Mexico,M1,35
Mexico,M2,2
Mexico,O1,81
Mexico,O2,264
Mexico,O3,60
Mexico,P1,470
Mexico,P3,114
Mexico,P4,11
Mexico,Q1,15
Mexico,R1,45
Mexico,R2,13
Mexico,T3,3
Mexico,T4,2
Mexico,T5,1
Mexico,TD,956
Mexico,TN,906
Mexico,U1,6
Mexico,U2,3
Mexico,U3,26
"Micronesia, Federated States of",G1,1
"Micronesia, Federated States of",G4,1
Moldova,A2,13
Moldova,B1,1
Moldova,B1/B2,272
Moldova,C1/D,23
Moldova,E2,2
Moldova,F1,16
Moldova,F2,2
Moldova,G4,2
Moldova,H1B,2
Moldova,H2A,2
Moldova,H4,4
Moldova,J1,20
Moldova,J2,5
Moldova,K1,2
Moldova,L1,3
Moldova,L2,1
Moldova,O1,1
Moldova,O3,2
Moldova,P1,1
Monaco,F1,2
Monaco,O1,1
Mongolia,A1,14
Mongolia,A2,34
Mongolia,B1/B2,"1,037"
Mongolia,C1,1
Mongolia,C1/D,6
Mongolia,E2,3
Mongolia,F1,333
Mongolia,F2,49
Mongolia,G1,4
Mongolia,G2,6
Mongolia,G4,10
Mongolia,H1B,10
Mongolia,H4,4
Mongolia,I,2
Mongolia,J1,80
Mongolia,J2,25
Mongolia,M1,3
Mongolia,O1,2
Mongolia,O3,1
Mongolia,P1,1
Mongolia,P4,1
Mongolia,R1,2
Mongolia,R2,3
Mongolia,U1,1
Mongolia,U2,1
Montenegro,A1,1
Montenegro,A2,4
Montenegro,B1,3
Montenegro,B1/B2,240
Montenegro,C1/D,163
Montenegro,F1,41
Montenegro,H1B,3
Montenegro,J1,12
Montenegro,J2,3
Montenegro,K1,1
Montenegro,L1,4
Montenegro,L2,2
Morocco,A1,11
Morocco,A2,79
Morocco,B1,1
Morocco,B1/B2,"2,785"
Morocco,C1/D,46
Morocco,C3,2
Morocco,E2,4
Morocco,F1,178
Morocco,F2,1
Morocco,G1,10
Morocco,G2,8
Morocco,G4,3
Morocco,H1B,7
Morocco,H4,3
Morocco,I,10
Morocco,J1,86
Morocco,J2,4
Morocco,K1,39
Morocco,L1,3
Morocco,L2,3
Morocco,NATO2,1
Morocco,O3,1
Morocco,Q1,2
Morocco,R2,2
Mozambique,A1,1
Mozambique,A2,16
Mozambique,B1/B2,131
Mozambique,C1,10
Mozambique,C1/D,1
Mozambique,F1,31
Mozambique,G1,6
Mozambique,G2,10
Mozambique,G4,13
Mozambique,J1,16
Mozambique,K1,2
Mozambique,L2,3
Mozambique,R1,2
Mozambique,R2,4
Namibia,A2,9
Namibia,B1,5
Namibia,B1/B2,95
Namibia,C1/D,8
Namibia,C2,1
Namibia,C3,1
Namibia,F1,15
Namibia,F2,2
Namibia,G2,6
Namibia,I,1
Namibia,J1,5
Namibia,K1,2
Namibia,M1,1
Nauru,A1,3
Nauru,A2,4
Nauru,G2,2
Nepal,A2,29
Nepal,A3,1
Nepal,B1,4
Nepal,B1/B2,"1,526"
Nepal,C1,11
Nepal,C1/D,26
Nepal,C2,2
Nepal,C3,2
Nepal,F1,"1,785"
Nepal,F2,63
Nepal,G1,4
Nepal,G2,9
Nepal,G4,52
Nepal,H1B,48
Nepal,H4,26
Nepal,J1,69
Nepal,J2,30
Nepal,K1,4
Nepal,L1,5
Nepal,L2,8
Nepal,O1,3
Nepal,O2,10
Nepal,O3,1
Nepal,P1,10
Nepal,P3,4
Nepal,TD,1
Netherlands,A1,19
Netherlands,A2,24
Netherlands,B1,39
Netherlands,B1/B2,464
Netherlands,B2,1
Netherlands,C1/D,107
Netherlands,E2,33
Netherlands,F1,448
Netherlands,F2,5
Netherlands,G1,10
Netherlands,G2,2
Netherlands,G3,5
Netherlands,G4,22
Netherlands,H1B,25
Netherlands,H2A,1
Netherlands,H4,7
Netherlands,I,10
Netherlands,J1,390
Netherlands,J2,12
Netherlands,K1,10
Netherlands,L1,73
Netherlands,L2,75
Netherlands,M1,9
Netherlands,M2,1
Netherlands,NATO2,18
Netherlands,NATO4,3
Netherlands,NATO6,17
Netherlands,O1,24
Netherlands,O2,4
Netherlands,O3,6
Netherlands,P1,8
Netherlands,P3,1
Netherlands,R1,1
New Zealand,A1,8
New Zealand,A2,63
New Zealand,B1,1
New Zealand,B1/B2,173
New Zealand,C1/D,60
New Zealand,C3,24
New Zealand,E1,6
New Zealand,E2,7
New Zealand,E3,1
New Zealand,E3D,7
New Zealand,F1,149
New Zealand,G1,3
New Zealand,G2,4
New Zealand,G4,8
New Zealand,H1B,19
New Zealand,H2A,1
New Zealand,H4,18
New Zealand,I,7
New Zealand,J1,95
New Zealand,J2,18
New Zealand,K1,5
New Zealand,L1,27
New Zealand,L2,28
New Zealand,M1,1
New Zealand,O1,9
New Zealand,O2,4
New Zealand,O3,2
New Zealand,P1,5
New Zealand,P3,1
New Zealand,R1,6
New Zealand,R2,1
Nicaragua,A1,4
Nicaragua,A2,2
Nicaragua,B1,22
Nicaragua,B1/B2,"1,286"
Nicaragua,B2,3
Nicaragua,C1,18
Nicaragua,C1/D,65
Nicaragua,F1,36
Nicaragua,F2,3
Nicaragua,G4,1
Nicaragua,H1B,1
Nicaragua,H2A,62
Nicaragua,H2B,4
Nicaragua,H4,6
Nicaragua,J1,14
Nicaragua,J2,1
Nicaragua,K1,2
Nicaragua,L1,5
Nicaragua,L2,6
Nicaragua,P4,1
Nicaragua,T3,1
Niger,A1,1
Niger,A2,1
Niger,B1/B2,101
Niger,F1,21
Niger,G1,3
Niger,G4,6
Niger,H1B,1
Niger,J1,4
Nigeria,A1,13
Nigeria,A2,127
Nigeria,B1,1
Nigeria,B1/B2,"7,693"
Nigeria,C1,9
Nigeria,C1/D,17
Nigeria,C3,1
Nigeria,F1,"1,047"
Nigeria,F2,78
Nigeria,G2,21
Nigeria,G4,52
Nigeria,G5,1
Nigeria,H1B,75
Nigeria,H4,43
Nigeria,I,13
Nigeria,J1,106
Nigeria,J2,19
Nigeria,K1,99
Nigeria,K2,3
Nigeria,L1,28
Nigeria,L2,24
Nigeria,M1,4
Nigeria,O1,5
Nigeria,O2,3
Nigeria,O3,5
Nigeria,P1,4
Nigeria,P3,14
Nigeria,P4,1
Nigeria,R1,6
Nigeria,T4,1
*Non-Nationality Based Issuances,B1,2
*Non-Nationality Based Issuances,B1/B2,127
*Non-Nationality Based Issuances,B2,1
*Non-Nationality Based Issuances,C1/D,16
*Non-Nationality Based Issuances,F1,18
*Non-Nationality Based Issuances,G4,4
*Non-Nationality Based Issuances,J1,8
*Non-Nationality Based Issuances,K1,7
*Non-Nationality Based Issuances,P3,1
*Non-Nationality Based Issuances,R1,1
North Macedonia,A1,5
North Macedonia,A2,13
North Macedonia,B1,2
North Macedonia,B1/B2,374
North Macedonia,C1/D,13
North Macedonia,E2,1
North Macedonia,F1,35
North Macedonia,G2,1
North Macedonia,G4,1
North Macedonia,H1B,2
North Macedonia,H4,2
North Macedonia,I,1
North Macedonia,J1,35
North Macedonia,J2,7
North Macedonia,K1,5
North Macedonia,L1,1
North Macedonia,NATO2,13
North Macedonia,NATO4,1
North Macedonia,O1,1
Norway,A1,7
Norway,A2,4
Norway,B1/B2,246
Norway,C1/D,75
Norway,E1,2
Norway,E2,19
Norway,F1,293
Norway,F2,7
Norway,G1,1
Norway,G4,5
Norway,H1B,6
Norway,H4,3
Norway,I,4
Norway,J1,92
Norway,J2,18
Norway,K1,2
Norway,L1,23
Norway,L2,14
Norway,M1,8
Norway,M2,3
Norway,NATO2,22
Norway,O1,8
Norway,O2,1
Norway,O3,2
Norway,P1,10
Norway,P3,1
Norway,Q1,28
Norway,R1,6
Norway,R2,4
Norway,TD,2
Oman,A1,2
Oman,A2,60
Oman,B1/B2,218
Oman,C1/D,11
Oman,F1,50
Oman,F2,10
Oman,G1,2
Oman,G2,11
Oman,G4,1
Oman,H1B,1
Oman,J1,1
Oman,L1,1
Oman,M1,1
Pakistan,A1,13
Pakistan,A2,115
Pakistan,A3,2
Pakistan,B1,7
Pakistan,B1/B2,"8,197"
Pakistan,B2,2
Pakistan,C1,4
Pakistan,C1/D,55
Pakistan,C2,1
Pakistan,E1,4
Pakistan,E2,26
Pakistan,E3D,1
Pakistan,F1,963
Pakistan,F2,81
Pakistan,G1,31
Pakistan,G2,5
Pakistan,G4,47
Pakistan,G5,1
Pakistan,H1B,118
Pakistan,H4,155
Pakistan,I,2
Pakistan,J1,260
Pakistan,J2,101
Pakistan,K1,44
Pakistan,K2,2
Pakistan,L1,43
Pakistan,L2,93
Pakistan,M1,1
Pakistan,O1,9
Pakistan,O3,3
Pakistan,P3,33
Pakistan,R1,5
Pakistan,R2,6
Pakistan,TD,4
Palau,B1/B2,2
Palestinian Authority Travel Document,A2,1
Palestinian Authority Travel Document,B1/B2,"1,031"
Palestinian Authority Travel Document,C1/D,1
Palestinian Authority Travel Document,E3D,1
Palestinian Authority Travel Document,F1,87
Palestinian Authority Travel Document,F2,11
Palestinian Authority Travel Document,G4,2
Palestinian Authority Travel Document,H1B,7
Palestinian Authority Travel Document,H4,6
Palestinian Authority Travel Document,I,1
Palestinian Authority Travel Document,J1,35
Palestinian Authority Travel Document,J2,2
Palestinian Authority Travel Document,K1,6
Palestinian Authority Travel Document,L2,1
Palestinian Authority Travel Document,O3,5
Palestinian Authority Travel Document,U2,1
Panama,A1,4
Panama,A2,32
Panama,B1,7
Panama,B1/B2,"2,510"
Panama,C1,2
Panama,C1/D,81
Panama,C3,6
Panama,F1,179
Panama,F2,3
Panama,G1,1
Panama,G4,4
Panama,H1B,5
Panama,H2B,7
Panama,H3,1
Panama,H4,4
Panama,I,1
Panama,J1,12
Panama,J2,4
Panama,K1,2
Panama,L1,6
Panama,L2,8
Panama,M1,4
Panama,O1,2
Panama,P1,2
Panama,P3,1
Panama,R1,1
Panama,R2,1
Papua New Guinea,A1,1
Papua New Guinea,A2,4
Papua New Guinea,B1,9
Papua New Guinea,B1/B2,152
Papua New Guinea,B2,1
Papua New Guinea,C1,2
Papua New Guinea,C3,3
Papua New Guinea,F1,18
Papua New Guinea,F2,8
Papua New Guinea,G2,7
Papua New Guinea,G4,1
Papua New Guinea,H1B,1
Papua New Guinea,J1,14
Papua New Guinea,L2,1
Paraguay,A1,1
Paraguay,A2,20
Paraguay,A3,1
Paraguay,B1,30
Paraguay,B1/B2,"3,356"
Paraguay,C1,4
Paraguay,C1/D,3
Paraguay,C3,2
Paraguay,E2,1
Paraguay,F1,35
Paraguay,F2,2
Paraguay,G1,4
Paraguay,G2,2
Paraguay,G4,8
Paraguay,G5,2
Paraguay,H1B,3
Paraguay,H2A,1
Paraguay,H4,1
Paraguay,J1,60
Paraguay,J2,4
Paraguay,K1,1
Paraguay,L1,2
Paraguay,L2,6
Paraguay,M1,1
Paraguay,O1,1
Paraguay,R1,1
Peru,A1,5
Peru,A2,57
Peru,A3,1
Peru,B1,67
Peru,B1/B2,"11,265"
Peru,C1,53
Peru,C1/D,169
Peru,C3,10
Peru,E2,1
Peru,F1,428
Peru,F2,31
Peru,G2,2
Peru,G4,27
Peru,G5,4
Peru,H1B,37
Peru,H2A,35
Peru,H4,19
Peru,I,6
Peru,J1,117
Peru,J2,15
Peru,K1,47
Peru,K2,14
Peru,L1,17
Peru,L2,23
Peru,M1,5
Peru,O1,9
Peru,O2,2
Peru,O3,3
Peru,P1,3
Peru,P3,1
Peru,R1,6
Peru,T3,1
Peru,T6,2
Philippines,A1,6
Philippines,A2,193
Philippines,A3,36
Philippines,B1,384
Philippines,B1/B2,"10,174"
Philippines,B2,1
Philippines,C1,182
Philippines,C1/D,"7,866"
Philippines,C3,9
Philippines,CW1,122
Philippines,CW2,44
Philippines,E2,7
Philippines,E3D,1
Philippines,F1,248
Philippines,F2,11
Philippines,G1,10
Philippines,G2,1
Philippines,G3,1
Philippines,G4,31
Philippines,G5,12
Philippines,H1B,378
Philippines,H2B,223
Philippines,H3,1
Philippines,H4,263
Philippines,I,1
Philippines,J1,"1,413"
Philippines,J2,532
Philippines,K1,"1,002"
Philippines,K2,175
Philippines,L1,106
Philippines,L2,82
Philippines,M1,6
Philippines,O1,7
Philippines,O2,67
Philippines,O3,3
Philippines,P1,52
Philippines,P3,2
Philippines,P4,1
Philippines,R1,22
Philippines,R2,13
Philippines,T2,1
Philippines,T3,2
Philippines,T6,1
Philippines,TD,4
Poland,A1,10
Poland,A2,50
Poland,B1,1
Poland,B1/B2,651
Poland,B2,1
Poland,C1/D,177
Poland,C3,1
Poland,E1,2
Poland,E2,34
Poland,E3D,2
Poland,F1,185
Poland,F2,1
Poland,G2,6
Poland,G4,3
Poland,H1B,19
Poland,H2B,2
Poland,H4,6
Poland,I,3
Poland,J1,343
Poland,J2,34
Poland,K1,17
Poland,K2,4
Poland,L1,60
Poland,L2,54
Poland,M1,3
Poland,M2,3
Poland,NATO2,97
Poland,NATO4,1
Poland,NATO6,5
Poland,O1,25
Poland,O3,7
Poland,P1,9
Poland,P3,4
Poland,R1,9
Poland,TD,1
Portugal,A1,7
Portugal,A2,9
Portugal,B1,10
Portugal,B1/B2,412
Portugal,C1,1
Portugal,C1/D,267
Portugal,D,1
Portugal,E2,3
Portugal,F1,254
Portugal,F2,3
Portugal,G1,1
Portugal,G2,1
Portugal,G4,7
Portugal,H1B,18
Portugal,H4,10
Portugal,I,5
Portugal,J1,103
Portugal,J2,13
Portugal,K1,4
Portugal,L1,43
Portugal,L2,57
Portugal,NATO2,11
Portugal,NATO6,1
Portugal,O1,13
Portugal,O2,2
Portugal,O3,5
Portugal,P1,5
Portugal,P3,1
Portugal,P4,3
Portugal,R1,3
Portugal,R2,3
Qatar,A1,15
Qatar,A2,106
Qatar,B1,2
Qatar,B1/B2,708
Qatar,C1,1
Qatar,C1/D,4
Qatar,F1,26
Qatar,F2,9
Qatar,G1,2
Qatar,G2,16
Qatar,I,3
Qatar,J1,4
Qatar,O1,1
Romania,A1,1
Romania,A2,29
Romania,B1,50
Romania,B1/B2,"8,047"
Romania,C1,1
Romania,C1/D,299
Romania,C2,1
Romania,E2,17
Romania,F1,87
Romania,G2,10
Romania,G4,5
Romania,H1B,18
Romania,H2A,17
Romania,H2B,4
Romania,H4,4
Romania,I,4
Romania,J1,74
Romania,J2,11
Romania,K1,10
Romania,K2,4
Romania,L1,16
Romania,L2,17
Romania,M1,1
Romania,NATO2,20
Romania,NATO4,1
Romania,O1,7
Romania,O2,1
Romania,O3,4
Romania,P1,3
Romania,P3,7
Romania,P4,3
Romania,R1,2
Romania,TD,1
Russia,A1,2
Russia,A2,88
Russia,B1,9
Russia,B1/B2,"3,424"
Russia,B2,1
Russia,C1,1
Russia,C1/D,235
Russia,C2,15
Russia,E1,2
Russia,E2,6
Russia,F1,581
Russia,F2,31
Russia,G1,19
Russia,G2,60
Russia,G4,9
Russia,H1B,25
Russia,H3,1
Russia,H4,26
Russia,I,6
Russia,J1,54
Russia,J2,16
Russia,K1,40
Russia,K2,13
Russia,L1,62
Russia,L2,96
Russia,O1,36
Russia,O2,7
Russia,O3,15
Russia,P1,10
Russia,P3,1
Russia,P4,3
Russia,R1,1
Russia,R2,1
Russia,TD,1
Rwanda,A2,9
Rwanda,B1/B2,267
Rwanda,C1/D,2
Rwanda,F1,94
Rwanda,F2,2
Rwanda,G2,1
Rwanda,G4,3
Rwanda,H1B,2
Rwanda,H4,1
Rwanda,J1,11
Rwanda,K1,3
Rwanda,L2,3
Saint Kitts and Nevis,B1/B2,311
Saint Kitts and Nevis,C1,1
Saint Kitts and Nevis,F1,28
Saint Kitts and Nevis,F2,1
Saint Kitts and Nevis,G4,1
Saint Kitts and Nevis,H1B,3
Saint Kitts and Nevis,J1,3
Saint Kitts and Nevis,L1,1
Saint Kitts and Nevis,O3,1
Saint Lucia,A2,1
Saint Lucia,B1,2
Saint Lucia,B1/B2,346
Saint Lucia,B2,1
Saint Lucia,C1,5
Saint Lucia,C1/D,20
Saint Lucia,F1,18
Saint Lucia,F2,5
Saint Lucia,H1B,3
Saint Lucia,J1,1
Saint Lucia,P1,1
Saint Lucia,R1,1
Saint Lucia,R2,1
Saint Vincent and the Grenadines,B1,5
Saint Vincent and the Grenadines,B1/B2,198
Saint Vincent and the Grenadines,B2,2
Saint Vincent and the Grenadines,C1,1
Saint Vincent and the Grenadines,C1/D,8
Saint Vincent and the Grenadines,F1,16
Saint Vincent and the Grenadines,G1,1
Saint Vincent and the Grenadines,G4,1
Saint Vincent and the Grenadines,J1,3
Saint Vincent and the Grenadines,K1,1
Saint Vincent and the Grenadines,M1,1
Samoa,A2,1
Samoa,B1/B2,122
Samoa,C3,2
Samoa,F1,3
Samoa,J1,1
Samoa,R1,1
San Marino,F1,1
Sao Tome and Principe,A2,2
Sao Tome and Principe,B1/B2,2
Sao Tome and Principe,J1,1
Saudi Arabia,A1,88
Saudi Arabia,A2,505
Saudi Arabia,B1/B2,"4,975"
Saudi Arabia,C1,1
Saudi Arabia,D,90
Saudi Arabia,F1,933
Saudi Arabia,F2,298
Saudi Arabia,G1,17
Saudi Arabia,G2,2
Saudi Arabia,G4,2
Saudi Arabia,H1B,26
Saudi Arabia,H3,1
Saudi Arabia,H4,18
Saudi Arabia,I,1
Saudi Arabia,J1,64
Saudi Arabia,J2,40
Saudi Arabia,L1,13
Saudi Arabia,L2,37
Saudi Arabia,M1,26
Saudi Arabia,M2,2
Saudi Arabia,O1,5
Saudi Arabia,O2,3
Senegal,A1,4
Senegal,A2,33
Senegal,B1/B2,455
Senegal,B2,1
Senegal,C3,2
Senegal,F1,44
Senegal,F2,2
Senegal,G2,14
Senegal,G4,10
Senegal,H1B,4
Senegal,H4,4
Senegal,I,2
Senegal,J1,32
Senegal,J2,2
Senegal,K1,22
Senegal,K2,1
Senegal,O1,1
Senegal,P3,1
Serbia,A1,1
Serbia,A2,2
Serbia,B1,4
Serbia,B1/B2,"1,119"
Serbia,C1/D,152
Serbia,E1,2
Serbia,E2,9
Serbia,F1,294
Serbia,F2,1
Serbia,G4,6
Serbia,H1B,27
Serbia,H2B,2
Serbia,H4,11
Serbia,I,4
Serbia,J1,43
Serbia,J2,1
Serbia,K1,4
Serbia,L1,26
Serbia,L2,23
Serbia,O1,3
Serbia,P1,1
Serbia,R1,1
Serbia,R2,2
Seychelles,B1/B2,8
Seychelles,C1/D,3
Seychelles,C3,1
Seychelles,F1,3
Seychelles,G2,4
Seychelles,G4,5
Sierra Leone,A1,4
Sierra Leone,A2,41
Sierra Leone,B1,4
Sierra Leone,B1/B2,211
Sierra Leone,B2,29
Sierra Leone,F1,54
Sierra Leone,F2,3
Sierra Leone,G1,5
Sierra Leone,G2,52
Sierra Leone,G4,1
Sierra Leone,J1,14
Sierra Leone,K1,66
Sierra Leone,K2,6
Sierra Leone,P1,1
Singapore,A2,224
Singapore,B1/B2,41
Singapore,C1/D,143
Singapore,C3,1
Singapore,E2,2
Singapore,F1,310
Singapore,F2,11
Singapore,G1,4
Singapore,G2,2
Singapore,G4,3
Singapore,H1B,34
Singapore,H1B1,94
Singapore,H3,4
Singapore,H4,14
Singapore,I,1
Singapore,J1,127
Singapore,J2,11
Singapore,K1,1
Singapore,L1,35
Singapore,L2,32
Singapore,M1,8
Singapore,O1,9
Singapore,O2,1
Singapore,O3,7
Singapore,TD,2
Slovakia,A1,2
Slovakia,A2,6
Slovakia,B1,18
Slovakia,B1/B2,59
Slovakia,C1/D,1
Slovakia,E2,3
Slovakia,F1,74
Slovakia,F2,3
Slovakia,G1,2
Slovakia,G2,3
Slovakia,G4,4
Slovakia,H1B,4
Slovakia,H4,4
Slovakia,I,1
Slovakia,J1,34
Slovakia,J2,9
Slovakia,K1,2
Slovakia,L1,12
Slovakia,L2,18
Slovakia,NATO2,26
Slovakia,O1,6
Slovakia,O2,2
Slovakia,O3,3
Slovakia,R1,2
Slovenia,A2,4
Slovenia,B1,5
Slovenia,B1/B2,41
Slovenia,C1,1
Slovenia,C1/D,6
Slovenia,E2,1
Slovenia,F1,58
Slovenia,G1,1
Slovenia,G2,1
Slovenia,H1B,3
Slovenia,J1,21
Slovenia,J2,2
Slovenia,L1,1
Slovenia,L2,1
Slovenia,NATO2,9
Slovenia,O1,2
Slovenia,O2,2
Slovenia,O3,3
Slovenia,P1,2
Solomon Islands,F1,2
Solomon Islands,J1,3
Somalia,A1,1
Somalia,A2,4
Somalia,B1/B2,28
Somalia,F1,1
Somalia,G2,1
Somalia,G4,1
Somalia,K1,7
Somalia,TD,1
South Africa,A1,4
South Africa,A2,26
South Africa,B1,24
South Africa,B1/B2,"5,038"
South Africa,B2,1
South Africa,C1,8
South Africa,C1/D,458
South Africa,E1,1
South Africa,E2,1
South Africa,F1,312
South Africa,F2,8
South Africa,G1,1
South Africa,G2,2
South Africa,G4,25
South Africa,H1B,19
South Africa,H2A,606
South Africa,H2B,19
South Africa,H3,1
South Africa,H4,69
South Africa,I,1
South Africa,J1,278
South Africa,J2,3
South Africa,K1,14
South Africa,K2,1
South Africa,L1,56
South Africa,L2,79
South Africa,M1,11
South Africa,M2,2
South Africa,O1,16
South Africa,O2,4
South Africa,O3,6
South Africa,P1,5
South Africa,P3,2
South Africa,P4,1
South Africa,Q1,2
South Africa,R1,4
South Africa,R2,5
South Sudan,B1,6
South Sudan,B1/B2,9
South Sudan,F1,10
South Sudan,G1,1
South Sudan,G2,10
South Sudan,G4,2
South Sudan,J1,4
South Sudan,K1,2
South Sudan,O1,15
Spain,A1,11
Spain,A2,46
Spain,B1,2
Spain,B1/B2,"1,399"
Spain,B2,8
Spain,C1/D,286
Spain,C3,2
Spain,E1,14
Spain,E2,175
Spain,F1,"1,325"
Spain,F2,24
Spain,G1,6
Spain,G2,11
Spain,G3,10
Spain,G4,47
Spain,G5,3
Spain,H1B,103
Spain,H4,28
Spain,I,19
Spain,J1,"1,593"
Spain,J2,264
Spain,K1,24
Spain,K2,2
Spain,L1,116
Spain,L2,150
Spain,M1,7
Spain,NATO2,48
Spain,NATO5,1
Spain,O1,47
Spain,O2,21
Spain,O3,19
Spain,P1,32
Spain,P3,5
Spain,P4,7
Spain,Q1,2
Spain,R1,10
Spain,R2,3
Spain,TD,1
Sri Lanka,A1,4
Sri Lanka,A2,52
Sri Lanka,A3,4
Sri Lanka,B1,1
Sri Lanka,B1/B2,653
Sri Lanka,C1,7
Sri Lanka,C1/D,62
Sri Lanka,F1,128
Sri Lanka,F2,26
Sri Lanka,G1,12
Sri Lanka,G2,3
Sri Lanka,G4,6
Sri Lanka,H1B,18
Sri Lanka,H4,16
Sri Lanka,J1,29
Sri Lanka,J2,8
Sri Lanka,K1,3
Sri Lanka,L1,8
Sri Lanka,L2,12
Sri Lanka,M1,1
Sri Lanka,P1,1
Sri Lanka,U1,1
Sudan,A1,10
Sudan,A2,3
Sudan,A3,2
Sudan,B1,17
Sudan,B1/B2,289
Sudan,D,2
Sudan,F1,41
Sudan,F2,4
Sudan,G1,7
Sudan,G2,7
Sudan,G4,14
Sudan,H1B,5
Sudan,H4,9
Sudan,I,1
Sudan,J1,8
Sudan,J2,3
Sudan,K1,6
Sudan,L1,2
Sudan,L2,6
Sudan,O1,2
Suriname,A1,4
Suriname,A2,4
Suriname,B1/B2,646
Suriname,C3,8
Suriname,F1,3
Suriname,G2,18
Suriname,G4,3
Suriname,J1,12
Sweden,A1,19
Sweden,A2,109
Sweden,B1,2
Sweden,B1/B2,472
Sweden,B2,3
Sweden,C1/D,33
Sweden,E1,4
Sweden,E2,61
Sweden,F1,682
Sweden,F2,6
Sweden,G1,17
Sweden,G2,9
Sweden,G4,13
Sweden,H1B,18
Sweden,H4,15
Sweden,I,9
Sweden,J1,291
Sweden,J2,24
Sweden,K1,9
Sweden,K2,2
Sweden,L1,47
Sweden,L2,54
Sweden,M1,4
Sweden,O1,29
Sweden,O2,7
Sweden,O3,22
Sweden,P1,39
Sweden,P3,5
Sweden,P4,10
Switzerland,A1,1
Switzerland,A2,29
Switzerland,B1,13
Switzerland,B1/B2,345
Switzerland,B2,4
Switzerland,C1/D,95
Switzerland,C3,1
Switzerland,E2,17
Switzerland,E3D,1
Switzerland,F1,262
Switzerland,G1,7
Switzerland,G2,2
Switzerland,G4,8
Switzerland,H1B,16
Switzerland,H4,7
Switzerland,I,9
Switzerland,J1,160
Switzerland,J2,13
Switzerland,K1,2
Switzerland,L1,34
Switzerland,L2,36
Switzerland,M1,26
Switzerland,O1,21
Switzerland,O2,3
Switzerland,O3,10
Switzerland,P1,3
Syria,A3,1
Syria,B1,1
Syria,B1/B2,402
Syria,B2,1
Syria,F1,40
Syria,F2,4
Syria,G1,11
Syria,G2,2
Syria,G4,1
Syria,H1B,6
Syria,H4,6
Syria,I,1
Syria,J1,8
Syria,J2,5
Syria,K1,36
Syria,O2,1
Syria,P3,5
Syria,R1,1
Syria,R2,3
Taiwan,B1,1
Taiwan,B1/B2,607
Taiwan,C1,5
Taiwan,C1/D,233
Taiwan,CW1,1
Taiwan,E1,41
Taiwan,E2,198
Taiwan,E3D,1
Taiwan,F1,"1,813"
Taiwan,F2,52
Taiwan,G4,1
Taiwan,H1B,98
Taiwan,H2A,1
Taiwan,H4,48
Taiwan,I,1
Taiwan,J1,372
Taiwan,J2,62
Taiwan,K1,8
Taiwan,L1,105
Taiwan,L2,114
Taiwan,M1,11
Taiwan,M2,1
Taiwan,O1,14
Taiwan,O2,8
Taiwan,O3,3
Taiwan,P1,3
Taiwan,P3,9
Taiwan,R1,5
Taiwan,R2,4
Taiwan,TD,2
Tajikistan,A2,4
Tajikistan,B1/B2,33
Tajikistan,D,2
Tajikistan,F1,22
Tajikistan,F2,3
Tajikistan,G1,3
Tajikistan,G2,5
Tajikistan,G4,4
Tajikistan,J1,11
Tajikistan,J2,4
Tajikistan,K1,6
Tajikistan,K2,2
Tajikistan,L1,1
Tajikistan,P1,1
Tanzania,A1,4
Tanzania,A2,35
Tanzania,B1,12
Tanzania,B1/B2,341
Tanzania,C1,2
Tanzania,C1/D,6
Tanzania,C3,1
Tanzania,F1,178
Tanzania,F2,6
Tanzania,G2,65
Tanzania,G4,42
Tanzania,H1B,6
Tanzania,H4,4
Tanzania,J1,18
Tanzania,K1,7
Tanzania,K2,1
Tanzania,L1,1
Tanzania,M1,1
Tanzania,O1,1
Tanzania,R1,2
Thailand,A1,6
Thailand,A2,141
Thailand,B1,18
Thailand,B1/B2,"3,951"
Thailand,C1,11
Thailand,C1/D,377
Thailand,CW2,1
Thailand,E1,1
Thailand,E2,71
Thailand,F1,906
Thailand,F2,10
Thailand,G2,18
Thailand,G4,5
Thailand,G5,1
Thailand,H1B,37
Thailand,H4,12
Thailand,J1,447
Thailand,J2,5
Thailand,K1,159
Thailand,K2,17
Thailand,L1,25
Thailand,L2,18
Thailand,M1,2
Thailand,O1,7
Thailand,O2,1
Thailand,O3,7
Thailand,P1,2
Thailand,R1,8
Thailand,R2,1
Thailand,TD,1
Timor-Leste,A2,2
Timor-Leste,B1/B2,10
Timor-Leste,F1,6
Timor-Leste,J1,11
Togo,A1,1
Togo,A2,8
Togo,B1/B2,193
Togo,C1,4
Togo,D,1
Togo,E2,1
Togo,F1,27
Togo,F2,8
Togo,G2,4
Togo,G4,2
Togo,J1,2
Togo,K1,3
Tonga,A1,2
Tonga,A2,10
Tonga,B1/B2,88
Tonga,C1,1
Tonga,F1,2
Tonga,F2,1
Tonga,H1B,1
Tonga,J1,7
Tonga,K1,1
Tonga,R1,15
Trinidad and Tobago,A2,10
Trinidad and Tobago,B1,1
Trinidad and Tobago,B1/B2,"3,701"
Trinidad and Tobago,B2,1
Trinidad and Tobago,C1,3
Trinidad and Tobago,C1/D,20
Trinidad and Tobago,C3,2
Trinidad and Tobago,E2,9
Trinidad and Tobago,F1,118
Trinidad and Tobago,F2,3
Trinidad and Tobago,G4,7
Trinidad and Tobago,H1B,15
Trinidad and Tobago,H4,5
Trinidad and Tobago,J1,24
Trinidad and Tobago,J2,7
Trinidad and Tobago,K1,3
Trinidad and Tobago,L1,32
Trinidad and Tobago,L2,14
Trinidad and Tobago,M1,5
Trinidad and Tobago,O1,2
Trinidad and Tobago,O2,3
Trinidad and Tobago,O3,1
Trinidad and Tobago,P1,13
Trinidad and Tobago,P3,7
Trinidad and Tobago,R2,4
Tunisia,A2,10
Tunisia,B1/B2,506
Tunisia,B2,1
Tunisia,C1,1
Tunisia,C1/D,48
Tunisia,D,1
Tunisia,F1,36
Tunisia,F2,1
Tunisia,G1,6
Tunisia,G2,1
Tunisia,G4,4
Tunisia,H1B,4
Tunisia,H4,4
Tunisia,I,2
Tunisia,J1,30
Tunisia,J2,1
Tunisia,K1,8
Tunisia,L1,3
Tunisia,L2,4
Tunisia,NATO2,1
Tunisia,O1,1
Turkey,A1,17
Turkey,A2,107
Turkey,A3,1
Turkey,B1,1
Turkey,B1/B2,"8,154"
Turkey,C1/D,409
Turkey,E1,7
Turkey,E2,43
Turkey,F1,769
Turkey,F2,27
Turkey,G1,3
Turkey,G2,3
Turkey,G4,26
Turkey,H1B,84
Turkey,H4,55
Turkey,I,22
Turkey,J1,368
Turkey,J2,189
Turkey,K1,18
Turkey,L1,47
Turkey,L2,63
Turkey,M1,1
Turkey,NATO2,36
Turkey,NATO4,1
Turkey,NATO6,3
Turkey,O1,21
Turkey,O3,11
Turkey,P1,1
Turkey,P4,1
Turkey,R1,2
Turkey,R2,7
Turkey,TD,2
Turkmenistan,A2,13
Turkmenistan,B1,1
Turkmenistan,B1/B2,113
Turkmenistan,C1,8
Turkmenistan,C1/D,17
Turkmenistan,F1,62
Turkmenistan,F2,11
Turkmenistan,G4,1
Turkmenistan,H1B,7
Turkmenistan,H4,15
Turkmenistan,J1,24
Turkmenistan,J2,1
Turkmenistan,P1,1
Turks and Caicos Islands,B1/B2,29
Turks and Caicos Islands,F1,13
Turks and Caicos Islands,F2,1
Tuvalu,A2,3
Tuvalu,C3,4
Tuvalu,G4,1
Tuvalu,J1,1
Uganda,A2,19
Uganda,B1,2
Uganda,B1/B2,638
Uganda,C1,8
Uganda,C1/D,23
Uganda,C2,1
Uganda,D,7
Uganda,F1,225
Uganda,F2,14
Uganda,G1,2
Uganda,G2,4
Uganda,G4,30
Uganda,H1B,4
Uganda,H4,7
Uganda,J1,35
Uganda,J2,1
Uganda,K1,21
Uganda,K2,4
Uganda,L1,3
Uganda,L2,2
Uganda,P3,3
Uganda,R1,1
Ukraine,A1,2
Ukraine,A2,79
Ukraine,B1,10
Ukraine,B1/B2,"2,577"
Ukraine,C1,1
Ukraine,C1/D,259
Ukraine,E2,19
Ukraine,E3D,1
Ukraine,F1,195
Ukraine,F2,4
Ukraine,G1,4
Ukraine,G4,7
Ukraine,H1B,18
Ukraine,H2A,2
Ukraine,H4,7
Ukraine,I,6
Ukraine,J1,89
Ukraine,J2,15
Ukraine,K1,10
Ukraine,K2,3
Ukraine,L1,28
Ukraine,L2,52
Ukraine,O1,14
Ukraine,O3,11
Ukraine,P1,76
Ukraine,P3,11
Ukraine,P4,2
Ukraine,R1,1
United Arab Emirates,A1,14
United Arab Emirates,A2,80
United Arab Emirates,B1/B2,"1,449"
United Arab Emirates,C3,1
United Arab Emirates,D,17
United Arab Emirates,F1,190
United Arab Emirates,F2,5
United Arab Emirates,G1,1
United Arab Emirates,G2,10
United Arab Emirates,J1,25
United Arab Emirates,J2,1
United Arab Emirates,L1,1
United Arab Emirates,O1,1
United Arab Emirates,O2,1
United Arab Emirates,P3,1
Uruguay,A1,3
Uruguay,A2,11
Uruguay,B1,3
Uruguay,B1/B2,"2,500"
Uruguay,C1,1
Uruguay,C1/D,7
Uruguay,C3,8
Uruguay,E2,2
Uruguay,F1,19
Uruguay,F2,2
Uruguay,G1,2
Uruguay,G2,2
Uruguay,G4,6
Uruguay,H1B,5
Uruguay,H2A,3
Uruguay,H4,2
Uruguay,I,1
Uruguay,J1,18
Uruguay,J2,2
Uruguay,K1,1
Uruguay,L1,6
Uruguay,L2,3
Uruguay,O1,5
Uruguay,R1,1
Uzbekistan,A1,6
Uzbekistan,A2,32
Uzbekistan,B1,2
Uzbekistan,B1/B2,542
Uzbekistan,C1,5
Uzbekistan,C1/D,37
Uzbekistan,E2,1
Uzbekistan,F1,215
Uzbekistan,F2,3
Uzbekistan,G1,5
Uzbekistan,G2,2
Uzbekistan,G4,9
Uzbekistan,H1B,4
Uzbekistan,H4,7
Uzbekistan,J1,37
Uzbekistan,J2,5
Uzbekistan,K1,7
Uzbekistan,K2,2
Uzbekistan,L1,1
Uzbekistan,O1,1
Uzbekistan,P1,1
Vanuatu,A1,1
Vanuatu,A2,3
Vanuatu,B1/B2,12
Vanuatu,C3,9
Vanuatu,F1,2
Vanuatu,J1,3
Vatican City,A1,1
Vatican City,A2,3
Venezuela,B1,5
Venezuela,B1/B2,"4,878"
Venezuela,B2,7
Venezuela,C1,1
Venezuela,C1/D,44
Venezuela,D,1
Venezuela,E2,6
Venezuela,F1,132
Venezuela,F2,6
Venezuela,G3,3
Venezuela,G4,15
Venezuela,H1B,17
Venezuela,H4,13
Venezuela,I,1
Venezuela,J1,18
Venezuela,J2,5
Venezuela,K1,39
Venezuela,K2,10
Venezuela,L1,35
Venezuela,L2,25
Venezuela,M1,2
Venezuela,O1,14
Venezuela,O2,7
Venezuela,O3,11
Venezuela,P1,253
Venezuela,P4,4
Venezuela,R1,1
Venezuela,TD,2
Vietnam,A1,15
Vietnam,A2,87
Vietnam,B1,13
Vietnam,B1/B2,"12,226"
Vietnam,B2,11
Vietnam,C1,22
Vietnam,C1/D,232
Vietnam,C3,3
Vietnam,F1,"4,984"
Vietnam,F2,25
Vietnam,G1,6
Vietnam,G2,18
Vietnam,G4,36
Vietnam,H1B,73
Vietnam,H3,1
Vietnam,H4,35
Vietnam,J1,125
Vietnam,J2,14
Vietnam,K1,216
Vietnam,K2,48
Vietnam,L1,50
Vietnam,L2,67
Vietnam,M1,5
Vietnam,O1,8
Vietnam,O2,5
Vietnam,O3,1
Vietnam,P3,11
Vietnam,R1,10
Yemen,A1,7
Yemen,A2,18
Yemen,B1,2
Yemen,B1/B2,265
Yemen,C1/D,6
Yemen,F1,32
Yemen,F2,7
Yemen,G4,8
Yemen,H1B,1
Yemen,H4,3
Yemen,J1,7
Yemen,K1,7
Yemen,L1,1
Yemen,L2,5
Yemen,M1,1
Zambia,A1,1
Zambia,A2,42
Zambia,B1/B2,211
Zambia,C1/D,13
Zambia,F1,72
Zambia,F2,6
Zambia,G1,2
Zambia,G2,7
Zambia,G4,18
Zambia,H1B,3
Zambia,H4,1
Zambia,J1,17
Zambia,K1,2
Zambia,R1,2
Zambia,R2,1
Zimbabwe,A1,15
Zimbabwe,A3,1
Zimbabwe,B1,1
Zimbabwe,B1/B2,629
Zimbabwe,C1,5
Zimbabwe,C1/D,390
Zimbabwe,D,1
Zimbabwe,F1,398
Zimbabwe,F2,55
Zimbabwe,G1,4
Zimbabwe,G2,39
Zimbabwe,G4,29
Zimbabwe,H1B,10
Zimbabwe,H4,5
Zimbabwe,I,2
Zimbabwe,J1,49
Zimbabwe,J2,16
Zimbabwe,K1,5
Zimbabwe,K2,4
Zimbabwe,L1,6
Zimbabwe,L2,7
Zimbabwe,Q1,1
GRAND TOTAL,,"960,883"
"*""Non-nationality based issuances"" includes individuals presenting travel documents issued by a competent authority other than their country of nationality, including, for example, aliens traveling on a Laissez-Passer issued by the United Nations and refugees residing in another country.",,