Nonimmigrant Visa Issuances by Nationality                                                      March 2024 (FY 2024),,
Nationality,Visa Class,Issuances
Afghanistan,B1,1
Afghanistan,B1/B2,139
Afghanistan,C2,3
Afghanistan,F1,7
Afghanistan,F2,1
Afghanistan,G4,16
Afghanistan,J1,3
Afghanistan,K1,7
Afghanistan,L1,1
Afghanistan,O1,1
Afghanistan,P4,1
Albania,A1,2
Albania,A2,18
Albania,B1/B2,"2,292"
Albania,BBBCC,1
Albania,C1/D,9
Albania,F1,18
Albania,F2,3
Albania,G1,1
Albania,G2,2
Albania,G4,7
Albania,H1B,1
Albania,I,1
Albania,J1,24
Albania,K1,10
Albania,K2,1
Albania,L2,1
Albania,NATO2,10
Albania,P3,3
Albania,P4,2
Algeria,A1,4
Algeria,A2,9
Algeria,B1,3
Algeria,B1/B2,"1,661"
Algeria,C1,2
Algeria,C2,3
Algeria,D,23
Algeria,F1,27
Algeria,F2,1
Algeria,G1,4
Algeria,G2,1
Algeria,G4,3
Algeria,H1B,1
Algeria,H4,1
Algeria,I,2
Algeria,J1,14
Algeria,J2,1
Algeria,K1,12
Algeria,L1,4
Algeria,L2,1
Algeria,O1,1
Andorra,A1,1
Andorra,B1/B2,2
Andorra,E2,1
Andorra,G2,6
Angola,A1,3
Angola,A2,5
Angola,A3,1
Angola,B1,4
Angola,B1/B2,345
Angola,C1/D,13
Angola,C2,2
Angola,F1,36
Angola,F2,4
Angola,G2,21
Angola,G4,1
Angola,H4,2
Angola,J1,1
Angola,K1,2
Anguilla,B1/B2,2
Antigua and Barbuda,A1,2
Antigua and Barbuda,B1/B2,278
Antigua and Barbuda,C1/D,1
Antigua and Barbuda,F1,3
Antigua and Barbuda,G1,1
Antigua and Barbuda,H2B,1
Antigua and Barbuda,J1,4
Antigua and Barbuda,L2,1
Argentina,A1,3
Argentina,A2,24
Argentina,B1,8
Argentina,B1/B2,"24,109"
Argentina,B2,72
Argentina,BBBCC,1
Argentina,C1/D,141
Argentina,C2,1
Argentina,E1,5
Argentina,E2,53
Argentina,F1,75
Argentina,F2,10
Argentina,G1,6
Argentina,G2,5
Argentina,G4,39
Argentina,G5,2
Argentina,H1B,18
Argentina,H2A,41
Argentina,H2B,23
Argentina,H3,1
Argentina,H4,7
Argentina,I,13
Argentina,J1,260
Argentina,J2,11
Argentina,K1,9
Argentina,L1,60
Argentina,L2,71
Argentina,M1,5
Argentina,O1,28
Argentina,O2,6
Argentina,O3,14
Argentina,P1,31
Argentina,P3,6
Argentina,P4,5
Argentina,R1,6
Argentina,R2,2
Argentina,TD,1
Armenia,A2,8
Armenia,B1/B2,"1,484"
Armenia,C1,1
Armenia,C3,1
Armenia,D,2
Armenia,E2,3
Armenia,F1,1
Armenia,F2,4
Armenia,G1,3
Armenia,G2,3
Armenia,G4,1
Armenia,H1B,1
Armenia,J1,25
Armenia,J2,1
Armenia,K1,21
Armenia,K2,1
Armenia,O1,2
Armenia,O2,2
Armenia,P3,3
Armenia,TD,1
Australia,A1,8
Australia,A2,423
Australia,B1,5
Australia,B1/B2,884
Australia,B2,1
Australia,C1,2
Australia,C1/D,163
Australia,C3,2
Australia,E2,26
Australia,E3,252
Australia,E3D,211
Australia,E3R,242
Australia,F1,51
Australia,F2,2
Australia,G1,4
Australia,G2,3
Australia,G4,14
Australia,H1B,43
Australia,H2A,2
Australia,H2B,1
Australia,H4,15
Australia,I,18
Australia,J1,368
Australia,J2,7
Australia,K1,14
Australia,K2,1
Australia,L1,45
Australia,L2,24
Australia,M1,5
Australia,O1,44
Australia,O2,18
Australia,O3,2
Australia,P1,37
Australia,P3,1
Australia,R1,4
Australia,R2,2
Austria,A1,1
Austria,A2,40
Austria,B1,1
Austria,B1/B2,275
Austria,C1/D,104
Austria,E1,5
Austria,E2,22
Austria,F1,22
Austria,G2,3
Austria,G3,2
Austria,G4,9
Austria,H1B,5
Austria,I,5
Austria,J1,47
Austria,J2,1
Austria,K1,2
Austria,L1,21
Austria,L2,5
Austria,M1,2
Austria,O1,6
Austria,O2,1
Austria,O3,1
Austria,P1,14
Azerbaijan,A1,1
Azerbaijan,A2,17
Azerbaijan,B1,3
Azerbaijan,B1/B2,668
Azerbaijan,C1/D,24
Azerbaijan,E2,6
Azerbaijan,F1,14
Azerbaijan,F2,3
Azerbaijan,G1,1
Azerbaijan,G2,15
Azerbaijan,G4,8
Azerbaijan,H1B,2
Azerbaijan,H4,3
Azerbaijan,I,6
Azerbaijan,J1,26
Azerbaijan,J2,5
Azerbaijan,K1,2
Azerbaijan,L1,1
Azerbaijan,L2,1
Azerbaijan,R1,1
Azerbaijan,R2,1
"Bahamas, The",A1,11
"Bahamas, The",A2,4
"Bahamas, The",B1/B2,999
"Bahamas, The",B2,5
"Bahamas, The",C1,1
"Bahamas, The",C1/D,9
"Bahamas, The",C3,1
"Bahamas, The",F1,16
"Bahamas, The",F2,1
"Bahamas, The",G1,1
"Bahamas, The",H1B,7
"Bahamas, The",H4,3
"Bahamas, The",J1,4
"Bahamas, The",L1,2
"Bahamas, The",M1,4
"Bahamas, The",P1,1
"Bahamas, The",R1,1
Bahrain,A1,2
Bahrain,A2,5
Bahrain,B1/B2,340
Bahrain,C1/D,1
Bahrain,F1,3
Bahrain,G2,6
Bahrain,H1B,2
Bahrain,J1,2
Bahrain,M1,1
Bangladesh,A1,4
Bangladesh,A2,60
Bangladesh,B1,5
Bangladesh,B1/B2,"3,607"
Bangladesh,C1/D,86
Bangladesh,C2,5
Bangladesh,C3,2
Bangladesh,CW1,3
Bangladesh,E2,5
Bangladesh,F1,189
Bangladesh,F2,138
Bangladesh,G1,16
Bangladesh,G2,13
Bangladesh,G4,36
Bangladesh,H1B,24
Bangladesh,H4,24
Bangladesh,I,8
Bangladesh,J1,32
Bangladesh,J2,14
Bangladesh,K1,3
Bangladesh,L1,7
Bangladesh,L2,8
Bangladesh,M1,7
Bangladesh,R1,1
Bangladesh,R2,2
Bangladesh,T4,2
Barbados,A1,3
Barbados,A2,4
Barbados,B1,1
Barbados,B1/B2,"1,028"
Barbados,C1,1
Barbados,C1/D,4
Barbados,F1,2
Barbados,F2,1
Barbados,G2,1
Barbados,G4,5
Barbados,H1B,1
Barbados,H2B,5
Barbados,J1,4
Barbados,K1,1
Barbados,K2,1
Barbados,M1,1
Barbados,O1,2
Barbados,O2,1
Belarus,B1/B2,631
Belarus,C1,1
Belarus,C1/D,28
Belarus,E2,4
Belarus,F1,8
Belarus,G1,3
Belarus,G4,8
Belarus,H1B,4
Belarus,H4,3
Belarus,J1,59
Belarus,J2,3
Belarus,K1,11
Belarus,K2,4
Belarus,L1,12
Belarus,L2,14
Belarus,O1,4
Belarus,O3,3
Belarus,P1,1
Belarus,P4,3
Belarus,R1,2
Belarus,R2,1
Belgium,A1,2
Belgium,A2,24
Belgium,B1/B2,259
Belgium,C1/D,77
Belgium,E2,22
Belgium,E3D,1
Belgium,F1,17
Belgium,G2,8
Belgium,G4,14
Belgium,H1B,11
Belgium,H2A,1
Belgium,H4,1
Belgium,I,18
Belgium,J1,41
Belgium,J2,1
Belgium,K1,4
Belgium,L1,25
Belgium,L2,23
Belgium,M1,3
Belgium,NATO2,85
Belgium,NATO4,1
Belgium,NATO6,2
Belgium,O1,8
Belgium,O2,7
Belgium,O3,1
Belgium,P1,19
Belgium,P3,1
Belize,A2,14
Belize,B1/B2,680
Belize,C1,9
Belize,C1/D,2
Belize,C3,10
Belize,F1,3
Belize,G1,1
Belize,H1B,1
Belize,H2A,4
Belize,H2B,12
Belize,J1,16
Belize,J2,3
Belize,K1,1
Belize,L1,1
Belize,M1,1
Benin,A1,5
Benin,A2,7
Benin,B1/B2,195
Benin,F1,17
Benin,F2,1
Benin,G2,4
Benin,G4,4
Benin,J1,1
Benin,J2,1
Benin,K1,6
Benin,K2,6
Benin,P1,1
Benin,R1,1
Bermuda,B1/B2,11
Bermuda,J1,1
Bermuda,J2,1
Bhutan,A1,1
Bhutan,A2,8
Bhutan,B1/B2,57
Bhutan,F1,2
Bhutan,F2,2
Bhutan,G2,10
Bhutan,H4,1
Bhutan,J1,1
Bhutan,K1,1
Bhutan,K2,1
Bhutan,P3,1
Bhutan,R1,1
Bolivia,A1,2
Bolivia,B1,2
Bolivia,B1/B2,"2,316"
Bolivia,C1,1
Bolivia,C1/D,35
Bolivia,C3,2
Bolivia,E2,2
Bolivia,F1,17
Bolivia,F2,2
Bolivia,G2,6
Bolivia,G4,12
Bolivia,G5,1
Bolivia,H1B,3
Bolivia,H2A,1
Bolivia,H2B,2
Bolivia,H4,3
Bolivia,I,1
Bolivia,J1,49
Bolivia,K1,3
Bolivia,K2,1
Bolivia,L1,1
Bolivia,L2,3
Bolivia,R1,1
Bosnia-Herzegovina,A2,15
Bosnia-Herzegovina,B1,34
Bosnia-Herzegovina,B1/B2,374
Bosnia-Herzegovina,C1/D,10
Bosnia-Herzegovina,E2,5
Bosnia-Herzegovina,G4,9
Bosnia-Herzegovina,H2B,5
Bosnia-Herzegovina,J1,281
Bosnia-Herzegovina,J2,1
Bosnia-Herzegovina,K1,5
Bosnia-Herzegovina,L1,1
Bosnia-Herzegovina,O2,1
Bosnia-Herzegovina,O3,3
Bosnia-Herzegovina,P3,6
Botswana,A2,5
Botswana,B1/B2,130
Botswana,C1/D,2
Botswana,F1,3
Botswana,G1,1
Botswana,G2,8
Botswana,G4,3
Botswana,H1B,2
Botswana,H2A,1
Botswana,I,3
Botswana,J1,11
Brazil,A1,5
Brazil,A2,314
Brazil,B1,269
Brazil,B1/B2,"106,014"
Brazil,B2,5
Brazil,C1,49
Brazil,C1/D,490
Brazil,C3,15
Brazil,E2,21
Brazil,E3D,2
Brazil,F1,291
Brazil,F2,106
Brazil,G1,2
Brazil,G2,74
Brazil,G4,69
Brazil,H1B,93
Brazil,H2A,107
Brazil,H2B,28
Brazil,H3,2
Brazil,H4,63
Brazil,I,31
Brazil,J1,864
Brazil,J2,83
Brazil,K1,119
Brazil,K2,19
Brazil,L1,416
Brazil,L2,521
Brazil,M1,5
Brazil,O1,147
Brazil,O2,68
Brazil,O3,51
Brazil,P1,74
Brazil,P3,7
Brazil,P4,11
Brazil,R1,8
Brazil,R2,1
Brazil,TD,2
Brazil,U1,1
Brazil,U2,1
Brazil,U3,1
British National Overseas (Hong Kong) Passport,B1/B2,260
British National Overseas (Hong Kong) Passport,C1/D,2
British National Overseas (Hong Kong) Passport,F1,1
British National Overseas (Hong Kong) Passport,J1,1
British National Overseas (Hong Kong) Passport,L1,3
British National Overseas (Hong Kong) Passport,O1,2
British National Overseas (Hong Kong) Passport,O2,2
British Virgin Islands,B1/B2,3
Brunei,A1,3
Brunei,A2,7
Brunei,A3,1
Brunei,B1/B2,5
Brunei,J1,6
Bulgaria,A2,3
Bulgaria,B1,15
Bulgaria,B1/B2,"1,282"
Bulgaria,B2,6
Bulgaria,C1/D,58
Bulgaria,E2,2
Bulgaria,F1,6
Bulgaria,F2,3
Bulgaria,G2,2
Bulgaria,G4,3
Bulgaria,H1B,1
Bulgaria,H2A,1
Bulgaria,H2B,43
Bulgaria,I,1
Bulgaria,J1,982
Bulgaria,K1,4
Bulgaria,K2,2
Bulgaria,L1,5
Bulgaria,L2,6
Bulgaria,NATO2,4
Bulgaria,P1,8
Burkina Faso,A2,1
Burkina Faso,B1/B2,159
Burkina Faso,F1,9
Burkina Faso,G1,2
Burkina Faso,G2,12
Burkina Faso,G4,9
Burkina Faso,J1,2
Burkina Faso,K1,1
Burma,A1,6
Burma,B1,10
Burma,B1/B2,564
Burma,C1,105
Burma,D,226
Burma,E2,1
Burma,F1,398
Burma,F2,4
Burma,G4,3
Burma,H1B,5
Burma,J1,38
Burma,K1,13
Burma,L1,1
Burma,L2,1
Burma,M1,1
Burma,O1,1
Burundi,A1,6
Burundi,A2,1
Burundi,B1/B2,79
Burundi,C1,1
Burundi,C1/D,1
Burundi,G2,12
Burundi,G4,5
Burundi,J1,1
Burundi,K1,5
Cabo Verde,A2,8
Cabo Verde,B1/B2,209
Cabo Verde,C1/D,3
Cabo Verde,F1,1
Cabo Verde,G1,1
Cabo Verde,G2,3
Cabo Verde,J1,3
Cabo Verde,K1,7
Cabo Verde,K2,1
Cabo Verde,M1,2
Cabo Verde,O2,1
Cabo Verde,R2,4
Cambodia,A1,9
Cambodia,A2,7
Cambodia,B1,6
Cambodia,B1/B2,896
Cambodia,D,1
Cambodia,F1,20
Cambodia,F2,1
Cambodia,G1,2
Cambodia,G2,3
Cambodia,G4,5
Cambodia,H1B,1
Cambodia,H4,2
Cambodia,J1,17
Cambodia,K1,47
Cambodia,K2,8
Cambodia,L1,1
Cambodia,L2,3
Cambodia,M1,4
Cambodia,R1,3
Cameroon,A1,2
Cameroon,A2,16
Cameroon,B1/B2,860
Cameroon,C1/D,5
Cameroon,E2,1
Cameroon,F1,17
Cameroon,F2,1
Cameroon,G1,10
Cameroon,G2,33
Cameroon,G3,1
Cameroon,G4,31
Cameroon,H1B,3
Cameroon,H4,8
Cameroon,J1,23
Cameroon,J2,7
Cameroon,K1,38
Cameroon,K2,5
Cameroon,L1,2
Cameroon,L2,1
Cameroon,O1,2
Cameroon,P1,2
Canada,A1,12
Canada,A2,2
Canada,B1/B2,20
Canada,C1/D,2
Canada,E1,78
Canada,E2,479
Canada,E3D,1
Canada,F1,9
Canada,G4,30
Canada,H1B,10
Canada,H2A,2
Canada,H4,22
Canada,I,7
Canada,J1,9
Canada,J2,4
Canada,K1,61
Canada,K2,2
Canada,L1,9
Canada,L2,19
Canada,M1,2
Canada,NATO2,15
Canada,O1,2
Canada,O2,1
Canada,O3,1
Canada,P3,1
Canada,R1,3
Canada,R2,1
Canada,TN,4
Cayman Islands,B1/B2,128
Cayman Islands,C1/D,2
Cayman Islands,F1,1
Cayman Islands,M1,1
Central African Republic,A2,2
Central African Republic,B1/B2,6
Central African Republic,G2,16
Central African Republic,J1,2
Central African Republic,K1,1
Chad,A2,5
Chad,B1/B2,59
Chad,F1,5
Chad,G1,1
Chad,G2,29
Chad,G4,2
Chad,J1,3
Chad,K1,1
Chad,L1,2
Chile,A2,36
Chile,B1,13
Chile,B1/B2,698
Chile,B2,2
Chile,C1,2
Chile,C1/D,74
Chile,C3,4
Chile,E1,1
Chile,E2,11
Chile,F1,90
Chile,F2,23
Chile,G2,2
Chile,G3,1
Chile,G4,7
Chile,H1B,36
Chile,H1B1,205
Chile,H2A,7
Chile,H2B,6
Chile,H4,213
Chile,I,4
Chile,J1,93
Chile,J2,8
Chile,K1,4
Chile,L1,35
Chile,L2,45
Chile,M1,2
Chile,O1,8
Chile,O2,4
Chile,O3,6
Chile,P1,10
Chile,P3,1
Chile,R1,7
Chile,R2,1
Chile,TD,3
China - mainland,A1,45
China - mainland,A2,48
China - mainland,B1,339
China - mainland,B1/B2,"58,624"
China - mainland,B2,34
China - mainland,C1,24
China - mainland,C1/D,"1,103"
China - mainland,C3,4
China - mainland,CW1,31
China - mainland,CW2,3
China - mainland,E1,1
China - mainland,E2,9
China - mainland,E3D,2
China - mainland,F1,"1,805"
China - mainland,F2,103
China - mainland,G1,8
China - mainland,G2,74
China - mainland,G4,91
China - mainland,H1B,"2,231"
China - mainland,H3,1
China - mainland,H4,306
China - mainland,I,9
China - mainland,J1,"1,025"
China - mainland,J2,170
China - mainland,K1,49
China - mainland,K2,7
China - mainland,L1,441
China - mainland,L2,358
China - mainland,M1,4
China - mainland,O1,121
China - mainland,O2,5
China - mainland,O3,28
China - mainland,P1,17
China - mainland,P3,105
China - mainland,Q1,6
China - mainland,R1,1
China - mainland,TD,3
Colombia,A1,6
Colombia,A2,249
Colombia,A3,2
Colombia,B1,20
Colombia,B1/B2,"35,432"
Colombia,B2,4
Colombia,BBBCC,1
Colombia,BBBCV,2
Colombia,C1,17
Colombia,C1/D,200
Colombia,C2,10
Colombia,E1,18
Colombia,E2,51
Colombia,F1,139
Colombia,F2,18
Colombia,G1,5
Colombia,G2,4
Colombia,G4,48
Colombia,G5,1
Colombia,H1B,39
Colombia,H2A,8
Colombia,H2B,43
Colombia,H4,32
Colombia,I,25
Colombia,J1,"1,339"
Colombia,J2,31
Colombia,K1,141
Colombia,K2,42
Colombia,L1,47
Colombia,L2,34
Colombia,M1,4
Colombia,O1,26
Colombia,O2,46
Colombia,O3,11
Colombia,P1,39
Colombia,P3,14
Colombia,P4,10
Colombia,Q1,1
Colombia,R1,5
Colombia,R2,2
Colombia,TD,5
Colombia,U3,2
Comoros,A1,2
Comoros,A2,2
Comoros,A3,1
Comoros,B1/B2,2
Comoros,G1,1
Comoros,G2,7
Comoros,G4,2
Comoros,J1,1
"Congo, Democratic Republic of the",A2,27
"Congo, Democratic Republic of the",B1,1
"Congo, Democratic Republic of the",B1/B2,939
"Congo, Democratic Republic of the",C1,1
"Congo, Democratic Republic of the",F1,65
"Congo, Democratic Republic of the",G2,23
"Congo, Democratic Republic of the",G4,5
"Congo, Democratic Republic of the",H1B,1
"Congo, Democratic Republic of the",J1,9
"Congo, Democratic Republic of the",K1,3
"Congo, Democratic Republic of the",K2,1
"Congo, Democratic Republic of the",L2,1
"Congo, Democratic Republic of the",O1,1
"Congo, Democratic Republic of the",O2,2
"Congo, Democratic Republic of the",R1,1
"Congo, Republic of the",A1,1
"Congo, Republic of the",A2,27
"Congo, Republic of the",B1/B2,131
"Congo, Republic of the",C1/D,1
"Congo, Republic of the",C3,1
"Congo, Republic of the",F1,1
"Congo, Republic of the",G1,3
"Congo, Republic of the",G4,3
"Congo, Republic of the",H1B,1
"Congo, Republic of the",J1,2
Costa Rica,A1,1
Costa Rica,A2,8
Costa Rica,B1,4
Costa Rica,B1/B2,"7,054"
Costa Rica,C1,3
Costa Rica,C1/D,20
Costa Rica,C3,1
Costa Rica,E1,2
Costa Rica,E2,4
Costa Rica,E3D,1
Costa Rica,F1,22
Costa Rica,F2,1
Costa Rica,G1,2
Costa Rica,G4,3
Costa Rica,H1B,7
Costa Rica,H2A,46
Costa Rica,H2B,62
Costa Rica,I,2
Costa Rica,J1,21
Costa Rica,J2,3
Costa Rica,K1,11
Costa Rica,K2,8
Costa Rica,L1,20
Costa Rica,L2,10
Costa Rica,O1,1
Costa Rica,R1,1
Costa Rica,R2,1
Costa Rica,TD,1
Cote d'Ivoire,A2,20
Cote d'Ivoire,A3,1
Cote d'Ivoire,B1/B2,728
Cote d'Ivoire,C1,2
Cote d'Ivoire,C1/D,3
Cote d'Ivoire,C2,3
Cote d'Ivoire,F1,26
Cote d'Ivoire,G2,23
Cote d'Ivoire,G4,17
Cote d'Ivoire,H1B,1
Cote d'Ivoire,H4,1
Cote d'Ivoire,I,1
Cote d'Ivoire,J1,3
Cote d'Ivoire,K1,5
Cote d'Ivoire,K2,1
Cote d'Ivoire,L1,1
Cote d'Ivoire,O1,1
Cote d'Ivoire,P3,6
Cote d'Ivoire,R1,1
Croatia,A1,1
Croatia,A2,3
Croatia,B1,34
Croatia,B1/B2,76
Croatia,B2,1
Croatia,C1/D,35
Croatia,F1,2
Croatia,F2,1
Croatia,G2,2
Croatia,G4,2
Croatia,H1B,1
Croatia,H2B,5
Croatia,J1,577
Croatia,K1,3
Croatia,L1,7
Croatia,L2,1
Croatia,NATO2,6
Croatia,O1,2
Croatia,P1,8
Croatia,P3,1
Cuba,A1,8
Cuba,A2,5
Cuba,B1,113
Cuba,B1/B2,110
Cuba,B2,790
Cuba,C1/D,1
Cuba,F1,2
Cuba,F2,1
Cuba,G1,14
Cuba,G2,6
Cuba,G4,1
Cuba,H1B,1
Cuba,H4,1
Cuba,I,1
Cuba,J1,2
Cuba,J2,2
Cuba,K1,41
Cuba,K2,15
Cuba,O1,3
Cuba,O2,10
Cuba,P1,9
Cuba,P3,9
Cuba,P4,1
Cuba,R2,1
Cyprus,A2,16
Cyprus,B1/B2,434
Cyprus,C1/D,13
Cyprus,F1,2
Cyprus,G1,3
Cyprus,G2,3
Cyprus,G4,2
Cyprus,H1B,1
Cyprus,J1,5
Cyprus,J2,3
Cyprus,O1,3
Cyprus,O3,1
Cyprus,R1,1
Czech Republic,A2,20
Czech Republic,B1/B2,102
Czech Republic,C1/D,24
Czech Republic,E2,12
Czech Republic,F1,5
Czech Republic,G2,4
Czech Republic,G3,1
Czech Republic,G4,2
Czech Republic,H1B,4
Czech Republic,H2B,1
Czech Republic,H4,7
Czech Republic,I,7
Czech Republic,J1,101
Czech Republic,J2,2
Czech Republic,L1,13
Czech Republic,L2,4
Czech Republic,M1,1
Czech Republic,NATO2,19
Czech Republic,O1,4
Czech Republic,P1,2
Denmark,A1,3
Denmark,A2,43
Denmark,B1/B2,201
Denmark,C1/D,72
Denmark,E2,17
Denmark,F1,10
Denmark,G1,1
Denmark,G2,15
Denmark,G3,1
Denmark,G4,5
Denmark,H1B,1
Denmark,H2A,4
Denmark,H3,1
Denmark,H4,1
Denmark,I,8
Denmark,J1,63
Denmark,J2,10
Denmark,K1,3
Denmark,L1,26
Denmark,L2,25
Denmark,NATO2,20
Denmark,NATO6,1
Denmark,O1,7
Denmark,O2,3
Denmark,P1,4
Djibouti,A2,4
Djibouti,B1,2
Djibouti,B1/B2,11
Djibouti,F1,1
Djibouti,G4,1
Djibouti,J1,1
Djibouti,K1,1
Dominica,B1/B2,256
Dominica,C1/D,5
Dominica,C3,1
Dominica,F1,2
Dominica,G4,1
Dominica,J1,2
Dominica,K1,1
Dominican Republic,A2,37
Dominican Republic,B1,31
Dominican Republic,B1/B2,"10,939"
Dominican Republic,B2,1
Dominican Republic,C1,4
Dominican Republic,C1/D,52
Dominican Republic,F1,30
Dominican Republic,F2,3
Dominican Republic,G2,1
Dominican Republic,G4,2
Dominican Republic,H1B,8
Dominican Republic,H2A,6
Dominican Republic,H2B,48
Dominican Republic,H4,2
Dominican Republic,I,23
Dominican Republic,J1,"2,141"
Dominican Republic,J2,9
Dominican Republic,K1,231
Dominican Republic,K2,44
Dominican Republic,L1,14
Dominican Republic,L2,17
Dominican Republic,M1,2
Dominican Republic,O1,7
Dominican Republic,O2,6
Dominican Republic,O3,6
Dominican Republic,P1,91
Dominican Republic,P4,9
Dominican Republic,R1,2
Dominican Republic,U3,3
Ecuador,A1,7
Ecuador,A2,21
Ecuador,B1,30
Ecuador,B1/B2,"22,047"
Ecuador,B2,2
Ecuador,BBBCC,1
Ecuador,C1,2
Ecuador,C1/D,41
Ecuador,C2,1
Ecuador,F1,85
Ecuador,F2,4
Ecuador,G2,4
Ecuador,G4,12
Ecuador,H1B,11
Ecuador,H2A,16
Ecuador,H2B,8
Ecuador,H4,5
Ecuador,I,7
Ecuador,J1,488
Ecuador,J2,3
Ecuador,K1,46
Ecuador,K2,11
Ecuador,L1,14
Ecuador,L2,24
Ecuador,M1,5
Ecuador,NATO2,1
Ecuador,O1,2
Ecuador,P1,1
Ecuador,P3,1
Ecuador,R1,3
Ecuador,R2,4
Ecuador,U2,1
Ecuador,U3,8
Egypt,A1,8
Egypt,A2,86
Egypt,A3,1
Egypt,B1,4
Egypt,B1/B2,"7,021"
Egypt,C1,4
Egypt,C1/D,135
Egypt,E2,6
Egypt,F1,64
Egypt,F2,44
Egypt,G1,2
Egypt,G2,2
Egypt,G4,18
Egypt,H1B,24
Egypt,H2A,22
Egypt,H4,29
Egypt,I,4
Egypt,J1,76
Egypt,J2,21
Egypt,K1,32
Egypt,L1,28
Egypt,L2,38
Egypt,O1,7
Egypt,O2,12
Egypt,O3,3
Egypt,P3,5
Egypt,R1,3
Egypt,R2,8
El Salvador,A1,4
El Salvador,A2,27
El Salvador,B1,17
El Salvador,B1/B2,"3,848"
El Salvador,C1,18
El Salvador,C1/D,58
El Salvador,C3,4
El Salvador,F1,12
El Salvador,F2,2
El Salvador,G1,1
El Salvador,G4,13
El Salvador,H1B,6
El Salvador,H2A,50
El Salvador,H2B,"1,583"
El Salvador,H4,2
El Salvador,I,4
El Salvador,J1,16
El Salvador,K1,23
El Salvador,K2,5
El Salvador,L1,5
El Salvador,L2,6
El Salvador,O1,1
El Salvador,P3,3
El Salvador,Q1,1
El Salvador,R1,3
El Salvador,R2,3
El Salvador,T4,3
El Salvador,T5,3
El Salvador,TD,2
El Salvador,U3,13
Equatorial Guinea,A1,5
Equatorial Guinea,A2,35
Equatorial Guinea,B1/B2,63
Equatorial Guinea,F1,5
Equatorial Guinea,G2,4
Equatorial Guinea,J1,3
Equatorial Guinea,K1,1
Eritrea,B1,4
Eritrea,B1/B2,62
Eritrea,F1,2
Eritrea,G4,1
Eritrea,K1,12
Eritrea,P1,1
Estonia,A2,15
Estonia,B1,1
Estonia,B1/B2,48
Estonia,C1/D,13
Estonia,E2,3
Estonia,E3D,1
Estonia,F1,1
Estonia,G2,4
Estonia,G4,1
Estonia,H1B,2
Estonia,I,1
Estonia,J1,85
Estonia,NATO2,17
Estonia,NATO6,2
Estonia,O1,3
Estonia,P1,2
Eswatini,A1,2
Eswatini,A2,3
Eswatini,B1/B2,47
Eswatini,F1,1
Eswatini,F2,1
Eswatini,G2,7
Eswatini,G4,3
Eswatini,J1,8
Eswatini,K1,1
Ethiopia,A1,10
Ethiopia,A2,2
Ethiopia,B1,4
Ethiopia,B1/B2,"1,462"
Ethiopia,C1/D,97
Ethiopia,D,1
Ethiopia,E2,3
Ethiopia,F1,51
Ethiopia,F2,4
Ethiopia,G1,5
Ethiopia,G2,6
Ethiopia,G4,63
Ethiopia,H1B,5
Ethiopia,H4,3
Ethiopia,J1,21
Ethiopia,J2,2
Ethiopia,K1,68
Ethiopia,K2,5
Ethiopia,L1,2
Ethiopia,L2,4
Ethiopia,P1,3
Ethiopia,R1,1
Fiji,A1,3
Fiji,A2,17
Fiji,B1/B2,217
Fiji,C1,2
Fiji,C1/D,26
Fiji,C3,8
Fiji,F1,1
Fiji,G1,1
Fiji,G2,4
Fiji,G4,6
Fiji,J1,7
Fiji,R1,1
Finland,A1,2
Finland,A2,22
Finland,B1,5
Finland,B1/B2,94
Finland,B2,1
Finland,C1/D,84
Finland,E2,3
Finland,F1,9
Finland,G1,1
Finland,G2,7
Finland,G3,1
Finland,G4,5
Finland,H1B,3
Finland,H4,1
Finland,I,5
Finland,J1,20
Finland,J2,4
Finland,K1,1
Finland,L1,14
Finland,L2,12
Finland,NATO2,114
Finland,O1,4
Finland,O2,8
Finland,P1,19
France,A1,15
France,A2,90
France,B1,14
France,B1/B2,"1,378"
France,C1,2
France,C1/D,569
France,C3,2
France,E1,38
France,E2,335
France,E3D,1
France,F1,171
France,F2,2
France,G1,4
France,G2,19
France,G3,8
France,G4,78
France,H1B,42
France,H2A,3
France,H2B,1
France,H3,2
France,H4,19
France,I,62
France,J1,741
France,J2,27
France,K1,10
France,L1,234
France,L2,218
France,M1,20
France,M2,1
France,NATO2,62
France,NATO6,2
France,O1,75
France,O2,67
France,O3,5
France,P1,66
France,P3,17
France,P4,2
France,Q1,35
France,R1,5
France,TD,2
Gabon,A1,1
Gabon,A2,29
Gabon,B1/B2,92
Gabon,C2,3
Gabon,G2,2
Gabon,G4,3
Gabon,J1,2
"Gambia, The",A2,2
"Gambia, The",B1/B2,93
"Gambia, The",C1,16
"Gambia, The",C1/D,5
"Gambia, The",C2,1
"Gambia, The",F1,3
"Gambia, The",G2,11
"Gambia, The",G4,1
"Gambia, The",J1,11
"Gambia, The",K2,1
"Gambia, The",P3,1
Georgia,A2,56
Georgia,A3,2
Georgia,B1,1
Georgia,B1/B2,481
Georgia,C1/D,89
Georgia,F1,13
Georgia,G2,10
Georgia,G4,8
Georgia,H4,1
Georgia,I,2
Georgia,J1,42
Georgia,J2,4
Georgia,K1,1
Georgia,O1,4
Germany,A1,7
Germany,A2,169
Germany,B1,6
Germany,B1/B2,"2,321"
Germany,C1,1
Germany,C1/D,618
Germany,C3,5
Germany,E1,20
Germany,E2,296
Germany,F1,164
Germany,F2,3
Germany,G1,5
Germany,G2,15
Germany,G3,3
Germany,G4,40
Germany,H1B,40
Germany,H2A,2
Germany,H4,7
Germany,I,62
Germany,J1,647
Germany,J2,32
Germany,K1,21
Germany,K2,1
Germany,L1,218
Germany,L2,141
Germany,M1,21
Germany,NATO2,77
Germany,NATO4,3
Germany,NATO6,94
Germany,O1,49
Germany,O2,24
Germany,O3,5
Germany,P1,200
Germany,P3,6
Germany,P4,2
Germany,Q1,4
Germany,R1,3
Germany,R2,2
Germany,TD,1
Ghana,A1,4
Ghana,A2,137
Ghana,B1,6
Ghana,B1/B2,"1,909"
Ghana,B2,2
Ghana,C1,1
Ghana,C1/D,80
Ghana,C2,2
Ghana,F1,101
Ghana,F2,32
Ghana,G1,1
Ghana,G2,10
Ghana,G4,13
Ghana,H1B,52
Ghana,H4,56
Ghana,I,6
Ghana,J1,125
Ghana,J2,135
Ghana,K1,132
Ghana,K2,6
Ghana,L1,3
Ghana,L2,3
Ghana,O1,1
Ghana,O2,1
Ghana,P1,2
Ghana,R1,14
Ghana,R2,5
Gibraltar,B1/B2,1
Gibraltar,J1,2
Great Britain and Northern Ireland,A1,14
Great Britain and Northern Ireland,A2,509
Great Britain and Northern Ireland,B1,143
Great Britain and Northern Ireland,B1/B2,"2,154"
Great Britain and Northern Ireland,B2,4
Great Britain and Northern Ireland,C1/D,723
Great Britain and Northern Ireland,C3,17
Great Britain and Northern Ireland,E1,16
Great Britain and Northern Ireland,E2,238
Great Britain and Northern Ireland,E3D,6
Great Britain and Northern Ireland,F1,103
Great Britain and Northern Ireland,F2,7
Great Britain and Northern Ireland,G1,5
Great Britain and Northern Ireland,G2,23
Great Britain and Northern Ireland,G4,50
Great Britain and Northern Ireland,H1B,72
Great Britain and Northern Ireland,H2A,37
Great Britain and Northern Ireland,H2B,7
Great Britain and Northern Ireland,H3,1
Great Britain and Northern Ireland,H4,41
Great Britain and Northern Ireland,I,171
Great Britain and Northern Ireland,J1,"4,028"
Great Britain and Northern Ireland,J2,14
Great Britain and Northern Ireland,K1,93
Great Britain and Northern Ireland,L1,343
Great Britain and Northern Ireland,L2,199
Great Britain and Northern Ireland,M1,52
Great Britain and Northern Ireland,NATO2,80
Great Britain and Northern Ireland,NATO6,3
Great Britain and Northern Ireland,O1,208
Great Britain and Northern Ireland,O2,309
Great Britain and Northern Ireland,O3,33
Great Britain and Northern Ireland,P1,183
Great Britain and Northern Ireland,P2,8
Great Britain and Northern Ireland,P3,3
Great Britain and Northern Ireland,P4,14
Great Britain and Northern Ireland,Q1,12
Great Britain and Northern Ireland,R1,13
Great Britain and Northern Ireland,R2,8
Great Britain and Northern Ireland,TD,2
Greece,A1,1
Greece,A2,36
Greece,B1,5
Greece,B1/B2,154
Greece,C1,1
Greece,C1/D,186
Greece,E1,1
Greece,F1,11
Greece,F2,1
Greece,G2,6
Greece,G4,3
Greece,H1B,14
Greece,H2B,1
Greece,H4,4
Greece,I,1
Greece,J1,35
Greece,J2,3
Greece,K1,5
Greece,L1,13
Greece,L2,4
Greece,NATO2,25
Greece,NATO4,3
Greece,O1,6
Greece,O2,5
Greece,P1,7
Greece,P3,19
Greece,R1,1
Grenada,A1,1
Grenada,A2,3
Grenada,B1/B2,298
Grenada,C1/D,7
Grenada,F1,2
Grenada,O1,1
Guatemala,A1,4
Guatemala,A2,25
Guatemala,B1,6
Guatemala,B1/B2,"6,246"
Guatemala,B2,2
Guatemala,C1,3
Guatemala,C1/D,9
Guatemala,C3,24
Guatemala,E2,1
Guatemala,F1,41
Guatemala,G2,6
Guatemala,G4,2
Guatemala,H1B,2
Guatemala,H2A,514
Guatemala,H2B,"1,498"
Guatemala,H4,4
Guatemala,I,4
Guatemala,J1,26
Guatemala,J2,2
Guatemala,K1,20
Guatemala,K2,3
Guatemala,M1,2
Guatemala,O1,1
Guatemala,P1,20
Guatemala,Q1,1
Guatemala,R1,1
Guatemala,T3,1
Guatemala,T5,1
Guatemala,U2,1
Guatemala,U3,16
Guatemala,U4,2
Guatemala,U5,1
Guinea,A2,2
Guinea,B1/B2,142
Guinea,C1/D,1
Guinea,F1,4
Guinea,G2,32
Guinea,G4,3
Guinea,I,1
Guinea,J1,4
Guinea,J2,1
Guinea,K1,3
Guinea-Bissau,A1,4
Guinea-Bissau,A2,1
Guinea-Bissau,B1/B2,3
Guinea-Bissau,G2,20
Guinea-Bissau,G4,1
Guinea-Bissau,J1,4
Guyana,A2,3
Guyana,B1/B2,"1,976"
Guyana,B2,1
Guyana,C1/D,8
Guyana,C3,5
Guyana,F1,6
Guyana,G1,1
Guyana,G2,1
Guyana,H1B,2
Guyana,H4,2
Guyana,J1,6
Guyana,J2,6
Guyana,K1,8
Guyana,L1,2
Guyana,M1,3
Guyana,R1,1
Haiti,A1,1
Haiti,A2,2
Haiti,B1/B2,499
Haiti,C1,3
Haiti,C1/D,2
Haiti,F1,4
Haiti,G4,9
Haiti,H1B,1
Haiti,J1,3
Haiti,K1,31
Haiti,K2,1
Haiti,L1,1
Haiti,L2,1
Haiti,O1,1
Haiti,P1,1
Haiti,P3,24
Honduras,A1,3
Honduras,A2,55
Honduras,B1,4
Honduras,B1/B2,"2,899"
Honduras,C1,3
Honduras,C1/D,93
Honduras,C3,3
Honduras,E2,7
Honduras,F1,28
Honduras,F2,4
Honduras,G4,3
Honduras,H1B,4
Honduras,H2A,146
Honduras,H2B,891
Honduras,H4,6
Honduras,I,12
Honduras,J1,32
Honduras,J2,1
Honduras,K1,53
Honduras,K2,21
Honduras,L1,6
Honduras,L2,7
Honduras,M1,1
Honduras,P1,5
Honduras,T3,2
Honduras,T4,3
Honduras,T5,2
Honduras,U3,9
Hong Kong S.A.R.,B1,6
Hong Kong S.A.R.,B1/B2,"4,485"
Hong Kong S.A.R.,B2,1
Hong Kong S.A.R.,C1,3
Hong Kong S.A.R.,C1/D,96
Hong Kong S.A.R.,E2,4
Hong Kong S.A.R.,F1,99
Hong Kong S.A.R.,F2,3
Hong Kong S.A.R.,G2,1
Hong Kong S.A.R.,G4,2
Hong Kong S.A.R.,H1B,19
Hong Kong S.A.R.,H4,4
Hong Kong S.A.R.,I,1
Hong Kong S.A.R.,J1,29
Hong Kong S.A.R.,J2,4
Hong Kong S.A.R.,K1,1
Hong Kong S.A.R.,L1,13
Hong Kong S.A.R.,L2,10
Hong Kong S.A.R.,M1,40
Hong Kong S.A.R.,O1,5
Hong Kong S.A.R.,O2,33
Hong Kong S.A.R.,P1,65
Hong Kong S.A.R.,Q1,4
Hungary,A1,1
Hungary,A2,10
Hungary,B1,5
Hungary,B1/B2,382
Hungary,C1/D,28
Hungary,E3D,2
Hungary,F1,18
Hungary,G2,10
Hungary,G4,8
Hungary,H1B,4
Hungary,H2B,4
Hungary,H4,3
Hungary,I,1
Hungary,J1,374
Hungary,J2,2
Hungary,K1,3
Hungary,L1,14
Hungary,L2,8
Hungary,NATO2,31
Hungary,NATO4,1
Hungary,O1,3
Hungary,O2,1
Hungary,P1,7
Hungary,P3,1
Iceland,A2,1
Iceland,B1/B2,69
Iceland,C1/D,50
Iceland,F1,2
Iceland,G2,1
Iceland,G4,2
Iceland,H1B,1
Iceland,J1,4
Iceland,K1,2
Iceland,O1,2
Iceland,O3,1
Iceland,P1,1
India,A1,5
India,A2,80
India,A3,17
India,B1,40
India,B1/B2,"90,642"
India,B2,12
India,C1,96
India,C1/D,"5,692"
India,C2,5
India,C3,1
India,E2,11
India,E3D,6
India,F1,640
India,F2,144
India,G1,2
India,G2,15
India,G4,115
India,H1B,"17,702"
India,H3,9
India,H4,"11,340"
India,I,9
India,J1,890
India,J2,269
India,K1,101
India,K2,8
India,L1,"1,682"
India,L2,"2,095"
India,M1,75
India,M2,1
India,O1,118
India,O2,52
India,O3,32
India,P3,293
India,P4,3
India,R1,76
India,R2,61
India,TD,9
India,U1,1
India,U2,4
India,U3,7
Indonesia,A1,6
Indonesia,A2,202
Indonesia,B1,52
Indonesia,B1/B2,"5,036"
Indonesia,C1,11
Indonesia,C1/D,922
Indonesia,F1,41
Indonesia,F2,3
Indonesia,G1,10
Indonesia,G2,46
Indonesia,G4,34
Indonesia,G5,2
Indonesia,H1B,21
Indonesia,H4,4
Indonesia,I,4
Indonesia,J1,223
Indonesia,J2,14
Indonesia,K1,21
Indonesia,K2,2
Indonesia,L1,8
Indonesia,L2,3
Indonesia,M1,1
Indonesia,O1,3
Indonesia,O3,1
Indonesia,P1,4
Indonesia,P2,1
Indonesia,P3,9
Indonesia,P4,1
Indonesia,R1,3
Indonesia,T2,1
Indonesia,T3,2
Indonesia,TD,1
Iran,B1,2
Iran,B1/B2,"1,240"
Iran,C1/D,1
Iran,E3D,1
Iran,F1,76
Iran,F2,55
Iran,G1,6
Iran,G2,13
Iran,G4,5
Iran,H1B,5
Iran,I,1
Iran,J1,49
Iran,J2,30
Iran,K1,54
Iran,K2,4
Iran,L1,1
Iran,L2,1
Iran,O2,1
Iran,P1,1
Iran,TD,1
Iraq,A1,1
Iraq,A2,54
Iraq,B1/B2,304
Iraq,F1,13
Iraq,G1,1
Iraq,G2,10
Iraq,G4,1
Iraq,H1B,1
Iraq,H4,1
Iraq,J1,16
Iraq,K1,60
Iraq,P3,3
Ireland,A1,2
Ireland,A2,28
Ireland,B1,9
Ireland,B1/B2,222
Ireland,C1,1
Ireland,C1/D,95
Ireland,E1,1
Ireland,E2,10
Ireland,F1,6
Ireland,G1,1
Ireland,G2,4
Ireland,G3,1
Ireland,G4,6
Ireland,H1B,12
Ireland,H2A,33
Ireland,H2B,6
Ireland,H4,2
Ireland,I,11
Ireland,J1,745
Ireland,J2,4
Ireland,K1,3
Ireland,L1,67
Ireland,L2,42
Ireland,M1,1
Ireland,O1,17
Ireland,O2,21
Ireland,O3,3
Ireland,P1,20
Ireland,P3,4
Ireland,R1,1
Israel,A1,31
Israel,A2,280
Israel,B1/B2,"2,990"
Israel,B2,4
Israel,C1/D,63
Israel,C3,1
Israel,E1,44
Israel,E2,79
Israel,E3D,1
Israel,F1,33
Israel,F2,6
Israel,G1,1
Israel,G4,1
Israel,H1B,13
Israel,H4,1
Israel,J1,115
Israel,J2,74
Israel,K1,5
Israel,L1,106
Israel,L2,204
Israel,M1,10
Israel,O1,24
Israel,O2,15
Israel,O3,18
Israel,P1,11
Israel,R1,6
Israel,R2,9
Israel,TD,1
Italy,A1,3
Italy,A2,53
Italy,B1,6
Italy,B1/B2,"1,310"
Italy,C1/D,276
Italy,E1,35
Italy,E2,184
Italy,E3D,2
Italy,F1,136
Italy,F2,4
Italy,G1,1
Italy,G2,28
Italy,G3,1
Italy,G4,57
Italy,H1B,28
Italy,H2A,1
Italy,H2B,4
Italy,H4,3
Italy,I,14
Italy,J1,593
Italy,J2,11
Italy,K1,14
Italy,K2,2
Italy,L1,111
Italy,L2,48
Italy,M1,11
Italy,NATO2,72
Italy,NATO4,4
Italy,NATO6,1
Italy,O1,37
Italy,O2,25
Italy,O3,8
Italy,P1,28
Italy,P3,1
Italy,Q1,14
Italy,R1,3
Jamaica,A1,7
Jamaica,A2,17
Jamaica,B1,19
Jamaica,B1/B2,"7,580"
Jamaica,B2,9
Jamaica,C1,15
Jamaica,C1/D,82
Jamaica,C3,8
Jamaica,F1,18
Jamaica,F2,1
Jamaica,G2,7
Jamaica,G4,8
Jamaica,H1B,23
Jamaica,H2A,597
Jamaica,H2B,"2,506"
Jamaica,H4,19
Jamaica,J1,"2,463"
Jamaica,J2,52
Jamaica,K1,73
Jamaica,K2,22
Jamaica,L1,3
Jamaica,M1,2
Jamaica,O1,2
Jamaica,O2,26
Jamaica,P1,1
Jamaica,P3,2
Jamaica,R1,2
Jamaica,R2,3
Jamaica,T3,1
Japan,A1,19
Japan,A2,285
Japan,B1,13
Japan,B1/B2,446
Japan,C1/D,435
Japan,C3,39
Japan,CW1,3
Japan,CW2,1
Japan,E1,194
Japan,E2,"1,910"
Japan,E3D,2
Japan,F1,357
Japan,F2,41
Japan,G1,4
Japan,G2,11
Japan,G4,27
Japan,H1B,36
Japan,H2A,2
Japan,H3,2
Japan,H4,36
Japan,I,80
Japan,J1,382
Japan,J2,247
Japan,K1,32
Japan,K2,1
Japan,L1,447
Japan,L2,508
Japan,M1,29
Japan,O1,36
Japan,O2,32
Japan,O3,10
Japan,P1,59
Japan,P3,28
Japan,P4,3
Japan,Q1,8
Japan,R1,4
Japan,TD,2
Jordan,A1,2
Jordan,A2,99
Jordan,B1/B2,"2,617"
Jordan,B2,3
Jordan,C1/D,27
Jordan,E2,5
Jordan,E3D,1
Jordan,F1,44
Jordan,F2,16
Jordan,G2,2
Jordan,G4,6
Jordan,H1B,11
Jordan,H4,4
Jordan,J1,99
Jordan,J2,6
Jordan,K1,9
Jordan,L1,7
Jordan,L2,3
Kazakhstan,A2,44
Kazakhstan,B1,4
Kazakhstan,B1/B2,"1,899"
Kazakhstan,C1,5
Kazakhstan,D,9
Kazakhstan,E1,1
Kazakhstan,E2,6
Kazakhstan,F1,39
Kazakhstan,F2,11
Kazakhstan,G2,5
Kazakhstan,G4,7
Kazakhstan,H1B,7
Kazakhstan,H4,3
Kazakhstan,J1,50
Kazakhstan,J2,2
Kazakhstan,K1,3
Kazakhstan,K2,3
Kazakhstan,L1,3
Kazakhstan,L2,5
Kazakhstan,N8,1
Kazakhstan,O1,2
Kazakhstan,P1,1
Kenya,A2,60
Kenya,B1,23
Kenya,B1/B2,"1,136"
Kenya,B2,7
Kenya,C1,1
Kenya,C1/D,104
Kenya,F1,61
Kenya,F2,10
Kenya,G1,7
Kenya,G2,39
Kenya,G4,47
Kenya,H1B,14
Kenya,H4,19
Kenya,I,5
Kenya,J1,56
Kenya,J2,12
Kenya,K1,46
Kenya,K2,10
Kenya,L1,2
Kenya,M1,1
Kenya,R1,7
Kenya,R2,3
Kiribati,A2,1
Kiribati,B1/B2,3
Kiribati,G4,2
Kiribati,J1,1
Kiribati,R1,1
"Korea, North",G3,7
"Korea, South",A1,3
"Korea, South",A2,350
"Korea, South",B1,3
"Korea, South",B1/B2,"1,289"
"Korea, South",C1/D,393
"Korea, South",C3,1
"Korea, South",CW1,21
"Korea, South",E1,7
"Korea, South",E2,603
"Korea, South",E2C,2
"Korea, South",E3D,1
"Korea, South",F1,378
"Korea, South",F2,43
"Korea, South",G2,2
"Korea, South",G4,22
"Korea, South",H1B,122
"Korea, South",H2B,1
"Korea, South",H3,1
"Korea, South",H4,40
"Korea, South",I,10
"Korea, South",J1,369
"Korea, South",J2,163
"Korea, South",K1,16
"Korea, South",K2,1
"Korea, South",L1,188
"Korea, South",L2,212
"Korea, South",M1,8
"Korea, South",O1,36
"Korea, South",O2,30
"Korea, South",O3,9
"Korea, South",P1,171
"Korea, South",P3,11
"Korea, South",R1,23
"Korea, South",R2,23
"Korea, South",TD,3
Kosovo,A1,1
Kosovo,A2,53
Kosovo,B1/B2,612
Kosovo,F1,5
Kosovo,G2,6
Kosovo,G4,4
Kosovo,I,2
Kosovo,J1,236
Kosovo,K1,5
Kosovo,L1,1
Kosovo,P3,6
Kuwait,A1,3
Kuwait,A2,27
Kuwait,B1/B2,983
Kuwait,C1/D,9
Kuwait,F1,29
Kuwait,F2,3
Kuwait,G2,10
Kuwait,G4,3
Kuwait,H1B,1
Kuwait,J1,6
Kuwait,J2,2
Kuwait,O1,1
Kuwait,P3,1
Kyrgyzstan,A2,19
Kyrgyzstan,B1/B2,810
Kyrgyzstan,C1,8
Kyrgyzstan,D,8
Kyrgyzstan,F1,43
Kyrgyzstan,F2,3
Kyrgyzstan,G2,5
Kyrgyzstan,G4,9
Kyrgyzstan,H1B,1
Kyrgyzstan,I,9
Kyrgyzstan,J1,13
Kyrgyzstan,J2,4
Kyrgyzstan,K1,1
Kyrgyzstan,L1,1
Kyrgyzstan,L2,4
Laos,A1,10
Laos,B1,1
Laos,B1/B2,141
Laos,C1,1
Laos,F1,2
Laos,G1,3
Laos,G2,5
Laos,G4,4
Laos,J1,21
Laos,K1,31
Latvia,A1,3
Latvia,A2,10
Latvia,B1/B2,97
Latvia,C1/D,56
Latvia,E2,4
Latvia,G2,9
Latvia,G3,1
Latvia,J1,57
Latvia,J2,3
Latvia,L1,2
Latvia,L2,2
Latvia,NATO2,18
Latvia,NATO4,1
Latvia,NATO5,1
Latvia,NATO6,5
Latvia,O1,2
Latvia,P1,2
Lebanon,A2,8
Lebanon,B1,3
Lebanon,B1/B2,"1,392"
Lebanon,C1/D,33
Lebanon,F1,17
Lebanon,G2,1
Lebanon,G4,5
Lebanon,H1B,3
Lebanon,H4,4
Lebanon,I,2
Lebanon,J1,44
Lebanon,K1,46
Lebanon,K2,1
Lebanon,L1,5
Lebanon,L2,1
Lebanon,M1,1
Lebanon,O1,1
Lebanon,O2,3
Lebanon,O3,1
Lebanon,P3,10
Lebanon,R1,2
Lesotho,B1/B2,18
Lesotho,G1,1
Lesotho,G2,2
Lesotho,G4,4
Lesotho,J1,5
Liberia,A2,7
Liberia,B1/B2,80
Liberia,F1,5
Liberia,G2,26
Liberia,G4,2
Liberia,J1,7
Liberia,K1,15
Liberia,K2,5
Liberia,P3,31
Libya,A2,7
Libya,B1/B2,124
Libya,F1,5
Libya,F2,1
Libya,G1,3
Libya,G2,16
Libya,G4,2
Libya,H1B,1
Libya,J1,4
Libya,R2,2
Liechtenstein,B1/B2,2
Liechtenstein,F1,2
Liechtenstein,J1,2
Lithuania,A2,27
Lithuania,B1,13
Lithuania,B1/B2,40
Lithuania,C1/D,18
Lithuania,E2,3
Lithuania,E3D,1
Lithuania,F1,5
Lithuania,G2,2
Lithuania,G3,1
Lithuania,G4,5
Lithuania,H2B,6
Lithuania,I,1
Lithuania,J1,279
Lithuania,K1,5
Lithuania,K2,1
Lithuania,L1,10
Lithuania,L2,7
Lithuania,NATO1,1
Lithuania,NATO2,21
Lithuania,O1,5
Lithuania,O2,1
Lithuania,P1,1
Lithuania,P3,11
Luxembourg,A1,2
Luxembourg,A2,5
Luxembourg,B1/B2,13
Luxembourg,G1,1
Luxembourg,G2,1
Luxembourg,G4,1
Luxembourg,J1,5
Luxembourg,J2,1
Luxembourg,L1,3
Luxembourg,L2,3
Luxembourg,NATO2,4
Luxembourg,O1,1
Macau S.A.R.,B1/B2,217
Macau S.A.R.,F1,7
Macau S.A.R.,H1B,4
Macau S.A.R.,J1,2
Macau S.A.R.,M1,1
Madagascar,A1,2
Madagascar,A2,6
Madagascar,B1/B2,112
Madagascar,C1,74
Madagascar,D,30
Madagascar,F1,5
Madagascar,G1,5
Madagascar,G2,11
Madagascar,G4,18
Madagascar,J1,12
Madagascar,K1,3
Madagascar,O1,1
Madagascar,Q1,2
Madagascar,T3,1
Malawi,A2,15
Malawi,B1,1
Malawi,B1/B2,152
Malawi,C1/D,2
Malawi,F1,21
Malawi,F2,3
Malawi,G2,19
Malawi,G4,13
Malawi,H1B,2
Malawi,J1,8
Malawi,L1,1
Malaysia,A1,18
Malaysia,A2,61
Malaysia,A3,2
Malaysia,B1,95
Malaysia,B1/B2,"2,866"
Malaysia,C1,4
Malaysia,C1/D,255
Malaysia,E2,1
Malaysia,F1,29
Malaysia,G2,11
Malaysia,G4,6
Malaysia,H1B,25
Malaysia,H3,1
Malaysia,H4,6
Malaysia,J1,344
Malaysia,J2,5
Malaysia,K1,3
Malaysia,K2,1
Malaysia,L1,39
Malaysia,L2,21
Malaysia,M1,4
Malaysia,O1,2
Malaysia,O2,5
Maldives,A2,5
Maldives,B1/B2,4
Maldives,C1/D,1
Maldives,G2,6
Maldives,J1,1
Mali,B1/B2,257
Mali,C2,1
Mali,F1,6
Mali,G1,1
Mali,G2,18
Mali,G4,5
Mali,H1B,1
Mali,I,1
Mali,J1,1
Mali,K1,1
Mali,P3,2
Malta,A2,2
Malta,B1/B2,5
Malta,C1/D,7
Malta,F1,1
Malta,F2,1
Malta,G1,2
Malta,G2,5
Malta,G4,1
Malta,J1,2
Malta,O1,2
Marshall Islands,C3,1
Marshall Islands,G2,1
Marshall Islands,J1,1
Mauritania,A1,6
Mauritania,A2,6
Mauritania,B1,1
Mauritania,B1/B2,55
Mauritania,F1,1
Mauritania,G1,5
Mauritania,G2,9
Mauritania,G4,3
Mauritania,H4,2
Mauritius,A1,3
Mauritius,A2,2
Mauritius,B1/B2,187
Mauritius,C1/D,106
Mauritius,F1,1
Mauritius,G2,2
Mauritius,G4,5
Mauritius,H1B,1
Mauritius,H2B,3
Mauritius,J1,10
Mauritius,K1,1
Mexico,A1,17
Mexico,A2,197
Mexico,A3,1
Mexico,B1,361
Mexico,B1/B2,"1,692"
Mexico,B2,3
Mexico,BBBCC,"136,641"
Mexico,BBBCV,"3,573"
Mexico,C1,11
Mexico,C1/D,394
Mexico,C3,1
Mexico,D,4
Mexico,E1,15
Mexico,E2,115
Mexico,F1,182
Mexico,F2,11
Mexico,G2,3
Mexico,G4,21
Mexico,H1B,104
Mexico,H2A,"36,457"
Mexico,H2B,"14,647"
Mexico,H3,12
Mexico,H4,667
Mexico,I,83
Mexico,J1,"2,930"
Mexico,J2,11
Mexico,K1,274
Mexico,K2,61
Mexico,K3,1
Mexico,L1,274
Mexico,L2,317
Mexico,M1,15
Mexico,O1,71
Mexico,O2,244
Mexico,O3,19
Mexico,P1,343
Mexico,P3,37
Mexico,P4,4
Mexico,Q1,20
Mexico,R1,24
Mexico,R2,1
Mexico,T2,2
Mexico,T3,8
Mexico,TD,832
Mexico,TN,"1,091"
Mexico,U1,10
Mexico,U2,4
Mexico,U3,32
Mexico,U4,2
Moldova,A1,4
Moldova,A2,36
Moldova,B1/B2,304
Moldova,C1/D,12
Moldova,G2,5
Moldova,G4,1
Moldova,J1,73
Moldova,K1,1
Moldova,O3,1
Monaco,J1,1
Monaco,O1,1
Mongolia,A1,1
Mongolia,A2,64
Mongolia,B1/B2,"1,239"
Mongolia,C1,2
Mongolia,C1/D,2
Mongolia,E2,4
Mongolia,F1,13
Mongolia,F2,7
Mongolia,G2,18
Mongolia,G4,8
Mongolia,H1B,1
Mongolia,H4,2
Mongolia,J1,648
Mongolia,J2,3
Mongolia,K1,1
Mongolia,L1,1
Mongolia,P1,3
Mongolia,P3,1
Montenegro,A1,1
Montenegro,A2,20
Montenegro,B1,2
Montenegro,B1/B2,376
Montenegro,C1/D,137
Montenegro,F1,2
Montenegro,G2,7
Montenegro,H1B,1
Montenegro,H2B,13
Montenegro,J1,104
Montenegro,K1,1
Montenegro,P1,1
Morocco,A1,1
Morocco,A2,77
Morocco,A3,2
Morocco,B1,3
Morocco,B1/B2,"2,726"
Morocco,C1,1
Morocco,C1/D,76
Morocco,E2,2
Morocco,F1,18
Morocco,F2,5
Morocco,G1,5
Morocco,G2,37
Morocco,G4,14
Morocco,H1B,1
Morocco,H4,1
Morocco,I,3
Morocco,J1,40
Morocco,J2,2
Morocco,K1,15
Morocco,L1,4
Morocco,L2,6
Morocco,M1,1
Morocco,P1,1
Morocco,TD,1
Mozambique,A1,12
Mozambique,A2,31
Mozambique,B1/B2,106
Mozambique,B2,2
Mozambique,C1/D,1
Mozambique,F1,3
Mozambique,G1,2
Mozambique,G2,8
Mozambique,G4,10
Mozambique,H1B,1
Mozambique,I,1
Mozambique,J1,6
Mozambique,K1,1
Namibia,A1,1
Namibia,A2,4
Namibia,B1,7
Namibia,B1/B2,92
Namibia,C1/D,4
Namibia,F1,2
Namibia,G2,4
Namibia,G4,2
Namibia,H2B,1
Namibia,J1,11
Nepal,A1,5
Nepal,A2,19
Nepal,A3,3
Nepal,B1,3
Nepal,B1/B2,"2,089"
Nepal,B2,2
Nepal,C1,15
Nepal,C1/D,37
Nepal,C2,8
Nepal,E2,1
Nepal,F1,395
Nepal,F2,15
Nepal,G2,15
Nepal,G4,48
Nepal,H1B,56
Nepal,H4,27
Nepal,J1,56
Nepal,J2,4
Nepal,K1,32
Nepal,K2,3
Nepal,L1,3
Nepal,L2,3
Nepal,M1,1
Nepal,O1,1
Nepal,U3,1
Netherlands,A1,3
Netherlands,A2,41
Netherlands,B1,32
Netherlands,B1/B2,525
Netherlands,C1/D,97
Netherlands,E1,7
Netherlands,E2,37
Netherlands,F1,30
Netherlands,G1,4
Netherlands,G2,10
Netherlands,G4,17
Netherlands,H1B,14
Netherlands,H2A,5
Netherlands,H2B,3
Netherlands,H4,4
Netherlands,I,11
Netherlands,J1,125
Netherlands,J2,2
Netherlands,K1,16
Netherlands,L1,83
Netherlands,L2,42
Netherlands,M1,2
Netherlands,NATO2,7
Netherlands,NATO4,2
Netherlands,NATO6,22
Netherlands,O1,20
Netherlands,O2,17
Netherlands,O3,1
Netherlands,P1,25
New Zealand,A1,2
New Zealand,A2,105
New Zealand,B1,2
New Zealand,B1/B2,240
New Zealand,C1,2
New Zealand,C1/D,64
New Zealand,C3,27
New Zealand,E1,3
New Zealand,E2,6
New Zealand,E3D,7
New Zealand,F1,15
New Zealand,G1,2
New Zealand,G2,7
New Zealand,G4,8
New Zealand,H1B,10
New Zealand,H2A,21
New Zealand,H4,4
New Zealand,I,6
New Zealand,J1,242
New Zealand,J2,3
New Zealand,K1,6
New Zealand,L1,26
New Zealand,L2,10
New Zealand,O1,18
New Zealand,O2,14
New Zealand,O3,2
New Zealand,P1,11
New Zealand,P3,1
New Zealand,R1,4
New Zealand,R2,3
Nicaragua,A1,2
Nicaragua,B1,53
Nicaragua,B1/B2,"1,296"
Nicaragua,C1,44
Nicaragua,C1/D,78
Nicaragua,F1,11
Nicaragua,G4,5
Nicaragua,H1B,1
Nicaragua,H2A,133
Nicaragua,H2B,5
Nicaragua,I,1
Nicaragua,J1,4
Nicaragua,J2,1
Nicaragua,K1,13
Nicaragua,K2,3
Nicaragua,L1,1
Nicaragua,L2,3
Nicaragua,P1,3
Niger,B1,3
Niger,B1/B2,98
Niger,F1,6
Niger,G1,14
Niger,G4,9
Niger,J1,1
Niger,K1,1
Nigeria,A1,21
Nigeria,A2,66
Nigeria,B1,13
Nigeria,B1/B2,"7,017"
Nigeria,B2,2
Nigeria,C1,8
Nigeria,C1/D,17
Nigeria,C2,18
Nigeria,C3,1
Nigeria,F1,213
Nigeria,F2,24
Nigeria,G1,1
Nigeria,G2,21
Nigeria,G4,44
Nigeria,H1B,63
Nigeria,H4,35
Nigeria,I,6
Nigeria,J1,286
Nigeria,J2,23
Nigeria,K1,80
Nigeria,L1,25
Nigeria,L2,24
Nigeria,M1,4
Nigeria,O1,22
Nigeria,O2,12
Nigeria,O3,21
Nigeria,P1,3
Nigeria,P3,6
Nigeria,P4,1
Nigeria,R1,9
Nigeria,TD,1
*Non-Nationality Based Issuances,B1/B2,171
*Non-Nationality Based Issuances,C1/D,14
*Non-Nationality Based Issuances,F1,1
*Non-Nationality Based Issuances,G4,12
*Non-Nationality Based Issuances,J1,3
*Non-Nationality Based Issuances,K1,6
*Non-Nationality Based Issuances,P3,6
*Non-Nationality Based Issuances,R1,2
North Macedonia,A1,3
North Macedonia,A2,5
North Macedonia,B1,1
North Macedonia,B1/B2,432
North Macedonia,C1/D,12
North Macedonia,E2,1
North Macedonia,F1,1
North Macedonia,G1,4
North Macedonia,G2,9
North Macedonia,H1B,1
North Macedonia,H2A,5
North Macedonia,H2B,8
North Macedonia,J1,254
North Macedonia,J2,1
North Macedonia,K1,5
North Macedonia,NATO1,3
North Macedonia,NATO2,15
North Macedonia,P3,6
Norway,A1,1
Norway,A2,23
Norway,B1,1
Norway,B1/B2,209
Norway,C1/D,84
Norway,C3,1
Norway,E2,5
Norway,F1,12
Norway,G1,2
Norway,G2,8
Norway,G4,1
Norway,H1B,1
Norway,I,8
Norway,J1,43
Norway,J2,18
Norway,K1,3
Norway,L1,14
Norway,L2,17
Norway,NATO2,24
Norway,NATO4,1
Norway,NATO6,1
Norway,O1,5
Norway,O2,7
Norway,P1,10
Norway,P3,7
Norway,Q1,6
Norway,TD,1
Oman,A2,72
Oman,B1/B2,205
Oman,C1/D,20
Oman,F1,7
Oman,F2,1
Oman,G2,2
Oman,H1B,1
Oman,J1,1
Pakistan,A1,12
Pakistan,A2,89
Pakistan,A3,3
Pakistan,B1,2
Pakistan,B1/B2,"10,446"
Pakistan,B2,7
Pakistan,C1,6
Pakistan,C1/D,48
Pakistan,E1,9
Pakistan,E2,26
Pakistan,F1,210
Pakistan,F2,78
Pakistan,G1,17
Pakistan,G2,7
Pakistan,G4,43
Pakistan,H1B,116
Pakistan,H4,126
Pakistan,I,8
Pakistan,J1,176
Pakistan,J2,50
Pakistan,K1,10
Pakistan,L1,22
Pakistan,L2,37
Pakistan,M1,4
Pakistan,O1,3
Pakistan,O2,1
Pakistan,O3,8
Pakistan,P1,1
Pakistan,P3,3
Pakistan,R1,5
Pakistan,R2,5
Pakistan,TD,4
Palau,B1/B2,1
Palau,G1,1
Palestinian Authority Travel Document,A2,1
Palestinian Authority Travel Document,B1,2
Palestinian Authority Travel Document,B1/B2,902
Palestinian Authority Travel Document,B2,1
Palestinian Authority Travel Document,C1/D,1
Palestinian Authority Travel Document,F1,7
Palestinian Authority Travel Document,F2,2
Palestinian Authority Travel Document,G4,2
Palestinian Authority Travel Document,H1B,1
Palestinian Authority Travel Document,H4,1
Palestinian Authority Travel Document,J1,8
Palestinian Authority Travel Document,J2,4
Palestinian Authority Travel Document,K1,5
Palestinian Authority Travel Document,L1,1
Panama,A2,13
Panama,B1,3
Panama,B1/B2,"2,324"
Panama,C1,15
Panama,C1/D,149
Panama,E2,8
Panama,F1,22
Panama,F2,2
Panama,G4,6
Panama,H1B,3
Panama,H2A,4
Panama,H2B,3
Panama,I,1
Panama,J1,9
Panama,K1,2
Panama,K2,2
Panama,L1,5
Panama,L2,4
Panama,M1,1
Panama,O1,2
Panama,O2,2
Panama,O3,4
Panama,P1,5
Papua New Guinea,A1,2
Papua New Guinea,A2,25
Papua New Guinea,B1,3
Papua New Guinea,B1/B2,44
Papua New Guinea,C1,2
Papua New Guinea,D,1
Papua New Guinea,G4,1
Papua New Guinea,J1,7
Paraguay,A1,5
Paraguay,A2,14
Paraguay,B1,1
Paraguay,B1/B2,881
Paraguay,C1,2
Paraguay,C1/D,5
Paraguay,C2,1
Paraguay,C3,4
Paraguay,E2,2
Paraguay,F1,5
Paraguay,G2,10
Paraguay,G4,4
Paraguay,H1B,1
Paraguay,J1,7
Paraguay,J2,1
Paraguay,L1,1
Paraguay,O1,1
Paraguay,O3,3
Paraguay,R2,1
Peru,A1,6
Peru,A2,25
Peru,B1,14
Peru,B1/B2,"9,012"
Peru,BBBCC,1
Peru,C1,24
Peru,C1/D,147
Peru,E2,3
Peru,E3,1
Peru,F1,89
Peru,F2,17
Peru,G1,2
Peru,G4,22
Peru,G5,2
Peru,H1B,12
Peru,H2A,141
Peru,H2B,3
Peru,H4,6
Peru,I,7
Peru,J1,105
Peru,J2,2
Peru,K1,24
Peru,K2,4
Peru,L1,14
Peru,L2,12
Peru,M1,8
Peru,O1,2
Peru,O3,2
Peru,P1,2
Peru,P3,8
Peru,R1,2
Peru,TD,1
Philippines,A1,16
Philippines,A2,146
Philippines,A3,18
Philippines,B1,344
Philippines,B1/B2,"12,749"
Philippines,B2,3
Philippines,C1,115
Philippines,C1/D,"7,706"
Philippines,C2,1
Philippines,CW1,264
Philippines,CW2,56
Philippines,E1,1
Philippines,E2,14
Philippines,E3D,1
Philippines,F1,30
Philippines,F2,9
Philippines,G1,9
Philippines,G2,26
Philippines,G4,36
Philippines,G5,3
Philippines,H1B,158
Philippines,H2A,11
Philippines,H2B,167
Philippines,H4,160
Philippines,I,2
Philippines,J1,400
Philippines,J2,166
Philippines,K1,886
Philippines,K2,177
Philippines,L1,63
Philippines,L2,47
Philippines,M1,3
Philippines,O1,7
Philippines,O2,13
Philippines,O3,2
Philippines,P1,13
Philippines,R1,20
Philippines,R2,4
Philippines,T3,5
Philippines,T6,1
Philippines,TD,2
Poland,A2,27
Poland,B1,10
Poland,B1/B2,644
Poland,C1/D,166
Poland,E2,9
Poland,E3D,2
Poland,F1,16
Poland,F2,2
Poland,G2,8
Poland,G4,4
Poland,H1B,15
Poland,H2A,1
Poland,H2B,6
Poland,H4,9
Poland,I,28
Poland,J1,782
Poland,J2,6
Poland,K1,9
Poland,K2,1
Poland,L1,47
Poland,L2,27
Poland,M1,1
Poland,NATO2,70
Poland,NATO6,1
Poland,O1,8
Poland,O2,4
Poland,P1,4
Poland,P2,2
Poland,P3,17
Poland,R1,2
Portugal,A1,2
Portugal,A2,3
Portugal,B1,12
Portugal,B1/B2,493
Portugal,C1,1
Portugal,C1/D,240
Portugal,E2,2
Portugal,F1,9
Portugal,F2,4
Portugal,G2,7
Portugal,G4,7
Portugal,H1B,8
Portugal,H2A,1
Portugal,H2B,1
Portugal,H4,2
Portugal,I,2
Portugal,J1,37
Portugal,J2,3
Portugal,K1,9
Portugal,L1,31
Portugal,L2,14
Portugal,M1,2
Portugal,NATO2,5
Portugal,NATO6,1
Portugal,O1,11
Portugal,O2,1
Portugal,O3,3
Portugal,P1,6
Qatar,A1,7
Qatar,A2,60
Qatar,A3,1
Qatar,B1/B2,479
Qatar,C1/D,4
Qatar,F1,18
Qatar,F2,1
Qatar,G1,4
Qatar,G2,3
Qatar,G4,1
Qatar,J1,1
Romania,A1,5
Romania,A2,22
Romania,B1,52
Romania,B1/B2,"7,728"
Romania,C1,4
Romania,C1/D,240
Romania,E2,9
Romania,F1,15
Romania,F2,1
Romania,G2,10
Romania,G3,1
Romania,G4,3
Romania,H1B,7
Romania,H2A,70
Romania,H2B,58
Romania,H4,5
Romania,I,3
Romania,J1,"1,439"
Romania,K1,6
Romania,K2,1
Romania,L1,17
Romania,L2,2
Romania,NATO2,37
Romania,NATO4,2
Romania,O1,3
Romania,O2,2
Romania,P1,3
Romania,P3,18
Romania,R1,1
Romania,R2,1
Russia,A1,2
Russia,A2,24
Russia,B1,4
Russia,B1/B2,"4,371"
Russia,B2,2
Russia,BBBCC,1
Russia,C1,2
Russia,C1/D,271
Russia,E2,2
Russia,F1,95
Russia,F2,14
Russia,G1,22
Russia,G2,26
Russia,G4,30
Russia,H1B,14
Russia,H3,1
Russia,H4,11
Russia,I,4
Russia,J1,125
Russia,J2,10
Russia,K1,49
Russia,K2,14
Russia,L1,42
Russia,L2,40
Russia,M1,3
Russia,O1,29
Russia,O2,2
Russia,O3,25
Russia,P1,44
Russia,P4,9
Russia,R1,2
Russia,R2,6
Russia,TD,1
Rwanda,A1,3
Rwanda,A2,33
Rwanda,B1/B2,221
Rwanda,C1/D,1
Rwanda,C3,2
Rwanda,F1,19
Rwanda,F2,11
Rwanda,G4,10
Rwanda,G5,1
Rwanda,H1B,3
Rwanda,J1,11
Rwanda,K1,18
Rwanda,K2,1
Rwanda,L1,1
Rwanda,L2,1
Rwanda,M1,1
Rwanda,P1,1
Saint Kitts and Nevis,A2,1
Saint Kitts and Nevis,B1,1
Saint Kitts and Nevis,B1/B2,321
Saint Kitts and Nevis,B2,1
Saint Kitts and Nevis,F1,2
Saint Kitts and Nevis,G4,2
Saint Kitts and Nevis,H1B,2
Saint Kitts and Nevis,J1,2
Saint Kitts and Nevis,K1,2
Saint Lucia,A1,3
Saint Lucia,B1/B2,322
Saint Lucia,C1/D,11
Saint Lucia,F1,3
Saint Lucia,H1B,1
Saint Vincent and the Grenadines,A1,1
Saint Vincent and the Grenadines,A2,1
Saint Vincent and the Grenadines,B1,13
Saint Vincent and the Grenadines,B1/B2,216
Saint Vincent and the Grenadines,C1/D,17
Saint Vincent and the Grenadines,F1,1
Saint Vincent and the Grenadines,G2,1
Saint Vincent and the Grenadines,J1,1
Saint Vincent and the Grenadines,O1,1
Samoa,A2,1
Samoa,B1/B2,94
Samoa,C1/D,10
Samoa,F1,1
Samoa,G2,2
Samoa,J1,5
Samoa,R1,2
Samoa,TD,1
San Marino,A1,2
San Marino,A2,2
San Marino,B1/B2,3
San Marino,J1,2
Sao Tome and Principe,A2,1
Sao Tome and Principe,B1/B2,3
Sao Tome and Principe,G2,4
Saudi Arabia,A1,17
Saudi Arabia,A2,419
Saudi Arabia,B1,5
Saudi Arabia,B1/B2,"4,591"
Saudi Arabia,D,52
Saudi Arabia,F1,213
Saudi Arabia,F2,180
Saudi Arabia,G1,6
Saudi Arabia,G2,8
Saudi Arabia,G4,7
Saudi Arabia,H1B,15
Saudi Arabia,H4,2
Saudi Arabia,I,1
Saudi Arabia,J1,61
Saudi Arabia,J2,18
Saudi Arabia,K1,1
Saudi Arabia,L1,6
Saudi Arabia,L2,10
Saudi Arabia,M1,15
Saudi Arabia,O1,1
Senegal,A1,7
Senegal,A2,29
Senegal,B1,1
Senegal,B1/B2,438
Senegal,C2,1
Senegal,C3,1
Senegal,D,1
Senegal,F1,6
Senegal,G2,11
Senegal,G4,15
Senegal,H1B,2
Senegal,I,2
Senegal,J1,6
Senegal,J2,1
Senegal,K1,2
Senegal,L2,1
Senegal,NATO2,1
Senegal,O1,1
Senegal,P1,1
Senegal,U1,1
Serbia,A1,1
Serbia,A2,16
Serbia,B1,6
Serbia,B1/B2,"1,717"
Serbia,C1,1
Serbia,C1/D,110
Serbia,E1,1
Serbia,E2,3
Serbia,F1,10
Serbia,G1,1
Serbia,G2,5
Serbia,G4,9
Serbia,H1B,6
Serbia,H2B,183
Serbia,H4,1
Serbia,I,1
Serbia,J1,106
Serbia,K1,10
Serbia,L1,8
Serbia,L2,2
Serbia,M1,1
Serbia,O1,3
Serbia,O2,1
Serbia,P1,3
Serbia,R1,1
Seychelles,A2,2
Seychelles,B1/B2,12
Seychelles,C1/D,3
Seychelles,G4,1
Sierra Leone,A1,6
Sierra Leone,A2,30
Sierra Leone,B1/B2,86
Sierra Leone,B2,7
Sierra Leone,C1/D,1
Sierra Leone,F1,5
Sierra Leone,G1,1
Sierra Leone,G2,28
Sierra Leone,G4,7
Sierra Leone,I,1
Sierra Leone,J1,19
Sierra Leone,K1,6
Singapore,A1,3
Singapore,A2,213
Singapore,B1,4
Singapore,B1/B2,58
Singapore,C1/D,148
Singapore,C3,2
Singapore,D,1
Singapore,E2,5
Singapore,E3D,1
Singapore,F1,174
Singapore,G4,6
Singapore,H1B,24
Singapore,H1B1,62
Singapore,H4,18
Singapore,J1,43
Singapore,J2,3
Singapore,K1,6
Singapore,K2,1
Singapore,L1,26
Singapore,L2,19
Singapore,M1,2
Singapore,O1,8
Singapore,P1,4
Slovakia,A2,3
Slovakia,B1,7
Slovakia,B1/B2,81
Slovakia,C1/D,13
Slovakia,F1,8
Slovakia,G2,4
Slovakia,G4,3
Slovakia,H1B,3
Slovakia,H2B,11
Slovakia,J1,563
Slovakia,J2,1
Slovakia,L1,5
Slovakia,L2,1
Slovakia,NATO2,27
Slovakia,O1,2
Slovakia,O3,1
Slovakia,P1,2
Slovenia,A1,4
Slovenia,A2,1
Slovenia,B1,2
Slovenia,B1/B2,29
Slovenia,C1/D,3
Slovenia,E2,2
Slovenia,F1,1
Slovenia,G1,3
Slovenia,G2,3
Slovenia,I,1
Slovenia,J1,7
Slovenia,L2,1
Slovenia,NATO2,19
Slovenia,P1,4
Solomon Islands,A2,1
Solomon Islands,B1/B2,2
Somalia,A1,1
Somalia,A2,4
Somalia,B1/B2,14
Somalia,G1,1
Somalia,G2,1
Somalia,K1,5
South Africa,A1,8
South Africa,A2,37
South Africa,B1,15
South Africa,B1/B2,"3,402"
South Africa,B2,4
South Africa,C1,7
South Africa,C1/D,331
South Africa,C3,2
South Africa,E2,2
South Africa,F1,42
South Africa,F2,2
South Africa,G2,15
South Africa,G4,11
South Africa,H1B,8
South Africa,H2A,"4,246"
South Africa,H2B,276
South Africa,H4,133
South Africa,I,4
South Africa,J1,313
South Africa,J2,2
South Africa,K1,8
South Africa,L1,37
South Africa,L2,59
South Africa,M1,1
South Africa,O1,11
South Africa,O3,5
South Africa,P1,1
South Africa,Q1,1
South Africa,R1,1
South Africa,TD,1
South Sudan,A1,6
South Sudan,A2,8
South Sudan,B1,5
South Sudan,B1/B2,15
South Sudan,F1,1
South Sudan,G1,4
South Sudan,G2,14
South Sudan,G4,7
South Sudan,J1,2
South Sudan,K1,4
South Sudan,O1,10
Spain,A1,8
Spain,A2,35
Spain,B1,5
Spain,B1/B2,"1,760"
Spain,B2,22
Spain,C1/D,444
Spain,E1,10
Spain,E2,104
Spain,F1,94
Spain,F2,5
Spain,G1,2
Spain,G2,17
Spain,G3,2
Spain,G4,31
Spain,G5,1
Spain,H1B,30
Spain,H2A,1
Spain,H2B,1
Spain,H4,5
Spain,I,24
Spain,J1,853
Spain,J2,17
Spain,K1,13
Spain,K2,1
Spain,L1,71
Spain,L2,46
Spain,M1,1
Spain,NATO2,13
Spain,NATO4,5
Spain,NATO6,1
Spain,O1,31
Spain,O2,7
Spain,O3,12
Spain,P1,27
Spain,P3,9
Spain,P4,1
Spain,R1,2
Sri Lanka,A2,28
Sri Lanka,B1,2
Sri Lanka,B1/B2,691
Sri Lanka,C1,6
Sri Lanka,C1/D,68
Sri Lanka,C2,1
Sri Lanka,E2,6
Sri Lanka,F1,15
Sri Lanka,F2,4
Sri Lanka,G1,4
Sri Lanka,G2,3
Sri Lanka,G4,2
Sri Lanka,H1B,15
Sri Lanka,H4,8
Sri Lanka,I,1
Sri Lanka,J1,13
Sri Lanka,J2,1
Sri Lanka,K1,2
Sri Lanka,L1,1
Sri Lanka,L2,1
Sri Lanka,M1,2
Sri Lanka,P3,19
Sri Lanka,R1,1
Sudan,A3,2
Sudan,B1,25
Sudan,B1/B2,250
Sudan,D,1
Sudan,F1,11
Sudan,F2,5
Sudan,G1,10
Sudan,G2,3
Sudan,G4,9
Sudan,H1B,8
Sudan,H4,6
Sudan,J1,7
Sudan,J2,5
Sudan,K1,3
Sudan,M1,1
Sudan,O1,1
Suriname,A2,5
Suriname,B1/B2,421
Suriname,C1/D,1
Suriname,C3,2
Suriname,G2,4
Suriname,G4,1
Suriname,H1B,1
Suriname,J1,6
Sweden,A1,2
Sweden,A2,127
Sweden,B1,60
Sweden,B1/B2,547
Sweden,B2,1
Sweden,C1/D,57
Sweden,C3,5
Sweden,E1,1
Sweden,E2,33
Sweden,F1,36
Sweden,F2,2
Sweden,G2,20
Sweden,G3,1
Sweden,G4,7
Sweden,H1B,6
Sweden,H2A,6
Sweden,H2B,2
Sweden,H4,1
Sweden,I,19
Sweden,J1,75
Sweden,J2,7
Sweden,K1,8
Sweden,K2,2
Sweden,L1,34
Sweden,L2,24
Sweden,M1,1
Sweden,O1,19
Sweden,O2,15
Sweden,P1,35
Sweden,P3,4
Sweden,P4,5
Sweden,R1,1
Sweden,R2,1
Switzerland,A1,3
Switzerland,A2,42
Switzerland,B1,3
Switzerland,B1/B2,532
Switzerland,C1/D,98
Switzerland,E2,23
Switzerland,F1,63
Switzerland,G1,2
Switzerland,G4,9
Switzerland,H1B,5
Switzerland,H2A,1
Switzerland,H4,2
Switzerland,I,9
Switzerland,J1,44
Switzerland,J2,4
Switzerland,K1,1
Switzerland,L1,21
Switzerland,L2,16
Switzerland,M1,5
Switzerland,O1,10
Switzerland,O2,6
Switzerland,O3,2
Switzerland,P1,11
Switzerland,P4,1
Switzerland,R1,1
Switzerland,TD,1
Syria,B1,3
Syria,B1/B2,361
Syria,F1,7
Syria,F2,1
Syria,G1,10
Syria,G4,3
Syria,H1B,1
Syria,J1,10
Syria,J2,1
Syria,K1,22
Syria,L1,1
Syria,O2,3
Syria,TD,1
Taiwan,B1,1
Taiwan,B1/B2,819
Taiwan,C1,1
Taiwan,C1/D,315
Taiwan,E1,8
Taiwan,E2,260
Taiwan,E3D,1
Taiwan,F1,166
Taiwan,F2,18
Taiwan,G4,2
Taiwan,H1B,115
Taiwan,H4,32
Taiwan,J1,137
Taiwan,J2,13
Taiwan,K1,10
Taiwan,L1,76
Taiwan,L2,51
Taiwan,M1,20
Taiwan,O1,12
Taiwan,O2,52
Taiwan,O3,2
Taiwan,P1,7
Taiwan,R1,6
Taiwan,R2,1
Tajikistan,B1,1
Tajikistan,B1/B2,80
Tajikistan,C1,2
Tajikistan,F1,5
Tajikistan,G2,5
Tajikistan,G4,6
Tajikistan,H1B,1
Tajikistan,J1,12
Tajikistan,K1,2
Tajikistan,L1,2
Tanzania,A1,7
Tanzania,A2,42
Tanzania,A3,1
Tanzania,B1,5
Tanzania,B1/B2,444
Tanzania,C1/D,9
Tanzania,C3,2
Tanzania,F1,15
Tanzania,F2,5
Tanzania,G2,63
Tanzania,G4,15
Tanzania,H4,2
Tanzania,J1,19
Tanzania,J2,1
Tanzania,K1,1
Tanzania,L1,1
Tanzania,M1,2
Tanzania,P1,1
Thailand,A1,10
Thailand,A2,156
Thailand,B1,13
Thailand,B1/B2,"4,514"
Thailand,B2,124
Thailand,C1,4
Thailand,C1/D,330
Thailand,E2,42
Thailand,F1,66
Thailand,G1,1
Thailand,G2,10
Thailand,G4,3
Thailand,H1B,22
Thailand,H2A,8
Thailand,H2B,4
Thailand,H4,4
Thailand,I,1
Thailand,J1,"2,591"
Thailand,K1,129
Thailand,K2,24
Thailand,L1,14
Thailand,L2,10
Thailand,M1,1
Thailand,O1,6
Thailand,O3,1
Thailand,P1,2
Thailand,R1,7
Thailand,R2,2
Timor-Leste,A1,2
Timor-Leste,A2,14
Timor-Leste,B1/B2,4
Timor-Leste,J1,7
Togo,A2,7
Togo,B1/B2,201
Togo,C1,1
Togo,F1,6
Togo,G1,2
Togo,G2,7
Togo,G4,4
Togo,J1,8
Togo,K1,7
Togo,K2,2
Togo,T3,1
Tonga,A2,7
Tonga,B1/B2,95
Tonga,C1/D,1
Tonga,C3,1
Tonga,F1,3
Tonga,G4,1
Tonga,J1,4
Tonga,R1,1
Trinidad and Tobago,A1,4
Trinidad and Tobago,A2,8
Trinidad and Tobago,B1/B2,"5,176"
Trinidad and Tobago,C1,3
Trinidad and Tobago,C1/D,16
Trinidad and Tobago,C3,2
Trinidad and Tobago,F1,9
Trinidad and Tobago,G2,1
Trinidad and Tobago,G4,7
Trinidad and Tobago,H1B,7
Trinidad and Tobago,H4,8
Trinidad and Tobago,J1,10
Trinidad and Tobago,J2,1
Trinidad and Tobago,K1,11
Trinidad and Tobago,K2,1
Trinidad and Tobago,L1,6
Trinidad and Tobago,L2,5
Trinidad and Tobago,M1,2
Trinidad and Tobago,O1,2
Trinidad and Tobago,P1,2
Trinidad and Tobago,P3,7
Tunisia,A1,1
Tunisia,A2,16
Tunisia,B1,1
Tunisia,B1/B2,560
Tunisia,C1/D,69
Tunisia,F1,22
Tunisia,G2,5
Tunisia,G4,8
Tunisia,I,1
Tunisia,J1,16
Tunisia,K1,8
Tunisia,L1,2
Tunisia,L2,2
Turkey,A2,65
Turkey,B1,10
Turkey,B1/B2,"11,242"
Turkey,C1/D,393
Turkey,E1,6
Turkey,E2,52
Turkey,E3D,2
Turkey,F1,142
Turkey,F2,7
Turkey,G1,2
Turkey,G2,15
Turkey,G4,11
Turkey,H1B,37
Turkey,H2B,10
Turkey,H3,1
Turkey,H4,30
Turkey,I,9
Turkey,J1,"2,102"
Turkey,J2,44
Turkey,K1,35
Turkey,K2,1
Turkey,L1,46
Turkey,L2,32
Turkey,M1,4
Turkey,NATO2,9
Turkey,NATO6,2
Turkey,O1,5
Turkey,O3,1
Turkey,P1,3
Turkey,P3,1
Turkey,R1,1
Turkey,R2,3
Turkey,TD,2
Turkmenistan,A1,1
Turkmenistan,A2,8
Turkmenistan,B1,2
Turkmenistan,B1/B2,97
Turkmenistan,F1,6
Turkmenistan,F2,2
Turkmenistan,G1,2
Turkmenistan,G2,3
Turkmenistan,G4,2
Turkmenistan,H4,2
Turkmenistan,J1,15
Turkmenistan,L1,1
Turkmenistan,L2,4
Turkmenistan,R1,1
Turks and Caicos Islands,B1/B2,34
Turks and Caicos Islands,F1,1
Tuvalu,A2,1
Tuvalu,B1/B2,1
Tuvalu,G2,4
Tuvalu,G4,1
Uganda,A2,14
Uganda,B1,3
Uganda,B1/B2,617
Uganda,C1,10
Uganda,C1/D,21
Uganda,D,8
Uganda,F1,12
Uganda,F2,4
Uganda,G2,13
Uganda,G4,15
Uganda,G5,1
Uganda,H1B,7
Uganda,J1,31
Uganda,J2,2
Uganda,K1,18
Uganda,K2,4
Uganda,L1,1
Uganda,O1,1
Uganda,P1,1
Uganda,R1,3
Ukraine,A1,7
Ukraine,A2,111
Ukraine,B1,12
Ukraine,B1/B2,"2,402"
Ukraine,C1,8
Ukraine,C1/D,266
Ukraine,D,1
Ukraine,E2,6
Ukraine,F1,16
Ukraine,F2,1
Ukraine,G2,7
Ukraine,G4,7
Ukraine,H1B,12
Ukraine,H2A,24
Ukraine,H2B,1
Ukraine,H4,15
Ukraine,I,3
Ukraine,J1,197
Ukraine,J2,4
Ukraine,K1,2
Ukraine,L1,17
Ukraine,L2,16
Ukraine,M1,1
Ukraine,O1,7
Ukraine,O3,1
Ukraine,P1,53
Ukraine,P3,73
Ukraine,TD,1
United Arab Emirates,A1,1
United Arab Emirates,A2,30
United Arab Emirates,B1/B2,"1,335"
United Arab Emirates,C3,1
United Arab Emirates,D,34
United Arab Emirates,F1,22
United Arab Emirates,G2,2
United Arab Emirates,J1,4
United Arab Emirates,J2,2
United Arab Emirates,L1,1
United Arab Emirates,L2,1
United Arab Emirates,P1,1
Uruguay,A1,6
Uruguay,A2,5
Uruguay,B1,2
Uruguay,B1/B2,"2,648"
Uruguay,C1,3
Uruguay,C1/D,6
Uruguay,F1,6
Uruguay,F2,1
Uruguay,G1,2
Uruguay,G2,2
Uruguay,G4,5
Uruguay,H1B,1
Uruguay,H2A,9
Uruguay,H2B,2
Uruguay,I,1
Uruguay,J1,5
Uruguay,K1,1
Uruguay,L1,3
Uruguay,L2,4
Uruguay,O1,2
Uruguay,O3,1
Uruguay,P1,1
Uruguay,R1,2
Uzbekistan,A2,30
Uzbekistan,B1,1
Uzbekistan,B1/B2,779
Uzbekistan,C1,1
Uzbekistan,C1/D,29
Uzbekistan,F1,17
Uzbekistan,G1,1
Uzbekistan,G2,10
Uzbekistan,G4,8
Uzbekistan,H1B,2
Uzbekistan,H4,3
Uzbekistan,I,1
Uzbekistan,J1,47
Uzbekistan,K1,9
Uzbekistan,K2,1
Uzbekistan,L2,2
Uzbekistan,O1,1
Vanuatu,A2,1
Vanuatu,B1/B2,5
Vanuatu,C1,1
Vanuatu,J1,1
Vanuatu,R1,1
Vatican City,A2,1
Vatican City,B1/B2,1
Venezuela,B1,5
Venezuela,B1/B2,"4,873"
Venezuela,B2,10
Venezuela,BBBCC,2
Venezuela,C1,2
Venezuela,C1/D,31
Venezuela,E2,7
Venezuela,F1,18
Venezuela,G3,7
Venezuela,G4,10
Venezuela,H1B,10
Venezuela,H2A,1
Venezuela,H4,9
Venezuela,I,3
Venezuela,J1,31
Venezuela,K1,21
Venezuela,K2,4
Venezuela,L1,9
Venezuela,L2,20
Venezuela,O1,7
Venezuela,O2,5
Venezuela,O3,2
Venezuela,P1,68
Venezuela,P3,1
Venezuela,P4,11
Venezuela,R1,1
Venezuela,T3,1
Venezuela,T4,2
Venezuela,T5,1
Venezuela,TD,1
Vietnam,A1,17
Vietnam,A2,89
Vietnam,B1,11
Vietnam,B1/B2,"13,438"
Vietnam,B2,76
Vietnam,C1,21
Vietnam,C1/D,226
Vietnam,F1,426
Vietnam,F2,23
Vietnam,G1,8
Vietnam,G2,44
Vietnam,G4,53
Vietnam,G5,1
Vietnam,H1B,46
Vietnam,H4,12
Vietnam,I,1
Vietnam,J1,68
Vietnam,J2,3
Vietnam,K1,207
Vietnam,K2,40
Vietnam,L1,52
Vietnam,L2,48
Vietnam,M1,3
Vietnam,O1,9
Vietnam,O2,1
Vietnam,P3,1
Vietnam,R1,14
Yemen,A1,3
Yemen,A2,10
Yemen,B1,3
Yemen,B1/B2,214
Yemen,C1/D,4
Yemen,C2,1
Yemen,F1,7
Yemen,F2,4
Yemen,G1,1
Yemen,G2,1
Yemen,G4,8
Yemen,H1B,1
Yemen,H4,1
Yemen,J1,4
Yemen,J2,13
Yemen,K1,5
Yemen,M1,2
Zambia,A1,2
Zambia,A2,6
Zambia,B1/B2,166
Zambia,C1/D,10
Zambia,F1,11
Zambia,F2,4
Zambia,G1,1
Zambia,G2,13
Zambia,G4,16
Zambia,H1B,1
Zambia,J1,25
Zambia,K1,1
Zambia,P1,2
Zambia,R1,1
Zimbabwe,A1,17
Zimbabwe,A2,1
Zimbabwe,B1,2
Zimbabwe,B1/B2,748
Zimbabwe,C1,6
Zimbabwe,C1/D,240
Zimbabwe,D,13
Zimbabwe,E2,1
Zimbabwe,F1,23
Zimbabwe,F2,5
Zimbabwe,G1,3
Zimbabwe,G2,44
Zimbabwe,G4,35
Zimbabwe,H1B,11
Zimbabwe,H2B,1
Zimbabwe,H4,2
Zimbabwe,I,1
Zimbabwe,J1,48
Zimbabwe,J2,13
Zimbabwe,K1,2
Zimbabwe,L1,1
Zimbabwe,L2,1
Zimbabwe,M1,1
Zimbabwe,P1,6
Zimbabwe,Q1,2
Zimbabwe,R1,1
GRAND TOTAL,,"962,731"
"*""Non-nationality based issuances"" includes individuals presenting travel documents issued by a competent authority other than their country of nationality, including, for example, aliens traveling on a Laissez-Passer issued by the United Nations and refugees residing in another country.",,