Nonimmigrant Visa Issuances by Nationality                                                      November 2023 (FY 2024),,
Nationality,Visa Class,Issuances
Afghanistan,B1,1
Afghanistan,B1/B2,132
Afghanistan,F1,14
Afghanistan,F2,3
Afghanistan,G4,7
Afghanistan,H1B,2
Afghanistan,H4,6
Afghanistan,J1,2
Afghanistan,J2,11
Afghanistan,K1,27
Afghanistan,O1,1
Afghanistan,R1,2
Afghanistan,R2,1
Albania,A2,8
Albania,B1/B2,"1,677"
Albania,C1/D,6
Albania,F1,24
Albania,H1B,2
Albania,H4,2
Albania,I,1
Albania,J1,10
Albania,J2,1
Albania,K1,15
Albania,L1,1
Albania,P3,12
Albania,R1,1
Algeria,A1,3
Algeria,A2,14
Algeria,B1/B2,"1,691"
Algeria,C1,2
Algeria,D,14
Algeria,F1,65
Algeria,F2,1
Algeria,G2,4
Algeria,G4,6
Algeria,H1B,1
Algeria,H4,1
Algeria,J1,22
Algeria,J2,4
Algeria,K1,21
Algeria,L1,7
Algeria,L2,7
Algeria,P1,5
Algeria,P3,2
Andorra,F1,2
Andorra,J1,3
Angola,A1,7
Angola,A2,27
Angola,B1,1
Angola,B1/B2,232
Angola,C1/D,5
Angola,F1,11
Angola,F2,1
Angola,G1,6
Angola,G2,9
Angola,G4,7
Angola,J1,1
Angola,K1,1
Angola,L1,5
Angola,L2,3
Angola,O1,2
Anguilla,B1/B2,1
Antigua and Barbuda,A2,3
Antigua and Barbuda,B1/B2,244
Antigua and Barbuda,C1,1
Antigua and Barbuda,C1/D,1
Antigua and Barbuda,C3,1
Antigua and Barbuda,F1,6
Antigua and Barbuda,G2,1
Antigua and Barbuda,J1,1
Antigua and Barbuda,K2,1
Antigua and Barbuda,M1,1
Antigua and Barbuda,R1,1
Argentina,A1,2
Argentina,A2,94
Argentina,A3,1
Argentina,B1,3
Argentina,B1/B2,"20,173"
Argentina,B2,14
Argentina,C1,11
Argentina,C1/D,100
Argentina,C3,2
Argentina,E1,6
Argentina,E2,53
Argentina,F1,125
Argentina,F2,6
Argentina,G1,1
Argentina,G2,1
Argentina,G4,17
Argentina,H1B,27
Argentina,H2B,24
Argentina,H4,17
Argentina,I,10
Argentina,J1,"2,171"
Argentina,J2,29
Argentina,K1,10
Argentina,K2,2
Argentina,L1,46
Argentina,L2,68
Argentina,M1,2
Argentina,O1,24
Argentina,O2,19
Argentina,O3,26
Argentina,P1,70
Argentina,P3,18
Argentina,P4,22
Argentina,R1,6
Argentina,R2,4
Argentina,TD,1
Armenia,A1,1
Armenia,A2,4
Armenia,B1/B2,"1,369"
Armenia,C3,1
Armenia,D,2
Armenia,E2,2
Armenia,F1,7
Armenia,F2,2
Armenia,G2,5
Armenia,G4,3
Armenia,H1B,4
Armenia,I,1
Armenia,J1,19
Armenia,K1,11
Armenia,L1,4
Armenia,L2,4
Armenia,O1,2
Armenia,O3,1
Armenia,P3,89
Armenia,P4,1
Armenia,R1,1
Armenia,R2,1
Australia,A1,10
Australia,A2,486
Australia,B1,3
Australia,B1/B2,723
Australia,B2,2
Australia,C1,6
Australia,C1/D,158
Australia,C3,5
Australia,E1,2
Australia,E2,24
Australia,E3,315
Australia,E3D,205
Australia,E3R,221
Australia,F1,79
Australia,F2,6
Australia,G1,6
Australia,G2,5
Australia,G4,5
Australia,H1B,38
Australia,H2B,12
Australia,H4,19
Australia,I,12
Australia,J1,135
Australia,J2,3
Australia,K1,12
Australia,K2,1
Australia,L1,58
Australia,L2,60
Australia,M1,2
Australia,O1,45
Australia,O2,14
Australia,O3,2
Australia,P1,32
Australia,P2,1
Australia,P3,3
Australia,P4,2
Australia,R1,4
Australia,R2,6
Australia,TD,1
Austria,A2,11
Austria,B1,1
Austria,B1/B2,189
Austria,C1/D,53
Austria,E2,28
Austria,F1,25
Austria,G2,5
Austria,G3,1
Austria,G4,7
Austria,H1B,6
Austria,H4,1
Austria,I,2
Austria,J1,93
Austria,J2,2
Austria,K1,3
Austria,L1,21
Austria,L2,2
Austria,O1,6
Austria,O2,3
Austria,O3,1
Austria,P1,7
Austria,P3,1
Austria,Q1,6
Austria,R1,1
Azerbaijan,A2,12
Azerbaijan,B1,6
Azerbaijan,B1/B2,505
Azerbaijan,C1/D,17
Azerbaijan,E2,11
Azerbaijan,F1,33
Azerbaijan,F2,8
Azerbaijan,G2,1
Azerbaijan,G4,6
Azerbaijan,H1B,5
Azerbaijan,H4,4
Azerbaijan,J1,10
Azerbaijan,J2,9
Azerbaijan,K1,3
Azerbaijan,L1,6
Azerbaijan,L2,4
Azerbaijan,O1,1
"Bahamas, The",A1,9
"Bahamas, The",A2,13
"Bahamas, The",B1/B2,"1,057"
"Bahamas, The",B2,1
"Bahamas, The",C1/D,11
"Bahamas, The",F1,46
"Bahamas, The",G4,1
"Bahamas, The",H1B,13
"Bahamas, The",H4,3
"Bahamas, The",J1,1
"Bahamas, The",K1,1
"Bahamas, The",L1,3
"Bahamas, The",L2,5
"Bahamas, The",M1,2
"Bahamas, The",O1,1
"Bahamas, The",O3,2
"Bahamas, The",R1,2
Bahrain,A1,1
Bahrain,A2,25
Bahrain,B1/B2,303
Bahrain,C1,1
Bahrain,C1/D,1
Bahrain,F1,4
Bahrain,H1B,1
Bahrain,J1,2
Bahrain,O1,1
Bangladesh,A1,3
Bangladesh,A2,48
Bangladesh,A3,1
Bangladesh,B1,11
Bangladesh,B1/B2,"3,350"
Bangladesh,C1,7
Bangladesh,C1/D,77
Bangladesh,CW1,2
Bangladesh,E2,1
Bangladesh,F1,442
Bangladesh,F2,178
Bangladesh,G1,5
Bangladesh,G2,10
Bangladesh,G4,12
Bangladesh,H1B,29
Bangladesh,H4,17
Bangladesh,I,4
Bangladesh,J1,21
Bangladesh,J2,20
Bangladesh,K1,6
Bangladesh,K2,1
Bangladesh,L1,3
Bangladesh,L2,9
Bangladesh,M1,1
Bangladesh,M2,1
Bangladesh,O1,1
Bangladesh,O3,1
Bangladesh,R1,1
Bangladesh,T2,1
Bangladesh,T3,1
Bangladesh,T4,1
Barbados,A1,1
Barbados,A2,2
Barbados,B1/B2,628
Barbados,C1/D,4
Barbados,F1,4
Barbados,G4,1
Barbados,H1B,1
Barbados,H2A,2
Barbados,H2B,4
Barbados,H4,2
Belarus,A2,2
Belarus,B1/B2,664
Belarus,C1/D,22
Belarus,F1,6
Belarus,F2,2
Belarus,G1,2
Belarus,G4,2
Belarus,H1B,6
Belarus,H4,2
Belarus,I,4
Belarus,J1,3
Belarus,K1,7
Belarus,K2,4
Belarus,L1,9
Belarus,L2,13
Belarus,O1,4
Belarus,O3,2
Belarus,P1,7
Belgium,A2,23
Belgium,B1,1
Belgium,B1/B2,269
Belgium,C1/D,132
Belgium,E1,1
Belgium,E2,11
Belgium,F1,29
Belgium,F2,2
Belgium,G2,5
Belgium,G4,18
Belgium,H1B,12
Belgium,H4,1
Belgium,I,14
Belgium,J1,57
Belgium,J2,6
Belgium,K1,4
Belgium,L1,24
Belgium,L2,23
Belgium,M1,9
Belgium,NATO2,43
Belgium,NATO4,1
Belgium,O1,12
Belgium,O2,7
Belgium,O3,1
Belgium,P1,4
Belgium,P3,1
Belgium,P4,2
Belgium,R1,2
Belize,A2,1
Belize,B1/B2,731
Belize,C1,4
Belize,C1/D,1
Belize,C3,11
Belize,F1,6
Belize,F2,1
Belize,G4,1
Belize,H1B,1
Belize,H2B,1
Belize,H4,1
Belize,J1,1
Belize,J2,1
Belize,K1,4
Belize,K2,1
Benin,A2,3
Benin,B1/B2,167
Benin,E2,4
Benin,F1,16
Benin,G2,1
Benin,G4,4
Benin,H1B,1
Benin,H4,3
Benin,J1,2
Benin,K1,3
Bermuda,B1/B2,13
Bermuda,H4,1
Bhutan,B1/B2,29
Bhutan,F1,8
Bhutan,F2,2
Bhutan,G2,6
Bhutan,H1B,1
Bhutan,K1,3
Bolivia,A1,1
Bolivia,A2,9
Bolivia,B1,4
Bolivia,B1/B2,"2,944"
Bolivia,C1,2
Bolivia,C1/D,6
Bolivia,C3,1
Bolivia,F1,40
Bolivia,F2,2
Bolivia,G4,5
Bolivia,H1B,5
Bolivia,J1,28
Bolivia,K1,6
Bolivia,K2,1
Bolivia,L1,2
Bolivia,L2,1
Bolivia,M1,1
Bolivia,O1,1
Bolivia,P1,1
Bosnia-Herzegovina,A2,7
Bosnia-Herzegovina,B1,15
Bosnia-Herzegovina,B1/B2,322
Bosnia-Herzegovina,C1,1
Bosnia-Herzegovina,C1/D,22
Bosnia-Herzegovina,E2,16
Bosnia-Herzegovina,F1,4
Bosnia-Herzegovina,G4,3
Bosnia-Herzegovina,H1B,1
Bosnia-Herzegovina,J1,3
Bosnia-Herzegovina,J2,1
Bosnia-Herzegovina,K1,8
Bosnia-Herzegovina,L1,1
Bosnia-Herzegovina,P3,10
Bosnia-Herzegovina,R1,1
Bosnia-Herzegovina,R2,2
Botswana,A1,2
Botswana,A2,21
Botswana,B1,2
Botswana,B1/B2,77
Botswana,C1/D,2
Botswana,F1,1
Botswana,G2,2
Botswana,J1,3
Botswana,R1,1
Brazil,A1,6
Brazil,A2,158
Brazil,B1,313
Brazil,B1/B2,"75,967"
Brazil,B2,2
Brazil,C1,36
Brazil,C1/D,357
Brazil,C3,5
Brazil,E2,4
Brazil,E3D,1
Brazil,F1,450
Brazil,F2,113
Brazil,G1,11
Brazil,G2,24
Brazil,G4,22
Brazil,G5,1
Brazil,H1B,126
Brazil,H2A,4
Brazil,H2B,29
Brazil,H4,61
Brazil,I,12
Brazil,J1,"1,328"
Brazil,J2,100
Brazil,K1,110
Brazil,K2,22
Brazil,L1,379
Brazil,L2,505
Brazil,M1,13
Brazil,M2,3
Brazil,O1,120
Brazil,O2,32
Brazil,O3,45
Brazil,P1,67
Brazil,P3,2
Brazil,P4,7
Brazil,R1,20
Brazil,R2,20
Brazil,TD,2
British National Overseas (Hong Kong) Passport,B1/B2,216
British National Overseas (Hong Kong) Passport,C1/D,4
British National Overseas (Hong Kong) Passport,F1,1
British National Overseas (Hong Kong) Passport,H1B,4
British National Overseas (Hong Kong) Passport,H4,2
British National Overseas (Hong Kong) Passport,J2,1
British National Overseas (Hong Kong) Passport,K1,1
British National Overseas (Hong Kong) Passport,L1,1
British Virgin Islands,B1/B2,5
British Virgin Islands,C1/D,1
British Virgin Islands,F1,1
Brunei,A1,1
Brunei,A2,19
Brunei,B1/B2,1
Brunei,F1,1
Brunei,G4,1
Brunei,J1,1
Bulgaria,A1,1
Bulgaria,A2,7
Bulgaria,B1,6
Bulgaria,B1/B2,"1,291"
Bulgaria,C1/D,78
Bulgaria,E2,2
Bulgaria,F1,8
Bulgaria,G2,5
Bulgaria,G4,1
Bulgaria,H1B,3
Bulgaria,H2B,2
Bulgaria,I,4
Bulgaria,J1,11
Bulgaria,K1,2
Bulgaria,L1,2
Bulgaria,L2,1
Bulgaria,NATO2,7
Bulgaria,O1,1
Bulgaria,P1,4
Bulgaria,P3,9
Burkina Faso,A2,2
Burkina Faso,B1/B2,223
Burkina Faso,F1,2
Burkina Faso,G2,5
Burkina Faso,G4,6
Burkina Faso,J1,4
Burma,B1,3
Burma,B1/B2,240
Burma,B2,1
Burma,C1,110
Burma,D,218
Burma,F1,291
Burma,F2,6
Burma,G4,2
Burma,H1B,5
Burma,J1,9
Burma,J2,1
Burma,K1,9
Burma,K2,1
Burma,L1,1
Burma,L2,4
Burma,R1,2
Burundi,B1/B2,55
Burundi,C1/D,1
Burundi,F1,4
Burundi,G2,1
Burundi,G4,10
Burundi,K1,3
Cabo Verde,A2,3
Cabo Verde,B1/B2,328
Cabo Verde,C1/D,5
Cabo Verde,C3,1
Cabo Verde,D,1
Cabo Verde,F1,2
Cabo Verde,G2,2
Cabo Verde,K1,10
Cabo Verde,O1,1
Cabo Verde,P3,2
Cambodia,A1,5
Cambodia,A2,14
Cambodia,B1,6
Cambodia,B1/B2,965
Cambodia,C1,4
Cambodia,D,5
Cambodia,F1,58
Cambodia,G1,6
Cambodia,G2,5
Cambodia,G4,3
Cambodia,H1B,3
Cambodia,I,3
Cambodia,J1,6
Cambodia,J2,1
Cambodia,K1,35
Cambodia,K2,2
Cambodia,P3,2
Cameroon,A2,21
Cameroon,B1/B2,690
Cameroon,B2,1
Cameroon,C1/D,8
Cameroon,F1,44
Cameroon,G1,1
Cameroon,G2,4
Cameroon,G4,25
Cameroon,H1B,8
Cameroon,H4,5
Cameroon,J1,18
Cameroon,J2,2
Cameroon,K1,16
Cameroon,K2,2
Cameroon,L1,3
Cameroon,L2,1
Cameroon,M1,1
Cameroon,R1,7
Canada,A1,6
Canada,A2,9
Canada,B1,2
Canada,B1/B2,13
Canada,B2,1
Canada,C1/D,1
Canada,C3,1
Canada,E1,97
Canada,E2,705
Canada,E3D,3
Canada,F1,5
Canada,F2,1
Canada,G1,2
Canada,G4,34
Canada,H1B,7
Canada,H4,11
Canada,J1,7
Canada,J2,3
Canada,K1,44
Canada,K2,4
Canada,L1,5
Canada,L2,14
Canada,NATO2,15
Canada,O1,2
Canada,O2,3
Canada,P1,2
Canada,R1,1
Canada,R2,1
Canada,TD,2
Canada,TN,6
Cayman Islands,B1/B2,120
Cayman Islands,C1/D,1
Cayman Islands,F1,5
Central African Republic,A1,1
Central African Republic,A2,1
Central African Republic,B1/B2,13
Central African Republic,F1,2
Central African Republic,G2,6
Central African Republic,G4,5
Chad,A1,1
Chad,A2,8
Chad,B1/B2,55
Chad,F1,2
Chad,G1,7
Chad,G2,2
Chad,G4,9
Chile,A2,54
Chile,B1,1
Chile,B1/B2,419
Chile,C1/D,36
Chile,C3,13
Chile,E1,1
Chile,E2,9
Chile,F1,40
Chile,F2,16
Chile,G2,3
Chile,G4,7
Chile,H1B,29
Chile,H1B1,100
Chile,H4,93
Chile,I,6
Chile,J1,"1,447"
Chile,J2,3
Chile,K2,1
Chile,L1,24
Chile,L2,33
Chile,O1,2
Chile,O2,1
Chile,O3,5
Chile,P1,5
Chile,P4,2
Chile,R1,1
China - mainland,A1,58
China - mainland,A2,331
China - mainland,B1,451
China - mainland,B1/B2,"45,334"
China - mainland,B2,14
China - mainland,C1,52
China - mainland,C1/D,"1,001"
China - mainland,C3,2
China - mainland,CW1,7
China - mainland,E1,1
China - mainland,E2,13
China - mainland,E3D,4
China - mainland,F1,"1,662"
China - mainland,F2,72
China - mainland,G1,16
China - mainland,G2,46
China - mainland,G4,32
China - mainland,G5,1
China - mainland,H1B,"3,533"
China - mainland,H3,4
China - mainland,H4,424
China - mainland,I,144
China - mainland,J1,749
China - mainland,J2,172
China - mainland,K1,35
China - mainland,K2,4
China - mainland,L1,430
China - mainland,L2,309
China - mainland,M1,12
China - mainland,M2,1
China - mainland,O1,102
China - mainland,O2,4
China - mainland,O3,14
China - mainland,P1,40
China - mainland,P3,18
China - mainland,P4,1
China - mainland,R1,4
China - mainland,R2,6
China - mainland,TD,8
Colombia,A1,2
Colombia,A2,232
Colombia,A3,2
Colombia,B1,19
Colombia,B1/B2,"33,685"
Colombia,C1,31
Colombia,C1/D,159
Colombia,E1,27
Colombia,E2,56
Colombia,F1,231
Colombia,F2,23
Colombia,G1,2
Colombia,G2,10
Colombia,G4,40
Colombia,G5,3
Colombia,H1B,61
Colombia,H2A,6
Colombia,H2B,15
Colombia,H3,4
Colombia,H4,29
Colombia,I,10
Colombia,J1,434
Colombia,J2,44
Colombia,K1,178
Colombia,K2,55
Colombia,L1,58
Colombia,L2,82
Colombia,M1,7
Colombia,O1,22
Colombia,O2,22
Colombia,O3,19
Colombia,P1,69
Colombia,P4,7
Colombia,Q1,1
Colombia,R1,8
Colombia,TD,5
Colombia,U1,1
Colombia,U2,1
Colombia,U3,2
Comoros,A1,1
Comoros,A3,1
Comoros,B1/B2,1
Comoros,G1,1
Comoros,G4,1
"Congo, Democratic Republic of the",A1,2
"Congo, Democratic Republic of the",A2,32
"Congo, Democratic Republic of the",B1,6
"Congo, Democratic Republic of the",B1/B2,"1,280"
"Congo, Democratic Republic of the",B2,1
"Congo, Democratic Republic of the",F1,61
"Congo, Democratic Republic of the",F2,1
"Congo, Democratic Republic of the",G1,3
"Congo, Democratic Republic of the",G2,26
"Congo, Democratic Republic of the",G4,6
"Congo, Democratic Republic of the",J1,5
"Congo, Democratic Republic of the",K1,16
"Congo, Democratic Republic of the",O1,2
"Congo, Democratic Republic of the",O2,2
"Congo, Democratic Republic of the",O3,1
"Congo, Democratic Republic of the",P1,1
"Congo, Democratic Republic of the",P3,10
"Congo, Democratic Republic of the",R1,2
"Congo, Republic of the",A2,22
"Congo, Republic of the",B1/B2,178
"Congo, Republic of the",F1,5
"Congo, Republic of the",G4,5
"Congo, Republic of the",H1B,1
"Congo, Republic of the",J1,1
"Congo, Republic of the",K1,1
Costa Rica,A1,2
Costa Rica,A2,1
Costa Rica,B1,3
Costa Rica,B1/B2,"4,157"
Costa Rica,BBBCC,1
Costa Rica,C1,2
Costa Rica,C1/D,14
Costa Rica,C3,3
Costa Rica,F1,20
Costa Rica,F2,2
Costa Rica,G4,7
Costa Rica,H1B,9
Costa Rica,H2A,12
Costa Rica,H2B,10
Costa Rica,H4,2
Costa Rica,I,1
Costa Rica,J1,409
Costa Rica,J2,2
Costa Rica,K1,8
Costa Rica,K2,1
Costa Rica,L1,25
Costa Rica,L2,26
Costa Rica,M1,1
Costa Rica,O1,2
Costa Rica,O3,1
Costa Rica,P1,1
Costa Rica,P4,1
Costa Rica,R1,1
Cote d'Ivoire,A1,3
Cote d'Ivoire,A2,24
Cote d'Ivoire,B1/B2,490
Cote d'Ivoire,C1,1
Cote d'Ivoire,C1/D,8
Cote d'Ivoire,C2,1
Cote d'Ivoire,E2,1
Cote d'Ivoire,F1,31
Cote d'Ivoire,G1,2
Cote d'Ivoire,G2,11
Cote d'Ivoire,G4,9
Cote d'Ivoire,G5,1
Cote d'Ivoire,J1,3
Cote d'Ivoire,J2,1
Cote d'Ivoire,K1,8
Croatia,A2,5
Croatia,B1,35
Croatia,B1/B2,70
Croatia,C1/D,52
Croatia,F1,4
Croatia,F2,1
Croatia,G2,1
Croatia,G4,4
Croatia,H1B,1
Croatia,J1,12
Croatia,K1,2
Croatia,L1,10
Croatia,L2,2
Croatia,NATO2,4
Croatia,O1,6
Croatia,P1,1
Croatia,R1,1
Cuba,A1,3
Cuba,A2,2
Cuba,B1,114
Cuba,B1/B2,195
Cuba,B2,841
Cuba,BBBCC,1
Cuba,C1/D,2
Cuba,F1,1
Cuba,G1,4
Cuba,G2,3
Cuba,G4,1
Cuba,K1,135
Cuba,K2,45
Cuba,O2,4
Cuba,P1,5
Cuba,P3,3
Cyprus,A2,3
Cyprus,A3,1
Cyprus,B1/B2,299
Cyprus,C1/D,10
Cyprus,F1,2
Cyprus,G4,1
Cyprus,H1B,2
Cyprus,I,1
Cyprus,J1,1
Cyprus,J2,1
Cyprus,M1,1
Cyprus,O1,1
Czech Republic,A1,2
Czech Republic,A2,4
Czech Republic,B1/B2,169
Czech Republic,B2,1
Czech Republic,C1/D,43
Czech Republic,E2,4
Czech Republic,F1,25
Czech Republic,F2,1
Czech Republic,G4,4
Czech Republic,H1B,9
Czech Republic,H2B,1
Czech Republic,H4,3
Czech Republic,J1,47
Czech Republic,J2,3
Czech Republic,K1,3
Czech Republic,L1,9
Czech Republic,L2,7
Czech Republic,NATO2,5
Czech Republic,O1,6
Czech Republic,O2,1
Czech Republic,O3,3
Czech Republic,P1,2
Czech Republic,P3,1
Czech Republic,P4,1
Czech Republic,R1,1
Denmark,A2,33
Denmark,B1,1
Denmark,B1/B2,248
Denmark,C1/D,114
Denmark,E2,40
Denmark,E3D,1
Denmark,F1,10
Denmark,G1,6
Denmark,G2,3
Denmark,G4,11
Denmark,H1B,4
Denmark,H3,5
Denmark,H4,2
Denmark,I,5
Denmark,J1,64
Denmark,J2,7
Denmark,K1,5
Denmark,L1,23
Denmark,L2,20
Denmark,NATO2,5
Denmark,O1,7
Denmark,O2,2
Denmark,O3,4
Denmark,P1,6
Denmark,P2,1
Denmark,R1,1
Djibouti,A2,2
Djibouti,B1,1
Djibouti,B1/B2,7
Djibouti,G2,3
Dominica,A2,3
Dominica,B1/B2,272
Dominica,C1/D,4
Dominica,C3,1
Dominica,F1,5
Dominica,F2,1
Dominica,H1B,1
Dominica,J1,2
Dominica,K1,1
Dominica,O1,1
Dominican Republic,A1,3
Dominican Republic,A2,35
Dominican Republic,B1,25
Dominican Republic,B1/B2,"8,810"
Dominican Republic,C1,2
Dominican Republic,C1/D,59
Dominican Republic,C3,4
Dominican Republic,F1,61
Dominican Republic,G2,8
Dominican Republic,G4,4
Dominican Republic,H1B,15
Dominican Republic,H2A,2
Dominican Republic,H2B,7
Dominican Republic,H4,5
Dominican Republic,I,13
Dominican Republic,J1,30
Dominican Republic,J2,4
Dominican Republic,K1,303
Dominican Republic,K2,46
Dominican Republic,L1,11
Dominican Republic,L2,11
Dominican Republic,M1,6
Dominican Republic,O1,6
Dominican Republic,O3,4
Dominican Republic,P1,102
Dominican Republic,P4,2
Dominican Republic,Q1,2
Dominican Republic,R1,7
Dominican Republic,R2,6
Dominican Republic,T3,2
Dominican Republic,U3,5
Ecuador,A1,3
Ecuador,A2,33
Ecuador,B1,40
Ecuador,B1/B2,"17,219"
Ecuador,C1,2
Ecuador,C1/D,31
Ecuador,E1,1
Ecuador,F1,153
Ecuador,F2,6
Ecuador,G1,13
Ecuador,G2,3
Ecuador,G4,10
Ecuador,H1B,25
Ecuador,H2B,3
Ecuador,H4,10
Ecuador,J1,358
Ecuador,K1,44
Ecuador,K2,10
Ecuador,L1,10
Ecuador,L2,28
Ecuador,M1,3
Ecuador,O1,2
Ecuador,O3,2
Ecuador,P1,4
Ecuador,P4,1
Ecuador,R1,1
Ecuador,U3,2
Egypt,A1,6
Egypt,A2,100
Egypt,B1,5
Egypt,B1/B2,"4,359"
Egypt,B2,1
Egypt,C1/D,105
Egypt,C2,1
Egypt,E2,1
Egypt,F1,70
Egypt,F2,9
Egypt,G2,3
Egypt,G3,1
Egypt,G4,17
Egypt,H1B,23
Egypt,H4,6
Egypt,I,1
Egypt,J1,36
Egypt,J2,25
Egypt,K1,35
Egypt,K2,2
Egypt,L1,12
Egypt,L2,13
Egypt,M1,2
Egypt,O1,4
Egypt,O3,2
Egypt,R1,2
Egypt,R2,1
Egypt,TD,1
El Salvador,A1,2
El Salvador,A2,28
El Salvador,B1,12
El Salvador,B1/B2,"3,585"
El Salvador,BBBCC,1
El Salvador,C1,9
El Salvador,C1/D,45
El Salvador,C3,2
El Salvador,E3D,1
El Salvador,F1,22
El Salvador,G2,8
El Salvador,G4,4
El Salvador,H1B,9
El Salvador,H2A,60
El Salvador,H2B,94
El Salvador,I,2
El Salvador,J1,13
El Salvador,J2,4
El Salvador,K1,8
El Salvador,K2,2
El Salvador,L1,7
El Salvador,L2,8
El Salvador,O1,1
El Salvador,P1,4
El Salvador,U2,1
El Salvador,U3,16
Equatorial Guinea,A1,1
Equatorial Guinea,A2,3
Equatorial Guinea,A3,1
Equatorial Guinea,B1/B2,90
Equatorial Guinea,F1,16
Equatorial Guinea,G2,2
Eritrea,B1,1
Eritrea,B1/B2,77
Eritrea,F1,11
Eritrea,K1,6
Estonia,A2,12
Estonia,B1/B2,25
Estonia,C1/D,7
Estonia,F1,4
Estonia,G2,1
Estonia,H1B,1
Estonia,J1,10
Estonia,K1,1
Estonia,L1,2
Estonia,L2,3
Estonia,NATO2,8
Estonia,O1,1
Estonia,P1,1
Eswatini,A2,1
Eswatini,B1/B2,43
Eswatini,F1,2
Eswatini,G2,1
Eswatini,J1,2
Eswatini,J2,3
Ethiopia,A1,23
Ethiopia,A2,10
Ethiopia,A3,1
Ethiopia,B1,6
Ethiopia,B1/B2,"1,827"
Ethiopia,B2,1
Ethiopia,C1,6
Ethiopia,C1/D,135
Ethiopia,D,2
Ethiopia,F1,81
Ethiopia,F2,3
Ethiopia,G1,5
Ethiopia,G2,7
Ethiopia,G4,27
Ethiopia,H1B,10
Ethiopia,H4,3
Ethiopia,J1,10
Ethiopia,J2,4
Ethiopia,K1,30
Ethiopia,L1,1
Ethiopia,L2,1
Ethiopia,P1,2
Ethiopia,R1,3
Fiji,A2,5
Fiji,B1/B2,211
Fiji,C1,15
Fiji,C1/D,26
Fiji,C3,1
Fiji,F1,2
Fiji,G1,3
Fiji,G2,1
Fiji,G4,6
Fiji,I,1
Fiji,J1,5
Fiji,K1,3
Fiji,M1,1
Fiji,P1,1
Fiji,R1,1
Fiji,R2,4
Finland,A1,1
Finland,A2,32
Finland,B1,3
Finland,B1/B2,48
Finland,B2,1
Finland,C1/D,67
Finland,E2,2
Finland,F1,12
Finland,F2,3
Finland,G1,1
Finland,G2,2
Finland,G4,4
Finland,H1B,3
Finland,H4,2
Finland,I,10
Finland,J1,50
Finland,J2,1
Finland,K1,1
Finland,L1,23
Finland,L2,8
Finland,O1,5
Finland,O2,2
Finland,P1,2
Finland,P2,1
Finland,R1,1
France,A1,1
France,A2,72
France,A3,1
France,B1,8
France,B1/B2,641
France,BBBCC,1
France,C1,1
France,C1/D,362
France,C3,3
France,E1,24
France,E2,319
France,E3D,1
France,F1,446
France,F2,10
France,G1,3
France,G2,14
France,G4,42
France,H1B,61
France,H2B,3
France,H3,1
France,H4,18
France,I,40
France,J1,763
France,J2,29
France,K1,10
France,L1,199
France,L2,177
France,M1,8
France,NATO2,21
France,NATO4,1
France,NATO6,3
France,O1,62
France,O2,43
France,O3,12
France,P1,31
France,P3,1
France,Q1,8
France,R1,6
France,R2,1
France,TD,1
Gabon,A2,8
Gabon,B1,3
Gabon,B1/B2,83
Gabon,F1,5
Gabon,G1,3
Gabon,G2,1
Gabon,G4,1
Gabon,J1,10
Gabon,K1,1
Gabon,L1,1
Gabon,P1,1
"Gambia, The",A2,2
"Gambia, The",B1/B2,109
"Gambia, The",B2,1
"Gambia, The",C1,16
"Gambia, The",C1/D,1
"Gambia, The",F1,23
"Gambia, The",F2,2
"Gambia, The",G4,5
"Gambia, The",H1B,1
"Gambia, The",J1,1
"Gambia, The",K1,1
Georgia,A1,7
Georgia,A2,43
Georgia,B1,1
Georgia,B1/B2,692
Georgia,C1/D,123
Georgia,F1,12
Georgia,F2,2
Georgia,G1,2
Georgia,G2,3
Georgia,G4,1
Georgia,H1B,5
Georgia,H4,1
Georgia,I,1
Georgia,J1,13
Georgia,J2,1
Georgia,K1,6
Georgia,K2,1
Germany,A1,6
Germany,A2,72
Germany,B1,4
Germany,B1/B2,"2,008"
Germany,C1/D,618
Germany,E1,27
Germany,E2,255
Germany,E3D,3
Germany,F1,287
Germany,F2,6
Germany,G1,2
Germany,G2,11
Germany,G3,2
Germany,G4,32
Germany,H1B,59
Germany,H2B,1
Germany,H3,1
Germany,H4,11
Germany,I,61
Germany,J1,655
Germany,J2,41
Germany,K1,28
Germany,K2,1
Germany,L1,217
Germany,L2,128
Germany,M1,10
Germany,NATO1,1
Germany,NATO2,22
Germany,NATO4,1
Germany,NATO5,4
Germany,NATO6,19
Germany,O1,46
Germany,O2,5
Germany,O3,5
Germany,P1,39
Germany,P3,2
Germany,Q1,8
Germany,R1,5
Ghana,A1,6
Ghana,A2,120
Ghana,B1/B2,"2,134"
Ghana,C1,2
Ghana,C1/D,70
Ghana,C2,1
Ghana,F1,219
Ghana,F2,35
Ghana,G1,5
Ghana,G2,1
Ghana,G4,29
Ghana,H1B,36
Ghana,H4,30
Ghana,I,10
Ghana,J1,17
Ghana,J2,9
Ghana,K1,15
Ghana,K2,6
Ghana,L1,5
Ghana,L2,3
Ghana,M1,1
Ghana,O1,1
Ghana,R1,6
Gibraltar,B1/B2,1
Gibraltar,J1,1
Great Britain and Northern Ireland,A1,12
Great Britain and Northern Ireland,A2,357
Great Britain and Northern Ireland,B1,112
Great Britain and Northern Ireland,B1/B2,"2,157"
Great Britain and Northern Ireland,B2,3
Great Britain and Northern Ireland,C1,1
Great Britain and Northern Ireland,C1/D,735
Great Britain and Northern Ireland,C3,2
Great Britain and Northern Ireland,E1,17
Great Britain and Northern Ireland,E2,223
Great Britain and Northern Ireland,E3D,7
Great Britain and Northern Ireland,F1,126
Great Britain and Northern Ireland,F2,14
Great Britain and Northern Ireland,G2,19
Great Britain and Northern Ireland,G4,38
Great Britain and Northern Ireland,H1B,114
Great Britain and Northern Ireland,H2B,9
Great Britain and Northern Ireland,H3,1
Great Britain and Northern Ireland,H4,44
Great Britain and Northern Ireland,I,108
Great Britain and Northern Ireland,J1,224
Great Britain and Northern Ireland,J2,22
Great Britain and Northern Ireland,K1,77
Great Britain and Northern Ireland,K2,2
Great Britain and Northern Ireland,L1,275
Great Britain and Northern Ireland,L2,230
Great Britain and Northern Ireland,M1,9
Great Britain and Northern Ireland,NATO2,26
Great Britain and Northern Ireland,NATO4,1
Great Britain and Northern Ireland,NATO5,3
Great Britain and Northern Ireland,NATO6,6
Great Britain and Northern Ireland,O1,193
Great Britain and Northern Ireland,O2,133
Great Britain and Northern Ireland,O3,40
Great Britain and Northern Ireland,P1,113
Great Britain and Northern Ireland,P2,1
Great Britain and Northern Ireland,P3,5
Great Britain and Northern Ireland,P4,3
Great Britain and Northern Ireland,Q1,16
Great Britain and Northern Ireland,R1,8
Great Britain and Northern Ireland,R2,6
Great Britain and Northern Ireland,TD,1
Greece,A1,2
Greece,A2,11
Greece,B1/B2,184
Greece,C1/D,197
Greece,F1,14
Greece,G1,1
Greece,G3,1
Greece,G4,3
Greece,H1B,14
Greece,H3,1
Greece,H4,1
Greece,J1,35
Greece,J2,3
Greece,K1,3
Greece,L1,5
Greece,L2,1
Greece,NATO2,11
Greece,NATO4,1
Greece,NATO5,5
Greece,O1,6
Greece,O2,2
Greece,O3,2
Greece,P1,4
Greece,P3,2
Greece,R1,1
Greece,R2,2
Grenada,A2,4
Grenada,B1/B2,288
Grenada,C1/D,7
Grenada,C3,1
Grenada,E2,1
Grenada,F1,6
Grenada,G2,1
Grenada,H1B,1
Grenada,J1,1
Grenada,K1,1
Grenada,L1,1
Grenada,O1,1
Grenada,P1,1
Guatemala,A1,2
Guatemala,A2,10
Guatemala,A3,2
Guatemala,B1,16
Guatemala,B1/B2,"6,881"
Guatemala,C1,29
Guatemala,C1/D,5
Guatemala,C3,4
Guatemala,F1,34
Guatemala,F2,4
Guatemala,G4,5
Guatemala,H1B,9
Guatemala,H2A,52
Guatemala,H2B,483
Guatemala,I,1
Guatemala,J1,19
Guatemala,J2,5
Guatemala,K1,31
Guatemala,K2,10
Guatemala,L1,5
Guatemala,L2,5
Guatemala,M1,1
Guatemala,O2,1
Guatemala,P1,6
Guatemala,R1,5
Guatemala,T4,1
Guatemala,U2,1
Guatemala,U3,18
Guinea,A2,1
Guinea,B1,3
Guinea,B1/B2,161
Guinea,F1,4
Guinea,G1,1
Guinea,G2,4
Guinea,G4,2
Guinea,I,1
Guinea,P1,1
Guinea-Bissau,A2,1
Guinea-Bissau,B1/B2,4
Guinea-Bissau,G4,1
Guinea-Bissau,J1,1
Guyana,A2,4
Guyana,B1,1
Guyana,B1/B2,"2,007"
Guyana,B2,3
Guyana,C1,2
Guyana,C1/D,7
Guyana,C3,12
Guyana,F1,12
Guyana,F2,4
Guyana,G2,1
Guyana,G4,4
Guyana,H1B,1
Guyana,J1,1
Guyana,K1,10
Guyana,K2,2
Guyana,L1,1
Guyana,L2,2
Guyana,M1,1
Guyana,R1,2
Guyana,R2,2
Haiti,A1,3
Haiti,A2,6
Haiti,B1,1
Haiti,B1/B2,523
Haiti,C1,11
Haiti,C1/D,4
Haiti,C3,5
Haiti,F1,6
Haiti,G2,1
Haiti,G4,10
Haiti,H1B,1
Haiti,I,1
Haiti,J1,2
Haiti,K1,28
Haiti,K2,6
Haiti,L1,1
Haiti,L2,3
Haiti,O2,1
Haiti,P3,7
Haiti,R1,1
Honduras,A1,1
Honduras,A2,180
Honduras,B1,5
Honduras,B1/B2,"5,240"
Honduras,B2,15
Honduras,C1,17
Honduras,C1/D,96
Honduras,C3,3
Honduras,E1,1
Honduras,E2,7
Honduras,F1,72
Honduras,F2,2
Honduras,G1,3
Honduras,G4,9
Honduras,H1B,13
Honduras,H2A,37
Honduras,H2B,300
Honduras,H4,7
Honduras,I,4
Honduras,J1,43
Honduras,J2,3
Honduras,K1,23
Honduras,K2,3
Honduras,L1,5
Honduras,L2,1
Honduras,M1,1
Honduras,O1,1
Honduras,P1,10
Honduras,R1,5
Honduras,R2,2
Honduras,T3,3
Honduras,T4,1
Honduras,U3,13
Honduras,U5,1
Hong Kong S.A.R.,B1,19
Hong Kong S.A.R.,B1/B2,"3,704"
Hong Kong S.A.R.,C1,1
Hong Kong S.A.R.,C1/D,83
Hong Kong S.A.R.,E3D,2
Hong Kong S.A.R.,F1,60
Hong Kong S.A.R.,F2,1
Hong Kong S.A.R.,H1B,37
Hong Kong S.A.R.,H4,1
Hong Kong S.A.R.,I,4
Hong Kong S.A.R.,J1,44
Hong Kong S.A.R.,J2,3
Hong Kong S.A.R.,K1,2
Hong Kong S.A.R.,L1,12
Hong Kong S.A.R.,L2,8
Hong Kong S.A.R.,M1,25
Hong Kong S.A.R.,O1,5
Hong Kong S.A.R.,O2,63
Hong Kong S.A.R.,P1,2
Hong Kong S.A.R.,P3,1
Hungary,A2,10
Hungary,B1,5
Hungary,B1/B2,281
Hungary,C1,1
Hungary,C1/D,51
Hungary,F1,16
Hungary,F2,4
Hungary,G1,5
Hungary,G3,1
Hungary,G4,2
Hungary,H1B,13
Hungary,H2B,13
Hungary,H4,4
Hungary,I,1
Hungary,J1,47
Hungary,J2,7
Hungary,K1,5
Hungary,L1,11
Hungary,L2,8
Hungary,M1,2
Hungary,NATO2,6
Hungary,O1,4
Hungary,P1,13
Hungary,P4,1
Iceland,A2,3
Iceland,B1/B2,62
Iceland,C1/D,39
Iceland,F1,4
Iceland,G1,5
Iceland,H1B,1
Iceland,H4,1
Iceland,J1,3
Iceland,J2,1
Iceland,K1,1
Iceland,L1,1
Iceland,NATO2,3
Iceland,O1,1
Iceland,O2,1
India,A1,9
India,A2,106
India,A3,13
India,B1,26
India,B1/B2,"78,469"
India,B2,1
India,C1,209
India,C1/D,"4,472"
India,C3,14
India,E1,1
India,E2,5
India,E3D,13
India,F1,"5,681"
India,F2,277
India,G1,3
India,G2,6
India,G4,64
India,G5,1
India,H1B,"19,007"
India,H3,1
India,H4,"9,044"
India,I,10
India,J1,959
India,J2,238
India,K1,121
India,K2,6
India,L1,"1,322"
India,L2,"1,339"
India,M1,79
India,M2,2
India,O1,136
India,O2,42
India,O3,37
India,P3,42
India,P4,2
India,R1,59
India,R2,34
India,TD,7
India,U1,1
India,U2,2
India,U3,2
Indonesia,A1,21
Indonesia,A2,444
Indonesia,B1,39
Indonesia,B1/B2,"4,414"
Indonesia,C1,13
Indonesia,C1/D,"1,273"
Indonesia,E3D,1
Indonesia,F1,71
Indonesia,F2,8
Indonesia,G1,14
Indonesia,G2,17
Indonesia,G4,18
Indonesia,G5,1
Indonesia,H1B,44
Indonesia,H4,1
Indonesia,I,1
Indonesia,J1,195
Indonesia,J2,7
Indonesia,K1,38
Indonesia,K2,5
Indonesia,L1,14
Indonesia,L2,3
Indonesia,M1,3
Indonesia,O1,6
Indonesia,O2,3
Indonesia,O3,2
Indonesia,P1,8
Indonesia,P4,1
Indonesia,R1,1
Iran,B1,3
Iran,B1/B2,779
Iran,C1/D,1
Iran,F1,145
Iran,F2,38
Iran,G1,2
Iran,G2,13
Iran,G4,10
Iran,H1B,3
Iran,H4,5
Iran,I,2
Iran,J1,19
Iran,J2,9
Iran,K1,17
Iran,L1,2
Iran,O1,2
Iran,TD,1
Iraq,A1,1
Iraq,A2,20
Iraq,B1,2
Iraq,B1/B2,268
Iraq,C1/D,1
Iraq,F1,10
Iraq,F2,4
Iraq,G2,2
Iraq,G4,5
Iraq,I,2
Iraq,J1,10
Iraq,J2,3
Iraq,K1,30
Iraq,L1,1
Iraq,M1,2
Iraq,O3,1
Iraq,P3,2
Ireland,A1,1
Ireland,A2,14
Ireland,B1,4
Ireland,B1/B2,220
Ireland,C1/D,79
Ireland,E1,1
Ireland,E2,11
Ireland,F1,24
Ireland,F2,1
Ireland,G2,2
Ireland,G4,8
Ireland,H1B,19
Ireland,H2A,1
Ireland,H2B,4
Ireland,H3,2
Ireland,I,4
Ireland,J1,162
Ireland,J2,3
Ireland,K1,7
Ireland,L1,54
Ireland,L2,16
Ireland,O1,12
Ireland,O2,10
Ireland,P1,21
Ireland,P3,7
Ireland,Q1,1
Ireland,R1,3
Israel,A1,4
Israel,A2,96
Israel,B1/B2,"1,698"
Israel,B2,17
Israel,C1,1
Israel,C1/D,36
Israel,D,1
Israel,E1,4
Israel,E2,15
Israel,F1,30
Israel,F2,2
Israel,G1,3
Israel,G4,3
Israel,H1B,12
Israel,H4,16
Israel,I,3
Israel,J1,33
Israel,J2,12
Israel,L1,52
Israel,L2,95
Israel,M1,1
Israel,O1,16
Israel,O2,4
Israel,O3,18
Israel,P1,2
Israel,R2,5
Italy,A1,4
Italy,A2,48
Italy,B1,7
Italy,B1/B2,"1,099"
Italy,B2,2
Italy,C1/D,249
Italy,C2,1
Italy,C3,1
Italy,E1,16
Italy,E2,93
Italy,F1,257
Italy,F2,7
Italy,G1,5
Italy,G2,6
Italy,G3,2
Italy,G4,37
Italy,H1B,46
Italy,H2A,1
Italy,H2B,3
Italy,H3,1
Italy,H4,7
Italy,I,7
Italy,J1,595
Italy,J2,5
Italy,K1,13
Italy,L1,99
Italy,L2,43
Italy,M1,11
Italy,NATO2,52
Italy,NATO4,2
Italy,O1,47
Italy,O2,17
Italy,O3,14
Italy,P1,35
Italy,Q1,19
Italy,R1,5
Italy,R2,1
Jamaica,A1,1
Jamaica,A2,12
Jamaica,B1,30
Jamaica,B1/B2,"7,655"
Jamaica,B2,1
Jamaica,C1,14
Jamaica,C1/D,165
Jamaica,C3,12
Jamaica,E2,2
Jamaica,F1,82
Jamaica,F2,3
Jamaica,G2,2
Jamaica,G4,6
Jamaica,H1B,40
Jamaica,H2A,8
Jamaica,H2B,354
Jamaica,H4,54
Jamaica,I,1
Jamaica,J1,47
Jamaica,J2,161
Jamaica,K1,43
Jamaica,K2,15
Jamaica,L1,3
Jamaica,L2,1
Jamaica,M1,2
Jamaica,O1,1
Jamaica,O2,22
Jamaica,P1,14
Jamaica,P3,1
Jamaica,P4,1
Jamaica,T3,2
Jamaica,TD,2
Japan,A1,14
Japan,A2,216
Japan,B1,21
Japan,B1/B2,449
Japan,C1,4
Japan,C1/D,419
Japan,C3,22
Japan,CW1,2
Japan,CW2,1
Japan,E1,106
Japan,E2,"1,145"
Japan,F1,359
Japan,F2,20
Japan,G1,8
Japan,G2,7
Japan,G4,33
Japan,H1B,54
Japan,H3,1
Japan,H4,20
Japan,I,86
Japan,J1,240
Japan,J2,106
Japan,K1,34
Japan,L1,184
Japan,L2,242
Japan,M1,7
Japan,O1,34
Japan,O2,20
Japan,O3,7
Japan,P1,59
Japan,P3,18
Japan,P4,6
Japan,Q1,15
Japan,R1,3
Japan,R2,1
Jordan,A1,4
Jordan,A2,124
Jordan,A3,1
Jordan,B1,3
Jordan,B1/B2,"2,508"
Jordan,C1/D,40
Jordan,E2,7
Jordan,F1,45
Jordan,F2,16
Jordan,G1,1
Jordan,G2,4
Jordan,G4,8
Jordan,H1B,12
Jordan,H4,9
Jordan,J1,23
Jordan,J2,17
Jordan,K1,17
Jordan,K2,1
Jordan,L1,5
Jordan,L2,6
Jordan,O1,3
Jordan,O3,3
Jordan,P3,1
Kazakhstan,A2,8
Kazakhstan,B1,3
Kazakhstan,B1/B2,"1,880"
Kazakhstan,C1,2
Kazakhstan,C1/D,1
Kazakhstan,D,13
Kazakhstan,E2,9
Kazakhstan,F1,74
Kazakhstan,F2,24
Kazakhstan,G1,5
Kazakhstan,G2,15
Kazakhstan,G4,12
Kazakhstan,H1B,8
Kazakhstan,H4,2
Kazakhstan,I,2
Kazakhstan,J1,24
Kazakhstan,J2,7
Kazakhstan,K1,8
Kazakhstan,K2,3
Kazakhstan,L1,6
Kazakhstan,L2,10
Kazakhstan,O1,1
Kazakhstan,P1,11
Kazakhstan,P4,2
Kenya,A2,41
Kenya,B1,34
Kenya,B1/B2,"1,016"
Kenya,B2,10
Kenya,C1/D,150
Kenya,F1,79
Kenya,F2,3
Kenya,G1,3
Kenya,G2,22
Kenya,G4,66
Kenya,H1B,22
Kenya,H4,21
Kenya,J1,20
Kenya,J2,6
Kenya,K1,15
Kenya,K2,4
Kenya,L1,2
Kenya,M1,1
Kenya,O1,1
Kenya,P1,1
Kenya,R1,8
Kiribati,A2,6
Kiribati,C3,2
Kiribati,F1,1
Kiribati,G2,12
"Korea, South",A1,9
"Korea, South",A2,296
"Korea, South",B1,1
"Korea, South",B1/B2,"1,009"
"Korea, South",BBBCC,1
"Korea, South",C1,7
"Korea, South",C1/D,359
"Korea, South",C3,3
"Korea, South",CW1,15
"Korea, South",CW2,5
"Korea, South",E1,9
"Korea, South",E2,508
"Korea, South",E2C,1
"Korea, South",F1,585
"Korea, South",F2,104
"Korea, South",G2,1
"Korea, South",G4,11
"Korea, South",H1B,179
"Korea, South",H4,41
"Korea, South",I,19
"Korea, South",J1,724
"Korea, South",J2,287
"Korea, South",K1,18
"Korea, South",L1,153
"Korea, South",L2,165
"Korea, South",M1,33
"Korea, South",O1,52
"Korea, South",O2,42
"Korea, South",O3,6
"Korea, South",P1,49
"Korea, South",P3,3
"Korea, South",R1,20
"Korea, South",R2,14
"Korea, South",TD,4
Kosovo,A1,1
Kosovo,A2,17
Kosovo,B1/B2,690
Kosovo,C1/D,3
Kosovo,F1,5
Kosovo,I,1
Kosovo,J1,2
Kosovo,J2,1
Kosovo,K1,14
Kosovo,P3,4
Kuwait,A1,14
Kuwait,A2,38
Kuwait,B1/B2,729
Kuwait,C1/D,13
Kuwait,F1,84
Kuwait,F2,9
Kuwait,G1,1
Kuwait,G2,3
Kuwait,H1B,1
Kuwait,J1,5
Kyrgyzstan,A1,8
Kyrgyzstan,A2,10
Kyrgyzstan,B1,1
Kyrgyzstan,B1/B2,501
Kyrgyzstan,C1,17
Kyrgyzstan,D,18
Kyrgyzstan,F1,39
Kyrgyzstan,F2,8
Kyrgyzstan,G4,1
Kyrgyzstan,H1B,3
Kyrgyzstan,H4,1
Kyrgyzstan,I,4
Kyrgyzstan,J1,4
Kyrgyzstan,K1,4
Kyrgyzstan,K2,1
Kyrgyzstan,L1,1
Kyrgyzstan,O1,1
Laos,A2,6
Laos,B1/B2,75
Laos,F1,5
Laos,F2,1
Laos,G2,2
Laos,G5,1
Laos,K1,10
Latvia,A2,7
Latvia,B1/B2,44
Latvia,C1/D,65
Latvia,E2,2
Latvia,F1,3
Latvia,G2,3
Latvia,H1B,2
Latvia,J1,1
Latvia,K1,3
Latvia,L1,1
Latvia,NATO2,1
Latvia,O1,1
Latvia,O3,1
Lebanon,A2,5
Lebanon,A3,1
Lebanon,B1/B2,815
Lebanon,B2,2
Lebanon,C1/D,20
Lebanon,F1,12
Lebanon,F2,1
Lebanon,G2,2
Lebanon,G4,12
Lebanon,H1B,12
Lebanon,H4,7
Lebanon,I,1
Lebanon,J1,23
Lebanon,J2,1
Lebanon,K1,71
Lebanon,K2,1
Lebanon,L1,4
Lebanon,L2,5
Lebanon,O1,4
Lebanon,O3,1
Lebanon,R1,1
Lebanon,TD,1
Lesotho,A2,1
Lesotho,B1/B2,9
Lesotho,C1/D,1
Lesotho,F1,1
Lesotho,G2,4
Lesotho,G4,4
Lesotho,J1,2
Liberia,A1,4
Liberia,A2,3
Liberia,B1/B2,106
Liberia,F1,6
Liberia,J1,3
Liberia,K1,27
Liberia,K2,11
Libya,A1,6
Libya,A2,11
Libya,B1/B2,127
Libya,D,1
Libya,F1,4
Libya,G1,2
Libya,G2,12
Libya,G4,3
Libya,H1B,4
Libya,H4,1
Libya,J1,3
Libya,K1,1
Libya,L1,1
Libya,O1,1
Libya,O2,1
Liechtenstein,B1/B2,1
Liechtenstein,G1,1
Liechtenstein,J1,1
Liechtenstein,L2,1
Lithuania,A1,4
Lithuania,A2,13
Lithuania,B1,7
Lithuania,B1/B2,41
Lithuania,C1/D,23
Lithuania,E2,4
Lithuania,E3D,1
Lithuania,F1,3
Lithuania,G2,5
Lithuania,H1B,2
Lithuania,H4,1
Lithuania,J1,16
Lithuania,J2,2
Lithuania,L1,6
Lithuania,L2,5
Lithuania,NATO2,30
Lithuania,NATO4,1
Lithuania,O1,3
Lithuania,O3,1
Lithuania,P1,8
Luxembourg,A2,1
Luxembourg,B1/B2,20
Luxembourg,C1/D,4
Luxembourg,E2,3
Luxembourg,E3D,1
Luxembourg,F1,3
Luxembourg,G3,1
Luxembourg,G4,2
Luxembourg,H1B,2
Luxembourg,J1,1
Macau S.A.R.,B1/B2,180
Macau S.A.R.,F1,3
Macau S.A.R.,H1B,4
Macau S.A.R.,J1,1
Macau S.A.R.,R1,1
Madagascar,A2,3
Madagascar,B1/B2,118
Madagascar,C1,37
Madagascar,C1/D,1
Madagascar,D,10
Madagascar,F1,12
Madagascar,F2,1
Madagascar,G2,9
Madagascar,G4,13
Madagascar,H1B,1
Madagascar,J1,8
Madagascar,K1,2
Madagascar,O2,2
Madagascar,P1,4
Madagascar,R1,1
Madagascar,R2,2
Malawi,A2,3
Malawi,B1/B2,131
Malawi,C1,3
Malawi,C1/D,1
Malawi,C3,3
Malawi,F1,45
Malawi,F2,10
Malawi,G1,2
Malawi,G2,17
Malawi,G4,6
Malawi,H1B,1
Malawi,H4,1
Malawi,J1,7
Malawi,K1,2
Malaysia,A1,13
Malaysia,A2,84
Malaysia,B1,111
Malaysia,B1/B2,"2,144"
Malaysia,B2,4
Malaysia,C1,2
Malaysia,C1/D,243
Malaysia,C2,1
Malaysia,E3D,1
Malaysia,F1,68
Malaysia,F2,1
Malaysia,G1,4
Malaysia,G2,2
Malaysia,G4,3
Malaysia,H1B,55
Malaysia,H3,4
Malaysia,H4,6
Malaysia,J1,73
Malaysia,J2,1
Malaysia,K1,8
Malaysia,K2,1
Malaysia,L1,32
Malaysia,L2,21
Malaysia,O1,3
Malaysia,O3,1
Malaysia,R1,2
Maldives,A2,11
Maldives,B1/B2,8
Maldives,F1,1
Maldives,G2,4
Maldives,M1,22
Mali,A1,1
Mali,A2,2
Mali,B1/B2,192
Mali,F1,2
Mali,G2,9
Mali,G4,5
Mali,J1,3
Mali,J2,3
Mali,K1,2
Mali,K2,1
Malta,A2,7
Malta,B1/B2,14
Malta,C1/D,2
Malta,F1,1
Malta,K1,1
Marshall Islands,A1,2
Marshall Islands,B1/B2,1
Marshall Islands,G4,1
Mauritania,A1,4
Mauritania,A2,10
Mauritania,B1/B2,38
Mauritania,F2,1
Mauritania,G1,1
Mauritania,G2,1
Mauritania,G4,1
Mauritania,K1,1
Mauritius,A2,6
Mauritius,B1/B2,141
Mauritius,BBBCC,1
Mauritius,C1,1
Mauritius,C1/D,109
Mauritius,D,1
Mauritius,F1,1
Mauritius,G2,3
Mauritius,H1B,2
Mauritius,J1,3
Mauritius,O2,1
Mexico,A1,33
Mexico,A2,140
Mexico,B1,274
Mexico,B1/B2,"1,406"
Mexico,B2,3
Mexico,BBBCC,"152,276"
Mexico,BBBCV,"3,925"
Mexico,C1,16
Mexico,C1/D,265
Mexico,C2,1
Mexico,E1,35
Mexico,E2,106
Mexico,F1,268
Mexico,F2,29
Mexico,G1,5
Mexico,G4,30
Mexico,G5,1
Mexico,H1B,162
Mexico,H2A,"14,724"
Mexico,H2B,"3,568"
Mexico,H3,31
Mexico,H4,184
Mexico,I,42
Mexico,J1,319
Mexico,J2,22
Mexico,K1,338
Mexico,K2,68
Mexico,L1,222
Mexico,L2,229
Mexico,M1,25
Mexico,O1,63
Mexico,O2,72
Mexico,O3,22
Mexico,P1,469
Mexico,P3,75
Mexico,P4,29
Mexico,Q1,7
Mexico,R1,31
Mexico,R2,6
Mexico,T3,8
Mexico,TD,974
Mexico,TN,"1,599"
Mexico,U1,8
Mexico,U2,4
Mexico,U3,26
Mexico,U4,1
"Micronesia, Federated States of",A1,1
"Micronesia, Federated States of",G1,1
"Micronesia, Federated States of",G4,1
Moldova,A1,1
Moldova,A2,14
Moldova,B1,1
Moldova,B1/B2,257
Moldova,C1/D,10
Moldova,F1,1
Moldova,G2,1
Moldova,G4,5
Moldova,H4,1
Moldova,J1,1
Moldova,K1,3
Moldova,L1,1
Moldova,P1,2
Moldova,P3,18
Monaco,B1/B2,1
Monaco,C1/D,1
Mongolia,A2,31
Mongolia,B1/B2,"1,003"
Mongolia,B2,1
Mongolia,C1/D,2
Mongolia,E2,1
Mongolia,E3D,2
Mongolia,F1,26
Mongolia,F2,8
Mongolia,G2,18
Mongolia,G4,11
Mongolia,H1B,2
Mongolia,H4,1
Mongolia,J1,17
Mongolia,J2,1
Mongolia,K1,2
Mongolia,L1,2
Mongolia,L2,9
Mongolia,O3,3
Mongolia,P1,7
Mongolia,R1,1
Montenegro,A1,1
Montenegro,A2,8
Montenegro,B1,1
Montenegro,B1/B2,393
Montenegro,C1,1
Montenegro,C1/D,130
Montenegro,F1,4
Montenegro,G4,6
Montenegro,J1,3
Montenegro,K1,2
Montenegro,O1,1
Montserrat,F1,1
Morocco,A1,3
Morocco,A2,35
Morocco,A3,4
Morocco,B1,2
Morocco,B1/B2,"2,510"
Morocco,C1,1
Morocco,C1/D,96
Morocco,E2,1
Morocco,F1,70
Morocco,F2,2
Morocco,G2,15
Morocco,G4,7
Morocco,H1B,4
Morocco,H4,2
Morocco,J1,40
Morocco,J2,7
Morocco,K1,19
Morocco,L1,2
Morocco,L2,2
Morocco,P1,4
Mozambique,A1,1
Mozambique,A2,5
Mozambique,B1,1
Mozambique,B1/B2,116
Mozambique,C1/D,2
Mozambique,F1,5
Mozambique,G1,11
Mozambique,G2,9
Mozambique,G4,5
Mozambique,H1B,1
Mozambique,J1,2
Mozambique,K1,1
Namibia,A2,4
Namibia,B1,1
Namibia,B1/B2,133
Namibia,C1/D,8
Namibia,F1,1
Namibia,G1,2
Namibia,G2,3
Namibia,G4,1
Namibia,H1B,1
Namibia,J1,3
Nauru,B2,3
Nauru,C1/D,3
Nauru,G2,2
Nepal,A2,12
Nepal,A3,3
Nepal,B1,2
Nepal,B1/B2,"1,779"
Nepal,C1,20
Nepal,C1/D,76
Nepal,F1,784
Nepal,F2,28
Nepal,G1,1
Nepal,G2,5
Nepal,G4,26
Nepal,G5,1
Nepal,H1B,150
Nepal,H4,16
Nepal,J1,59
Nepal,J2,9
Nepal,K1,44
Nepal,K2,1
Nepal,L1,5
Nepal,L2,7
Nepal,M1,3
Nepal,P1,5
Nepal,P3,3
Nepal,R1,1
Nepal,R2,3
Netherlands,A1,1
Netherlands,A2,32
Netherlands,B1,50
Netherlands,B1/B2,550
Netherlands,C1/D,148
Netherlands,C3,2
Netherlands,E1,1
Netherlands,E2,19
Netherlands,F1,70
Netherlands,F2,1
Netherlands,G1,1
Netherlands,G3,1
Netherlands,G4,3
Netherlands,H1B,18
Netherlands,H2A,1
Netherlands,H2B,1
Netherlands,H4,3
Netherlands,I,8
Netherlands,J1,86
Netherlands,J2,3
Netherlands,K1,17
Netherlands,L1,98
Netherlands,L2,49
Netherlands,M1,3
Netherlands,NATO2,3
Netherlands,NATO6,35
Netherlands,O1,25
Netherlands,O2,8
Netherlands,O3,3
Netherlands,P1,9
Netherlands,P3,1
New Zealand,A1,1
New Zealand,A2,49
New Zealand,B1,2
New Zealand,B1/B2,223
New Zealand,C1,1
New Zealand,C1/D,103
New Zealand,C3,38
New Zealand,E1,1
New Zealand,E2,19
New Zealand,E3D,2
New Zealand,F1,17
New Zealand,F2,3
New Zealand,G1,1
New Zealand,G2,4
New Zealand,G4,6
New Zealand,H1B,17
New Zealand,H2B,8
New Zealand,H4,5
New Zealand,I,8
New Zealand,J1,71
New Zealand,J2,2
New Zealand,K1,2
New Zealand,L1,18
New Zealand,L2,25
New Zealand,O1,16
New Zealand,O2,3
New Zealand,O3,6
New Zealand,P1,14
New Zealand,P4,1
New Zealand,R1,5
New Zealand,R2,1
Nicaragua,A1,1
Nicaragua,B1,51
Nicaragua,B1/B2,"1,213"
Nicaragua,C1,12
Nicaragua,C1/D,28
Nicaragua,F1,8
Nicaragua,G1,1
Nicaragua,G2,1
Nicaragua,G4,7
Nicaragua,H1B,1
Nicaragua,H2A,20
Nicaragua,H2B,1
Nicaragua,H4,1
Nicaragua,J1,2
Nicaragua,J2,3
Nicaragua,K1,14
Nicaragua,K2,4
Nicaragua,L1,4
Nicaragua,L2,6
Nicaragua,O1,1
Nicaragua,R2,1
Nicaragua,T3,1
Niger,B1/B2,38
Niger,C1,1
Niger,C2,1
Niger,C3,1
Niger,F1,6
Niger,G2,1
Niger,G4,7
Niger,J1,1
Nigeria,A1,8
Nigeria,A2,86
Nigeria,B1,8
Nigeria,B1/B2,"5,108"
Nigeria,C1,2
Nigeria,C1/D,14
Nigeria,C2,1
Nigeria,C3,1
Nigeria,F1,548
Nigeria,F2,109
Nigeria,G1,5
Nigeria,G2,36
Nigeria,G4,42
Nigeria,G5,1
Nigeria,H1B,66
Nigeria,H4,28
Nigeria,J1,47
Nigeria,J2,21
Nigeria,K1,85
Nigeria,K2,6
Nigeria,L1,18
Nigeria,L2,12
Nigeria,M1,5
Nigeria,O1,8
Nigeria,O3,4
Nigeria,P3,5
Nigeria,R1,15
*Non-Nationality Based Issuances,B1/B2,135
*Non-Nationality Based Issuances,B2,2
*Non-Nationality Based Issuances,C1/D,15
*Non-Nationality Based Issuances,CW1,1
*Non-Nationality Based Issuances,E2,1
*Non-Nationality Based Issuances,F1,1
*Non-Nationality Based Issuances,G4,3
*Non-Nationality Based Issuances,H1B,1
*Non-Nationality Based Issuances,K1,4
*Non-Nationality Based Issuances,L1,1
*Non-Nationality Based Issuances,L2,2
*Non-Nationality Based Issuances,R1,2
North Macedonia,A2,5
North Macedonia,B1,1
North Macedonia,B1/B2,470
North Macedonia,C1/D,24
North Macedonia,F1,4
North Macedonia,G1,4
North Macedonia,G2,3
North Macedonia,G4,5
North Macedonia,H1B,3
North Macedonia,J1,11
North Macedonia,J2,4
North Macedonia,K1,6
North Macedonia,NATO2,1
North Macedonia,P3,13
Norway,A1,1
Norway,A2,22
Norway,B1/B2,201
Norway,C1/D,87
Norway,E2,4
Norway,F1,73
Norway,G1,2
Norway,G2,8
Norway,G4,3
Norway,H1B,8
Norway,H2B,1
Norway,H4,5
Norway,I,2
Norway,J1,36
Norway,J2,1
Norway,K1,2
Norway,L1,10
Norway,L2,8
Norway,M1,1
Norway,NATO2,4
Norway,O1,4
Norway,P1,4
Norway,Q1,8
Oman,A1,1
Oman,A2,20
Oman,B1,1
Oman,B1/B2,193
Oman,C1/D,7
Oman,F1,12
Oman,F2,1
Oman,G2,10
Oman,H1B,1
Oman,J1,4
Oman,L1,1
Pakistan,A1,18
Pakistan,A2,33
Pakistan,A3,2
Pakistan,B1,4
Pakistan,B1/B2,"9,153"
Pakistan,B2,3
Pakistan,C1,4
Pakistan,C1/D,40
Pakistan,E1,8
Pakistan,E2,2
Pakistan,E3D,1
Pakistan,F1,224
Pakistan,F2,25
Pakistan,G1,11
Pakistan,G2,1
Pakistan,G4,38
Pakistan,G5,2
Pakistan,H1B,114
Pakistan,H4,93
Pakistan,J1,153
Pakistan,J2,55
Pakistan,K1,41
Pakistan,L1,29
Pakistan,L2,40
Pakistan,M1,1
Pakistan,M2,1
Pakistan,O1,5
Pakistan,O3,7
Pakistan,P3,13
Pakistan,TD,4
Palau,A1,1
Palau,A2,2
Palau,G2,1
Palestinian Authority Travel Document,B1,1
Palestinian Authority Travel Document,B1/B2,340
Palestinian Authority Travel Document,C1/D,1
Palestinian Authority Travel Document,F1,16
Palestinian Authority Travel Document,G4,2
Palestinian Authority Travel Document,H1B,3
Palestinian Authority Travel Document,H4,5
Palestinian Authority Travel Document,I,1
Palestinian Authority Travel Document,J1,1
Palestinian Authority Travel Document,K1,5
Palestinian Authority Travel Document,L1,1
Panama,A2,13
Panama,B1,11
Panama,B1/B2,"1,778"
Panama,B2,1
Panama,C1,36
Panama,C1/D,70
Panama,E2,1
Panama,F1,40
Panama,G4,6
Panama,H1B,5
Panama,H2B,2
Panama,J1,4
Panama,J2,1
Panama,K1,10
Panama,K2,5
Panama,L1,3
Panama,L2,5
Panama,P1,5
Panama,R1,2
Panama,T3,1
Papua New Guinea,A1,2
Papua New Guinea,A2,21
Papua New Guinea,B1,1
Papua New Guinea,B1/B2,51
Papua New Guinea,B2,1
Papua New Guinea,C1,1
Papua New Guinea,F1,4
Papua New Guinea,G1,6
Papua New Guinea,G2,1
Papua New Guinea,G4,1
Papua New Guinea,I,1
Papua New Guinea,J1,9
Papua New Guinea,L2,1
Paraguay,A1,4
Paraguay,A2,6
Paraguay,B1,8
Paraguay,B1/B2,570
Paraguay,C1/D,5
Paraguay,E2,5
Paraguay,F1,18
Paraguay,F2,1
Paraguay,G1,8
Paraguay,G2,5
Paraguay,G4,9
Paraguay,G5,1
Paraguay,H1B,5
Paraguay,J1,371
Paraguay,J2,2
Paraguay,K1,2
Paraguay,L2,1
Peru,A1,2
Peru,A2,87
Peru,B1,32
Peru,B1/B2,"8,485"
Peru,C1,32
Peru,C1/D,204
Peru,C3,3
Peru,E2,1
Peru,F1,188
Peru,F2,11
Peru,G1,4
Peru,G2,1
Peru,G4,27
Peru,H1B,24
Peru,H2A,58
Peru,H2B,7
Peru,H4,9
Peru,J1,"3,167"
Peru,K1,62
Peru,K2,11
Peru,L1,21
Peru,L2,24
Peru,M1,10
Peru,O1,9
Peru,O3,4
Peru,P1,1
Peru,P3,9
Peru,R1,2
Peru,T3,5
Peru,U3,1
Philippines,A1,2
Philippines,A2,158
Philippines,A3,17
Philippines,B1,361
Philippines,B1/B2,"13,881"
Philippines,C1,103
Philippines,C1/D,"7,155"
Philippines,C3,7
Philippines,CW1,117
Philippines,CW2,49
Philippines,E1,1
Philippines,E2,8
Philippines,F1,53
Philippines,F2,10
Philippines,G1,14
Philippines,G2,10
Philippines,G4,20
Philippines,G5,9
Philippines,H1B,384
Philippines,H2B,276
Philippines,H3,7
Philippines,H4,205
Philippines,I,10
Philippines,J1,242
Philippines,J2,274
Philippines,K1,583
Philippines,K2,77
Philippines,L1,52
Philippines,L2,37
Philippines,M1,4
Philippines,O1,9
Philippines,O2,11
Philippines,O3,3
Philippines,P1,2
Philippines,P3,5
Philippines,P4,1
Philippines,R1,19
Philippines,R2,3
Philippines,T2,1
Philippines,T3,3
Philippines,U2,1
Philippines,U3,1
Poland,A1,2
Poland,A2,11
Poland,B1,9
Poland,B1/B2,567
Poland,C1/D,184
Poland,E2,8
Poland,F1,24
Poland,F2,3
Poland,G1,1
Poland,G2,5
Poland,G4,6
Poland,H1B,15
Poland,H2B,9
Poland,H4,5
Poland,I,5
Poland,J1,78
Poland,J2,3
Poland,K1,18
Poland,K2,1
Poland,L1,35
Poland,L2,22
Poland,M1,3
Poland,NATO2,20
Poland,NATO6,1
Poland,O1,7
Poland,O2,1
Poland,P1,3
Poland,P3,21
Poland,R1,4
Portugal,A2,3
Portugal,B1,3
Portugal,B1/B2,408
Portugal,B2,1
Portugal,C1/D,302
Portugal,E2,1
Portugal,F1,23
Portugal,F2,5
Portugal,G1,1
Portugal,G2,4
Portugal,G4,11
Portugal,H1B,13
Portugal,H4,1
Portugal,I,1
Portugal,J1,34
Portugal,J2,4
Portugal,K1,3
Portugal,L1,20
Portugal,L2,16
Portugal,M1,1
Portugal,NATO2,15
Portugal,O1,5
Portugal,O3,1
Portugal,P1,7
Portugal,P3,2
Qatar,A1,14
Qatar,A2,56
Qatar,A3,1
Qatar,B1/B2,399
Qatar,C1/D,5
Qatar,F1,7
Qatar,F2,4
Qatar,G2,2
Qatar,J1,3
Qatar,L2,1
Romania,A1,9
Romania,A2,46
Romania,B1,44
Romania,B1/B2,"3,008"
Romania,C1,4
Romania,C1/D,265
Romania,C3,2
Romania,F1,13
Romania,F2,1
Romania,G2,9
Romania,G4,1
Romania,H1B,2
Romania,H2B,14
Romania,H3,1
Romania,H4,2
Romania,I,20
Romania,J1,25
Romania,K1,14
Romania,K2,2
Romania,L1,19
Romania,L2,15
Romania,M1,1
Romania,NATO2,11
Romania,NATO4,1
Romania,NATO5,1
Romania,NATO6,3
Romania,O1,5
Romania,O3,1
Romania,P1,3
Romania,P3,21
Romania,R1,1
Russia,A1,3
Russia,A2,29
Russia,B1,10
Russia,B1/B2,"4,211"
Russia,C1,1
Russia,C1/D,299
Russia,E2,3
Russia,F1,100
Russia,F2,7
Russia,G1,10
Russia,G2,14
Russia,G4,19
Russia,H1B,22
Russia,H4,22
Russia,J1,21
Russia,J2,12
Russia,K1,43
Russia,K2,4
Russia,L1,36
Russia,L2,64
Russia,M1,2
Russia,O1,41
Russia,O2,1
Russia,O3,32
Russia,P1,28
Russia,P3,6
Russia,P4,1
Russia,R1,1
Russia,TD,2
Rwanda,A2,17
Rwanda,B1/B2,142
Rwanda,C1/D,1
Rwanda,C3,1
Rwanda,F1,26
Rwanda,G1,2
Rwanda,G2,1
Rwanda,G4,6
Rwanda,H1B,6
Rwanda,H4,3
Rwanda,J1,7
Rwanda,J2,1
Rwanda,K1,5
Rwanda,O1,2
Saint Kitts and Nevis,B1/B2,232
Saint Kitts and Nevis,C1/D,3
Saint Kitts and Nevis,F1,3
Saint Kitts and Nevis,H1B,2
Saint Kitts and Nevis,K1,1
Saint Lucia,A2,2
Saint Lucia,B1/B2,321
Saint Lucia,C1,1
Saint Lucia,C1/D,16
Saint Lucia,C3,1
Saint Lucia,F1,3
Saint Lucia,G4,1
Saint Lucia,H1B,3
Saint Lucia,H2B,1
Saint Lucia,J1,1
Saint Lucia,P1,1
Saint Vincent and the Grenadines,B1,6
Saint Vincent and the Grenadines,B1/B2,174
Saint Vincent and the Grenadines,C1/D,12
Saint Vincent and the Grenadines,F1,3
Saint Vincent and the Grenadines,G4,1
Saint Vincent and the Grenadines,J1,1
Saint Vincent and the Grenadines,K1,1
Samoa,A2,8
Samoa,B1/B2,49
Samoa,C3,3
Samoa,J1,2
Samoa,R1,5
Sao Tome and Principe,A1,2
Sao Tome and Principe,A2,1
Sao Tome and Principe,B1/B2,1
Sao Tome and Principe,G2,1
Sao Tome and Principe,G4,3
Saudi Arabia,A1,10
Saudi Arabia,A2,451
Saudi Arabia,B1,1
Saudi Arabia,B1/B2,"4,183"
Saudi Arabia,C1,1
Saudi Arabia,D,103
Saudi Arabia,F1,265
Saudi Arabia,F2,112
Saudi Arabia,G1,12
Saudi Arabia,G2,15
Saudi Arabia,G4,6
Saudi Arabia,H1B,17
Saudi Arabia,H3,1
Saudi Arabia,H4,4
Saudi Arabia,J1,32
Saudi Arabia,J2,29
Saudi Arabia,K1,1
Saudi Arabia,L1,19
Saudi Arabia,L2,30
Saudi Arabia,M1,17
Saudi Arabia,O1,3
Saudi Arabia,O3,2
Saudi Arabia,R1,1
Senegal,A1,1
Senegal,A2,8
Senegal,B1/B2,498
Senegal,C2,1
Senegal,F1,18
Senegal,G1,5
Senegal,G2,5
Senegal,G4,3
Senegal,G5,1
Senegal,H1B,2
Senegal,I,1
Senegal,J1,3
Senegal,K1,1
Senegal,L1,1
Senegal,M1,1
Senegal,O1,1
Senegal,P1,1
Serbia,A1,3
Serbia,A2,12
Serbia,B1,3
Serbia,B1/B2,"1,161"
Serbia,C1,2
Serbia,C1/D,103
Serbia,E1,1
Serbia,E2,7
Serbia,F1,20
Serbia,F2,2
Serbia,G2,2
Serbia,G4,1
Serbia,H1B,6
Serbia,H2B,6
Serbia,H4,1
Serbia,I,1
Serbia,J1,13
Serbia,J2,3
Serbia,K1,7
Serbia,L1,9
Serbia,L2,6
Serbia,O1,1
Serbia,O2,1
Serbia,P1,1
Serbia,P3,6
Seychelles,A2,2
Seychelles,B1/B2,3
Seychelles,C1/D,2
Seychelles,G2,4
Sierra Leone,A2,17
Sierra Leone,B1,1
Sierra Leone,B1/B2,135
Sierra Leone,B2,23
Sierra Leone,F1,14
Sierra Leone,G1,5
Sierra Leone,G2,5
Sierra Leone,G4,5
Sierra Leone,J1,3
Sierra Leone,K1,20
Sierra Leone,K2,1
Singapore,A1,7
Singapore,A2,132
Singapore,A3,1
Singapore,B1/B2,38
Singapore,C1/D,170
Singapore,C3,1
Singapore,E2,5
Singapore,E3D,1
Singapore,F1,59
Singapore,F2,7
Singapore,G2,3
Singapore,G4,4
Singapore,H1B,63
Singapore,H1B1,70
Singapore,H3,1
Singapore,H4,14
Singapore,I,1
Singapore,J1,149
Singapore,J2,2
Singapore,K1,3
Singapore,L1,26
Singapore,L2,22
Singapore,M1,1
Singapore,O1,2
Singapore,O2,1
Singapore,O3,2
Singapore,P1,1
Slovakia,A2,9
Slovakia,B1,2
Slovakia,B1/B2,51
Slovakia,C1/D,9
Slovakia,E2,1
Slovakia,F1,7
Slovakia,F2,1
Slovakia,G3,1
Slovakia,G4,3
Slovakia,H2B,1
Slovakia,J1,11
Slovakia,J2,1
Slovakia,K1,3
Slovakia,L1,6
Slovakia,L2,5
Slovakia,M1,1
Slovakia,O1,2
Slovakia,P1,3
Slovakia,R2,1
Slovenia,A2,10
Slovenia,B1,1
Slovenia,B1/B2,29
Slovenia,C1/D,6
Slovenia,E2,3
Slovenia,F1,5
Slovenia,G1,1
Slovenia,G2,6
Slovenia,H2B,1
Slovenia,H4,2
Slovenia,J1,6
Slovenia,K1,2
Slovenia,K2,1
Slovenia,L1,1
Slovenia,M1,1
Slovenia,NATO2,1
Slovenia,O1,2
Slovenia,P1,1
Solomon Islands,B1/B2,3
Solomon Islands,G4,1
Solomon Islands,H1B,1
Solomon Islands,J1,4
Somalia,A1,1
Somalia,A2,2
Somalia,B1/B2,9
Somalia,F1,3
Somalia,G2,8
Somalia,G4,1
Somalia,K1,3
South Africa,A1,1
South Africa,A2,18
South Africa,A3,1
South Africa,B1,43
South Africa,B1/B2,"3,556"
South Africa,C1,16
South Africa,C1/D,372
South Africa,C3,11
South Africa,F1,61
South Africa,F2,6
South Africa,G1,1
South Africa,G2,1
South Africa,G4,18
South Africa,H1B,18
South Africa,H2A,82
South Africa,H2B,41
South Africa,H4,19
South Africa,I,2
South Africa,J1,297
South Africa,J2,2
South Africa,K1,15
South Africa,K2,1
South Africa,L1,59
South Africa,L2,68
South Africa,M1,4
South Africa,O1,6
South Africa,O2,12
South Africa,O3,2
South Africa,P1,4
South Africa,R1,6
South Africa,R2,3
South Sudan,A1,4
South Sudan,A2,7
South Sudan,B1,6
South Sudan,B1/B2,13
South Sudan,F1,5
South Sudan,G2,7
South Sudan,G4,3
South Sudan,O1,4
Spain,A1,3
Spain,A2,22
Spain,A3,1
Spain,B1,14
Spain,B1/B2,"1,378"
Spain,B2,22
Spain,BBBCC,1
Spain,C1/D,269
Spain,C3,1
Spain,E1,3
Spain,E2,129
Spain,F1,113
Spain,F2,3
Spain,G1,1
Spain,G2,5
Spain,G4,37
Spain,H1B,50
Spain,H2B,2
Spain,H4,10
Spain,I,12
Spain,J1,317
Spain,J2,9
Spain,K1,20
Spain,K2,3
Spain,L1,83
Spain,L2,58
Spain,M1,3
Spain,NATO2,5
Spain,NATO4,1
Spain,NATO6,2
Spain,O1,48
Spain,O2,59
Spain,O3,4
Spain,P1,93
Spain,P3,24
Spain,P4,4
Spain,Q1,1
Spain,R1,6
Spain,R2,3
Sri Lanka,A2,34
Sri Lanka,A3,5
Sri Lanka,B1/B2,996
Sri Lanka,C1,8
Sri Lanka,C1/D,65
Sri Lanka,E2,4
Sri Lanka,F1,52
Sri Lanka,F2,8
Sri Lanka,G2,2
Sri Lanka,G4,9
Sri Lanka,H1B,20
Sri Lanka,H4,17
Sri Lanka,J1,7
Sri Lanka,K1,8
Sri Lanka,L1,5
Sri Lanka,L2,5
Sri Lanka,O1,2
Sri Lanka,P3,6
Sri Lanka,R1,1
Sudan,A1,7
Sudan,B1,5
Sudan,B1/B2,233
Sudan,D,1
Sudan,F1,5
Sudan,G1,10
Sudan,G2,5
Sudan,G4,12
Sudan,H1B,3
Sudan,H4,4
Sudan,J1,10
Sudan,J2,1
Sudan,K1,3
Sudan,K2,2
Sudan,L1,1
Sudan,L2,3
Sudan,M1,1
Sudan,O3,1
Suriname,A2,3
Suriname,B1/B2,547
Suriname,C1/D,7
Suriname,C3,10
Suriname,G4,2
Suriname,K1,1
Sweden,A2,161
Sweden,A3,1
Sweden,B1,5
Sweden,B1/B2,370
Sweden,B2,4
Sweden,C1/D,38
Sweden,E2,33
Sweden,F1,58
Sweden,G2,1
Sweden,G3,1
Sweden,G4,6
Sweden,H1B,14
Sweden,H4,10
Sweden,I,14
Sweden,J1,92
Sweden,J2,8
Sweden,K1,5
Sweden,L1,41
Sweden,L2,38
Sweden,M1,1
Sweden,O1,14
Sweden,O2,2
Sweden,O3,1
Sweden,P1,9
Sweden,P2,1
Sweden,P3,3
Sweden,P4,3
Sweden,R1,3
Sweden,R2,1
Switzerland,A1,4
Switzerland,A2,15
Switzerland,B1,10
Switzerland,B1/B2,312
Switzerland,C1/D,64
Switzerland,E2,12
Switzerland,F1,67
Switzerland,F2,3
Switzerland,G1,2
Switzerland,G2,4
Switzerland,G4,10
Switzerland,H1B,9
Switzerland,H4,2
Switzerland,I,6
Switzerland,J1,68
Switzerland,J2,8
Switzerland,K1,1
Switzerland,L1,16
Switzerland,L2,6
Switzerland,M1,3
Switzerland,O1,11
Switzerland,O2,8
Switzerland,P1,4
Switzerland,R1,3
Switzerland,R2,1
Syria,B1/B2,342
Syria,C1/D,2
Syria,F1,13
Syria,F2,8
Syria,G1,1
Syria,G4,3
Syria,H1B,1
Syria,H4,2
Syria,J1,7
Syria,J2,2
Syria,K1,25
Syria,L1,1
Syria,L2,4
Syria,P3,1
Syria,R2,1
Syria,TD,1
Taiwan,B1,1
Taiwan,B1/B2,827
Taiwan,C1/D,279
Taiwan,E1,61
Taiwan,E2,217
Taiwan,F1,255
Taiwan,F2,20
Taiwan,G4,4
Taiwan,H1B,222
Taiwan,H4,38
Taiwan,I,1
Taiwan,J1,92
Taiwan,J2,14
Taiwan,K1,11
Taiwan,L1,88
Taiwan,L2,57
Taiwan,M1,19
Taiwan,O1,23
Taiwan,O3,6
Taiwan,P1,3
Taiwan,P3,1
Taiwan,R1,8
Taiwan,R2,3
Tajikistan,A1,6
Tajikistan,A2,3
Tajikistan,B1/B2,214
Tajikistan,F1,8
Tajikistan,G2,4
Tajikistan,G4,12
Tajikistan,J1,4
Tajikistan,K1,2
Tajikistan,K2,1
Tajikistan,P3,3
Tanzania,A1,6
Tanzania,A2,28
Tanzania,A3,1
Tanzania,B1,4
Tanzania,B1/B2,590
Tanzania,C1,3
Tanzania,C1/D,6
Tanzania,F1,40
Tanzania,F2,6
Tanzania,G1,3
Tanzania,G2,9
Tanzania,G4,11
Tanzania,H1B,4
Tanzania,H4,3
Tanzania,J1,8
Tanzania,K1,4
Tanzania,K2,2
Tanzania,R1,4
Thailand,A1,13
Thailand,A2,85
Thailand,A3,1
Thailand,B1,10
Thailand,B1/B2,"3,305"
Thailand,B2,8
Thailand,C1,4
Thailand,C1/D,213
Thailand,C3,1
Thailand,CW1,6
Thailand,E2,54
Thailand,E3D,2
Thailand,F1,112
Thailand,F2,3
Thailand,G2,4
Thailand,G4,2
Thailand,G5,1
Thailand,H1B,54
Thailand,H4,5
Thailand,I,14
Thailand,J1,107
Thailand,J2,3
Thailand,K1,141
Thailand,K2,17
Thailand,L1,19
Thailand,L2,11
Thailand,M1,1
Thailand,O1,3
Thailand,O3,3
Thailand,P3,1
Thailand,R1,6
Timor-Leste,B1/B2,1
Timor-Leste,G2,2
Timor-Leste,J1,1
Togo,A2,7
Togo,B1/B2,164
Togo,B2,1
Togo,C1,2
Togo,D,2
Togo,E2,1
Togo,F1,14
Togo,G2,9
Togo,G4,4
Togo,H1B,1
Togo,J1,1
Togo,J2,1
Togo,K1,10
Tonga,A2,10
Tonga,B1/B2,77
Tonga,C1/D,1
Tonga,C3,1
Tonga,F2,1
Tonga,R1,11
Trinidad and Tobago,A1,2
Trinidad and Tobago,A2,2
Trinidad and Tobago,B1/B2,"3,444"
Trinidad and Tobago,C1,3
Trinidad and Tobago,C1/D,17
Trinidad and Tobago,C3,3
Trinidad and Tobago,E2,3
Trinidad and Tobago,F1,27
Trinidad and Tobago,F2,1
Trinidad and Tobago,G2,7
Trinidad and Tobago,G4,4
Trinidad and Tobago,H1B,9
Trinidad and Tobago,H4,6
Trinidad and Tobago,J1,1
Trinidad and Tobago,J2,1
Trinidad and Tobago,K1,4
Trinidad and Tobago,L1,22
Trinidad and Tobago,L2,16
Trinidad and Tobago,M1,5
Trinidad and Tobago,O2,1
Trinidad and Tobago,P3,31
Trinidad and Tobago,R2,3
Tunisia,A1,1
Tunisia,A2,7
Tunisia,B1,1
Tunisia,B1/B2,563
Tunisia,B2,1
Tunisia,C1/D,67
Tunisia,F1,41
Tunisia,F2,1
Tunisia,G1,1
Tunisia,G2,2
Tunisia,G4,5
Tunisia,H1B,5
Tunisia,H4,1
Tunisia,J1,10
Tunisia,K1,11
Tunisia,K2,1
Tunisia,L1,4
Tunisia,L2,8
Tunisia,O1,1
Tunisia,P1,1
Turkey,A1,3
Turkey,A2,56
Turkey,B1,3
Turkey,B1/B2,"9,654"
Turkey,C1/D,476
Turkey,E1,11
Turkey,E2,66
Turkey,F1,129
Turkey,F2,19
Turkey,G4,6
Turkey,H1B,58
Turkey,H2A,1
Turkey,H2B,30
Turkey,H4,29
Turkey,I,3
Turkey,J1,139
Turkey,J2,47
Turkey,K1,22
Turkey,K2,1
Turkey,L1,33
Turkey,L2,31
Turkey,NATO2,11
Turkey,NATO4,3
Turkey,O1,12
Turkey,O3,2
Turkey,P1,11
Turkey,Q1,7
Turkey,R1,1
Turkmenistan,A1,4
Turkmenistan,B1,1
Turkmenistan,B1/B2,131
Turkmenistan,F1,31
Turkmenistan,F2,5
Turkmenistan,G1,5
Turkmenistan,G2,2
Turkmenistan,G4,1
Turkmenistan,H4,4
Turkmenistan,J1,1
Turkmenistan,J2,3
Turkmenistan,L2,1
Turks and Caicos Islands,B1/B2,40
Turks and Caicos Islands,H1B,1
Turks and Caicos Islands,M1,1
Tuvalu,A2,3
Tuvalu,B1/B2,1
Tuvalu,C3,2
Tuvalu,G2,2
Uganda,A2,28
Uganda,B1,1
Uganda,B1/B2,316
Uganda,B2,1
Uganda,C1,19
Uganda,D,18
Uganda,F1,16
Uganda,F2,6
Uganda,G1,1
Uganda,G2,16
Uganda,G4,14
Uganda,H1B,4
Uganda,H4,4
Uganda,I,1
Uganda,J1,11
Uganda,J2,1
Uganda,K1,6
Uganda,K2,1
Uganda,R1,1
Ukraine,A1,4
Ukraine,A2,88
Ukraine,B1,80
Ukraine,B1/B2,"2,708"
Ukraine,C1,4
Ukraine,C1/D,284
Ukraine,E2,13
Ukraine,F1,26
Ukraine,G2,5
Ukraine,G4,7
Ukraine,H1B,5
Ukraine,H4,5
Ukraine,I,3
Ukraine,J1,37
Ukraine,J2,3
Ukraine,K1,6
Ukraine,K2,3
Ukraine,L1,25
Ukraine,L2,24
Ukraine,M1,1
Ukraine,O1,12
Ukraine,O3,7
Ukraine,P1,4
Ukraine,P3,7
Ukraine,R1,1
United Arab Emirates,A1,1
United Arab Emirates,A2,207
United Arab Emirates,B1/B2,"1,453"
United Arab Emirates,B2,1
United Arab Emirates,D,15
United Arab Emirates,F1,175
United Arab Emirates,F2,8
United Arab Emirates,G2,2
United Arab Emirates,G4,1
United Arab Emirates,J1,5
United Arab Emirates,J2,6
Uruguay,A2,4
Uruguay,B1/B2,"1,751"
Uruguay,B2,1
Uruguay,C1/D,8
Uruguay,C2,1
Uruguay,C3,1
Uruguay,F1,10
Uruguay,G1,1
Uruguay,G2,1
Uruguay,G4,5
Uruguay,H1B,4
Uruguay,H3,1
Uruguay,H4,4
Uruguay,J1,11
Uruguay,K1,3
Uruguay,L1,4
Uruguay,L2,4
Uruguay,O1,2
Uruguay,O2,2
Uzbekistan,A1,1
Uzbekistan,A2,29
Uzbekistan,B1,1
Uzbekistan,B1/B2,826
Uzbekistan,C1,1
Uzbekistan,C1/D,33
Uzbekistan,F1,20
Uzbekistan,F2,1
Uzbekistan,G1,4
Uzbekistan,G2,3
Uzbekistan,G4,6
Uzbekistan,G5,1
Uzbekistan,H1B,2
Uzbekistan,H4,1
Uzbekistan,J1,5
Uzbekistan,J2,1
Uzbekistan,K1,13
Uzbekistan,L1,1
Uzbekistan,L2,8
Uzbekistan,M1,1
Uzbekistan,P1,1
Uzbekistan,P3,4
Vanuatu,A1,1
Vanuatu,A2,12
Vanuatu,B1/B2,13
Vanuatu,J1,1
Vanuatu,J2,1
Vatican City,A2,2
Vatican City,B1/B2,1
Venezuela,A1,1
Venezuela,B1,1
Venezuela,B1/B2,"4,901"
Venezuela,B2,1
Venezuela,C1,2
Venezuela,C1/D,65
Venezuela,E2,3
Venezuela,F1,52
Venezuela,F2,4
Venezuela,G3,3
Venezuela,G4,4
Venezuela,H1B,20
Venezuela,H4,8
Venezuela,I,5
Venezuela,J1,14
Venezuela,J2,6
Venezuela,K1,44
Venezuela,K2,22
Venezuela,L1,22
Venezuela,L2,29
Venezuela,O1,13
Venezuela,O2,13
Venezuela,O3,8
Venezuela,P1,79
Venezuela,P4,18
Venezuela,Q1,1
Venezuela,TD,6
Vietnam,A1,29
Vietnam,A2,169
Vietnam,B1,4
Vietnam,B1/B2,"8,045"
Vietnam,B2,1
Vietnam,C1,39
Vietnam,C1/D,311
Vietnam,E1,1
Vietnam,E2,1
Vietnam,F1,674
Vietnam,F2,19
Vietnam,G1,3
Vietnam,G2,4
Vietnam,G4,23
Vietnam,H1B,88
Vietnam,H4,15
Vietnam,I,12
Vietnam,J1,80
Vietnam,J2,11
Vietnam,K1,80
Vietnam,K2,17
Vietnam,L1,31
Vietnam,L2,37
Vietnam,M1,3
Vietnam,O1,18
Vietnam,P3,8
Vietnam,R1,12
Vietnam,R2,1
Yemen,A1,4
Yemen,A2,6
Yemen,B1,2
Yemen,B1/B2,246
Yemen,C1/D,2
Yemen,F1,14
Yemen,F2,1
Yemen,G2,5
Yemen,G4,12
Yemen,J1,1
Yemen,K1,6
Zambia,A1,1
Zambia,A2,31
Zambia,B1/B2,204
Zambia,C1/D,27
Zambia,F1,5
Zambia,G1,3
Zambia,G2,11
Zambia,G4,8
Zambia,H1B,3
Zambia,J1,4
Zambia,K1,3
Zimbabwe,A1,3
Zimbabwe,B1,8
Zimbabwe,B1/B2,691
Zimbabwe,C1,198
Zimbabwe,D,239
Zimbabwe,F1,116
Zimbabwe,F2,9
Zimbabwe,G1,1
Zimbabwe,G2,16
Zimbabwe,G4,27
Zimbabwe,H1B,12
Zimbabwe,H3,3
Zimbabwe,H4,7
Zimbabwe,J1,46
Zimbabwe,J2,5
Zimbabwe,K1,5
Zimbabwe,L1,5
Zimbabwe,L2,1
Zimbabwe,O1,2
Zimbabwe,O3,3
Zimbabwe,R1,2
GRAND TOTAL,,"815,973"
"*""Non-nationality based issuances"" includes individuals presenting travel documents issued by a competent authority other than their country of nationality, including, for example, aliens traveling on a Laissez-Passer issued by the United Nations and refugees residing in another country.",,