Nonimmigrant Visa Issuances by Nationality                                                      October 2024 (FY 2025),,
Nationality,Visa Class,Issuances
Afghanistan,B1/B2,153
Afghanistan,B2,1
Afghanistan,F1,10
Afghanistan,G4,15
Afghanistan,H4,1
Afghanistan,J1,1
Afghanistan,K1,9
Afghanistan,K2,1
Albania,A2,21
Albania,B1,1
Albania,B1/B2,"2,019"
Albania,B2,3
Albania,C1/D,20
Albania,E2,7
Albania,F1,5
Albania,G4,6
Albania,G5,1
Albania,H1B,4
Albania,I,1
Albania,J1,2
Albania,K1,22
Albania,K2,2
Albania,L1,1
Albania,M1,1
Albania,NATO2,7
Albania,NATO4,1
Albania,NATO6,2
Albania,O3,1
Albania,P3,4
Algeria,A2,33
Algeria,B1/B2,"2,029"
Algeria,B2,20
Algeria,C1,5
Algeria,C1/D,1
Algeria,D,19
Algeria,F1,24
Algeria,F2,2
Algeria,G1,5
Algeria,G2,14
Algeria,H1B,2
Algeria,I,11
Algeria,J1,7
Algeria,J2,3
Algeria,K1,13
Algeria,K2,1
Algeria,L1,3
Algeria,L2,2
Algeria,P1,1
Andorra,A2,1
Andorra,B1/B2,3
Andorra,C1/D,1
Andorra,L1,1
Andorra,O1,1
Angola,A1,6
Angola,A2,22
Angola,B1/B2,343
Angola,C1/D,11
Angola,F1,34
Angola,G1,7
Angola,G2,8
Angola,G4,5
Angola,H1B,1
Angola,I,2
Angola,J1,2
Angola,K1,2
Angola,K2,1
Angola,L1,2
Angola,L2,2
Anguilla,B1/B2,5
Antigua and Barbuda,A2,1
Antigua and Barbuda,B1/B2,259
Antigua and Barbuda,B2,4
Antigua and Barbuda,F1,1
Antigua and Barbuda,H1B,1
Antigua and Barbuda,H2B,1
Antigua and Barbuda,H4,1
Antigua and Barbuda,J2,2
Antigua and Barbuda,L2,1
Antigua and Barbuda,M1,1
Argentina,A1,4
Argentina,A2,50
Argentina,A3,1
Argentina,B1,5
Argentina,B1/B2,"25,763"
Argentina,B2,63
Argentina,C1,8
Argentina,C1/D,136
Argentina,C3,1
Argentina,E1,3
Argentina,E2,52
Argentina,F1,88
Argentina,F2,4
Argentina,G1,6
Argentina,G2,9
Argentina,G4,41
Argentina,H1B,49
Argentina,H2A,26
Argentina,H2B,49
Argentina,H3,1
Argentina,H4,36
Argentina,I,10
Argentina,J1,"2,048"
Argentina,J2,17
Argentina,K1,7
Argentina,K2,3
Argentina,L1,49
Argentina,L2,48
Argentina,M1,5
Argentina,O1,31
Argentina,O2,34
Argentina,O3,17
Argentina,P1,52
Argentina,P3,1
Argentina,P4,17
Argentina,R1,6
Argentina,R2,1
Armenia,A1,1
Armenia,A2,19
Armenia,B1/B2,"1,485"
Armenia,D,1
Armenia,E2,2
Armenia,F1,1
Armenia,F2,1
Armenia,G2,2
Armenia,G4,2
Armenia,H1B,5
Armenia,H4,3
Armenia,I,2
Armenia,J1,8
Armenia,K1,14
Armenia,L1,3
Armenia,L2,2
Armenia,O1,5
Armenia,O2,7
Armenia,O3,2
Armenia,P1,1
Armenia,P3,23
Australia,A1,26
Australia,A2,647
Australia,B1,2
Australia,B1/B2,800
Australia,B2,1
Australia,C1/D,172
Australia,C3,6
Australia,E2,34
Australia,E3,278
Australia,E3D,181
Australia,E3R,201
Australia,F1,39
Australia,F2,1
Australia,G1,5
Australia,G2,3
Australia,G4,24
Australia,H1B,40
Australia,H2B,11
Australia,H4,16
Australia,I,39
Australia,J1,87
Australia,J2,11
Australia,K1,18
Australia,L1,75
Australia,L2,69
Australia,M1,2
Australia,O1,43
Australia,O2,23
Australia,O3,6
Australia,P1,39
Australia,P3,3
Australia,P4,2
Australia,R1,4
Austria,A2,28
Austria,B1/B2,245
Austria,C1/D,71
Austria,E1,6
Austria,E2,15
Austria,E3,1
Austria,F1,8
Austria,G1,2
Austria,G3,3
Austria,G4,9
Austria,H1B,10
Austria,H2B,2
Austria,H4,1
Austria,I,14
Austria,J1,64
Austria,J2,2
Austria,K1,1
Austria,L1,27
Austria,L2,3
Austria,M1,3
Austria,O1,16
Austria,O3,3
Austria,P1,23
Austria,P3,1
Austria,R1,1
Azerbaijan,A1,6
Azerbaijan,A2,7
Azerbaijan,B1,6
Azerbaijan,B1/B2,841
Azerbaijan,C1/D,37
Azerbaijan,E2,1
Azerbaijan,F1,13
Azerbaijan,G2,9
Azerbaijan,G4,8
Azerbaijan,H1B,3
Azerbaijan,I,3
Azerbaijan,J1,10
Azerbaijan,J2,1
Azerbaijan,K1,4
Azerbaijan,K2,1
Azerbaijan,L1,1
Azerbaijan,L2,2
Azerbaijan,P1,3
"Bahamas, The",A1,11
"Bahamas, The",A2,8
"Bahamas, The",B1,1
"Bahamas, The",B1/B2,"1,153"
"Bahamas, The",B2,6
"Bahamas, The",C1,2
"Bahamas, The",C1/D,17
"Bahamas, The",C3,8
"Bahamas, The",F1,31
"Bahamas, The",F2,2
"Bahamas, The",G2,1
"Bahamas, The",H1B,19
"Bahamas, The",H4,3
"Bahamas, The",K1,2
"Bahamas, The",L1,1
"Bahamas, The",L2,1
"Bahamas, The",M1,6
"Bahamas, The",O1,1
"Bahamas, The",P1,1
"Bahamas, The",R1,1
Bahrain,A1,5
Bahrain,A2,7
Bahrain,B1/B2,263
Bahrain,C1/D,6
Bahrain,D,1
Bahrain,F1,5
Bahrain,G1,2
Bahrain,H1B,2
Bahrain,J1,2
Bahrain,K1,1
Bahrain,M1,1
Bangladesh,A1,1
Bangladesh,A2,14
Bangladesh,B1,3
Bangladesh,B1/B2,"4,006"
Bangladesh,B2,3
Bangladesh,C1,5
Bangladesh,C1/D,144
Bangladesh,E2,2
Bangladesh,F1,326
Bangladesh,F2,128
Bangladesh,G1,10
Bangladesh,G2,1
Bangladesh,G4,11
Bangladesh,H1B,29
Bangladesh,H4,32
Bangladesh,I,18
Bangladesh,J1,20
Bangladesh,J2,11
Bangladesh,K1,4
Bangladesh,L1,6
Bangladesh,L2,12
Bangladesh,M1,4
Bangladesh,O1,2
Bangladesh,O3,2
Bangladesh,T2,2
Bangladesh,T3,3
Bangladesh,TD,1
Barbados,A1,1
Barbados,A2,2
Barbados,A3,1
Barbados,B1/B2,852
Barbados,C1,1
Barbados,C1/D,4
Barbados,C3,5
Barbados,F1,4
Barbados,G4,5
Barbados,H1B,3
Barbados,H2B,7
Barbados,K1,1
Barbados,M1,1
Barbados,O1,2
Barbados,O3,2
Barbados,P1,1
Belarus,B1/B2,627
Belarus,B2,2
Belarus,C1/D,37
Belarus,F1,2
Belarus,G1,1
Belarus,G4,3
Belarus,H1B,5
Belarus,H4,1
Belarus,J1,3
Belarus,K1,9
Belarus,L1,12
Belarus,L2,12
Belarus,O1,3
Belarus,O3,1
Belarus,P1,12
Belgium,A1,3
Belgium,A2,29
Belgium,B1,1
Belgium,B1/B2,217
Belgium,B2,1
Belgium,C1/D,48
Belgium,E2,10
Belgium,F1,14
Belgium,G2,1
Belgium,G4,10
Belgium,H1B,8
Belgium,I,14
Belgium,J1,32
Belgium,J2,5
Belgium,K1,1
Belgium,L1,19
Belgium,L2,6
Belgium,M1,13
Belgium,NATO2,80
Belgium,NATO4,4
Belgium,NATO6,2
Belgium,O1,9
Belgium,O2,11
Belgium,P1,5
Belize,A1,1
Belize,A2,10
Belize,B1/B2,661
Belize,B2,2
Belize,C1,7
Belize,C3,17
Belize,F1,9
Belize,G4,2
Belize,H1B,2
Belize,J1,1
Belize,K1,1
Belize,L1,1
Belize,L2,2
Belize,M1,1
Belize,U3,2
Benin,A2,6
Benin,B1,2
Benin,B1/B2,185
Benin,C1,2
Benin,D,2
Benin,F1,3
Benin,G1,1
Benin,G2,8
Benin,G4,9
Benin,J1,2
Benin,J2,1
Bermuda,B1/B2,13
Bermuda,K1,1
Bhutan,A2,1
Bhutan,B1/B2,40
Bhutan,F1,2
Bhutan,G1,1
Bhutan,G2,15
Bhutan,J1,2
Bhutan,K1,1
Bhutan,R1,1
Bolivia,A2,7
Bolivia,B1,8
Bolivia,B1/B2,"2,891"
Bolivia,B2,3
Bolivia,C1/D,8
Bolivia,E2,1
Bolivia,F1,23
Bolivia,F2,4
Bolivia,G2,5
Bolivia,G4,12
Bolivia,H1B,4
Bolivia,H2A,3
Bolivia,H4,2
Bolivia,J1,103
Bolivia,J2,3
Bolivia,L1,2
Bolivia,L2,1
Bolivia,M1,1
Bolivia,O1,1
Bolivia,P1,47
Bolivia,P3,15
Bolivia,R1,1
Bosnia-Herzegovina,A1,1
Bosnia-Herzegovina,A2,8
Bosnia-Herzegovina,B1,5
Bosnia-Herzegovina,B1/B2,532
Bosnia-Herzegovina,C1,1
Bosnia-Herzegovina,C1/D,15
Bosnia-Herzegovina,E2,6
Bosnia-Herzegovina,F1,1
Bosnia-Herzegovina,G4,5
Bosnia-Herzegovina,I,2
Bosnia-Herzegovina,J1,17
Bosnia-Herzegovina,K1,6
Bosnia-Herzegovina,K2,1
Bosnia-Herzegovina,L1,2
Bosnia-Herzegovina,L2,2
Bosnia-Herzegovina,P3,4
Botswana,A2,4
Botswana,B1,1
Botswana,B1/B2,55
Botswana,B2,1
Botswana,C1/D,6
Botswana,F1,3
Botswana,F2,2
Botswana,G2,1
Botswana,G4,1
Botswana,J2,3
Botswana,M1,2
Brazil,A1,16
Brazil,A2,284
Brazil,B1,334
Brazil,B1/B2,"95,752"
Brazil,B2,15
Brazil,C1,41
Brazil,C1/D,388
Brazil,C3,16
Brazil,E1,1
Brazil,E2,6
Brazil,F1,248
Brazil,F2,55
Brazil,G1,2
Brazil,G2,25
Brazil,G4,64
Brazil,H1B,169
Brazil,H2A,5
Brazil,H2B,41
Brazil,H4,84
Brazil,I,40
Brazil,J1,"1,361"
Brazil,J2,88
Brazil,K1,72
Brazil,K2,14
Brazil,L1,334
Brazil,L2,434
Brazil,M1,28
Brazil,O1,125
Brazil,O2,22
Brazil,O3,36
Brazil,P1,88
Brazil,P3,15
Brazil,P4,14
Brazil,R1,14
Brazil,R2,8
Brazil,TD,6
Brazil,U3,2
British National Overseas (Hong Kong) Passport,B1/B2,208
British National Overseas (Hong Kong) Passport,C1/D,4
British National Overseas (Hong Kong) Passport,F1,1
British National Overseas (Hong Kong) Passport,H1B,4
British National Overseas (Hong Kong) Passport,H4,1
British National Overseas (Hong Kong) Passport,J1,1
British National Overseas (Hong Kong) Passport,K1,1
British National Overseas (Hong Kong) Passport,L1,2
British National Overseas (Hong Kong) Passport,L2,1
British National Overseas (Hong Kong) Passport,O3,1
British Virgin Islands,B1/B2,5
Brunei,A2,9
Brunei,G2,2
Brunei,G4,3
Brunei,H1B,1
Brunei,I,1
Bulgaria,A1,1
Bulgaria,A2,53
Bulgaria,B1,27
Bulgaria,B1/B2,"1,315"
Bulgaria,B2,16
Bulgaria,C1/D,84
Bulgaria,E2,6
Bulgaria,G2,5
Bulgaria,G4,7
Bulgaria,H1B,6
Bulgaria,H2B,7
Bulgaria,I,6
Bulgaria,J1,7
Bulgaria,K1,3
Bulgaria,L1,2
Bulgaria,NATO2,4
Bulgaria,NATO4,2
Bulgaria,O1,2
Bulgaria,P1,3
Bulgaria,P3,5
Bulgaria,R1,1
Burkina Faso,A2,2
Burkina Faso,B1/B2,242
Burkina Faso,B2,2
Burkina Faso,C3,2
Burkina Faso,F1,4
Burkina Faso,G1,2
Burkina Faso,G2,7
Burkina Faso,G4,3
Burkina Faso,H1B,1
Burkina Faso,H4,3
Burkina Faso,I,2
Burkina Faso,J1,3
Burkina Faso,K1,15
Burkina Faso,K2,1
Burma,B1,6
Burma,B1/B2,318
Burma,C1,109
Burma,C2,1
Burma,D,353
Burma,F1,459
Burma,F2,13
Burma,G4,7
Burma,H1B,5
Burma,I,1
Burma,J1,7
Burma,K1,75
Burma,K2,2
Burma,L1,2
Burma,L2,1
Burma,R1,1
Burundi,A2,2
Burundi,B1,3
Burundi,B1/B2,74
Burundi,C1/D,1
Burundi,F1,2
Burundi,G1,2
Burundi,G2,3
Burundi,G4,11
Burundi,H1B,1
Burundi,K1,2
Cabo Verde,A2,6
Cabo Verde,B1/B2,346
Cabo Verde,B2,3
Cabo Verde,C1/D,1
Cabo Verde,G2,2
Cabo Verde,G4,2
Cabo Verde,K1,2
Cabo Verde,K2,5
Cabo Verde,P3,9
Cambodia,A2,9
Cambodia,B1,4
Cambodia,B1/B2,666
Cambodia,C1,1
Cambodia,C3,6
Cambodia,D,1
Cambodia,F1,65
Cambodia,G1,3
Cambodia,G2,3
Cambodia,G4,13
Cambodia,I,1
Cambodia,J1,6
Cambodia,K1,39
Cambodia,K2,5
Cambodia,L1,1
Cambodia,O1,1
Cameroon,A2,18
Cameroon,B1,6
Cameroon,B1/B2,801
Cameroon,B2,5
Cameroon,C1,3
Cameroon,C1/D,9
Cameroon,F1,27
Cameroon,F2,2
Cameroon,G1,2
Cameroon,G2,23
Cameroon,G4,55
Cameroon,H1B,5
Cameroon,H4,1
Cameroon,I,1
Cameroon,J1,7
Cameroon,J2,1
Cameroon,K1,13
Cameroon,K2,3
Cameroon,L1,1
Cameroon,O1,1
Cameroon,R1,1
Canada,A1,6
Canada,A2,4
Canada,B1,3
Canada,B1/B2,17
Canada,C1/D,2
Canada,E1,117
Canada,E2,794
Canada,E3D,1
Canada,F1,3
Canada,G1,3
Canada,G4,59
Canada,H1B,4
Canada,H2A,1
Canada,H4,14
Canada,I,1
Canada,J1,8
Canada,J2,2
Canada,K1,100
Canada,K2,6
Canada,L1,9
Canada,L2,30
Canada,M1,1
Canada,NATO2,20
Canada,NATO6,2
Canada,O1,2
Canada,O3,1
Canada,P1,2
Canada,P3,5
Canada,R1,2
Canada,R2,1
Canada,TD,5
Canada,TN,7
Cayman Islands,B1/B2,118
Cayman Islands,C1/D,2
Cayman Islands,F1,3
Cayman Islands,H1B,1
Central African Republic,A1,1
Central African Republic,A2,1
Central African Republic,B1/B2,14
Central African Republic,G2,2
Central African Republic,G4,4
Central African Republic,J1,1
Chad,A2,6
Chad,B1,1
Chad,B1/B2,99
Chad,C3,3
Chad,F1,3
Chad,G1,7
Chad,G2,19
Chad,G4,8
Chad,J1,1
Chad,J2,2
Chad,K1,1
Chad,L1,1
Chile,A2,35
Chile,B1,46
Chile,B1/B2,871
Chile,B2,4
Chile,C1,2
Chile,C1/D,96
Chile,C3,14
Chile,E2,17
Chile,F1,58
Chile,F2,14
Chile,G1,1
Chile,G2,1
Chile,G4,10
Chile,H1B,34
Chile,H1B1,149
Chile,H2B,8
Chile,H4,152
Chile,I,7
Chile,J1,684
Chile,J2,10
Chile,K1,7
Chile,L1,37
Chile,L2,39
Chile,M1,1
Chile,O1,8
Chile,O2,13
Chile,O3,7
Chile,P1,9
Chile,P3,2
Chile,P4,1
Chile,R1,5
Chile,R2,2
China - mainland,A1,23
China - mainland,A2,23
China - mainland,B1,313
China - mainland,B1/B2,"70,746"
China - mainland,B2,48
China - mainland,C1,57
China - mainland,C1/D,"1,118"
China - mainland,CW1,8
China - mainland,CW2,1
China - mainland,E2,8
China - mainland,E3D,3
China - mainland,F1,"1,109"
China - mainland,F2,111
China - mainland,G1,5
China - mainland,G2,75
China - mainland,G4,63
China - mainland,H1B,"2,777"
China - mainland,H3,1
China - mainland,H4,288
China - mainland,I,7
China - mainland,J1,830
China - mainland,J2,230
China - mainland,K1,57
China - mainland,K2,13
China - mainland,L1,573
China - mainland,L2,351
China - mainland,M1,2
China - mainland,O1,139
China - mainland,O2,24
China - mainland,O3,23
China - mainland,P1,41
China - mainland,P3,98
China - mainland,P4,1
China - mainland,R1,8
China - mainland,R2,2
China - mainland,T2,1
China - mainland,T3,1
China - mainland,TD,17
Colombia,A1,8
Colombia,A2,255
Colombia,B1,22
Colombia,B1/B2,"51,437"
Colombia,B2,5
Colombia,BBBCC,4
Colombia,C1,15
Colombia,C1/D,266
Colombia,E1,16
Colombia,E2,67
Colombia,E3D,1
Colombia,F1,292
Colombia,F2,33
Colombia,G1,6
Colombia,G2,3
Colombia,G4,43
Colombia,H1B,110
Colombia,H2A,23
Colombia,H2B,37
Colombia,H4,55
Colombia,I,23
Colombia,J1,269
Colombia,J2,48
Colombia,K1,177
Colombia,K2,44
Colombia,L1,56
Colombia,L2,49
Colombia,M1,8
Colombia,O1,30
Colombia,O2,78
Colombia,O3,24
Colombia,P1,51
Colombia,P4,11
Colombia,R1,8
Colombia,R2,8
Comoros,A2,2
Comoros,B1/B2,4
Comoros,F1,1
"Congo, Democratic Republic of the",A1,6
"Congo, Democratic Republic of the",A2,40
"Congo, Democratic Republic of the",B1,4
"Congo, Democratic Republic of the",B1/B2,445
"Congo, Democratic Republic of the",B2,2
"Congo, Democratic Republic of the",BBBCC,1
"Congo, Democratic Republic of the",C2,1
"Congo, Democratic Republic of the",F1,25
"Congo, Democratic Republic of the",F2,1
"Congo, Democratic Republic of the",G1,6
"Congo, Democratic Republic of the",G2,47
"Congo, Democratic Republic of the",G4,22
"Congo, Democratic Republic of the",H1B,4
"Congo, Democratic Republic of the",J1,2
"Congo, Democratic Republic of the",J2,2
"Congo, Democratic Republic of the",K1,15
"Congo, Democratic Republic of the",K2,4
"Congo, Democratic Republic of the",L1,2
"Congo, Democratic Republic of the",L2,1
"Congo, Democratic Republic of the",M1,1
"Congo, Democratic Republic of the",O2,1
"Congo, Democratic Republic of the",P1,1
"Congo, Democratic Republic of the",R1,1
"Congo, Republic of the",A1,4
"Congo, Republic of the",A2,4
"Congo, Republic of the",B1/B2,102
"Congo, Republic of the",C1/D,1
"Congo, Republic of the",F1,2
"Congo, Republic of the",G1,5
"Congo, Republic of the",G2,2
"Congo, Republic of the",G4,1
"Congo, Republic of the",J1,1
"Congo, Republic of the",K1,1
"Congo, Republic of the",K2,2
Costa Rica,A1,6
Costa Rica,A2,7
Costa Rica,B1,3
Costa Rica,B1/B2,"5,212"
Costa Rica,B2,10
Costa Rica,C1,2
Costa Rica,C1/D,25
Costa Rica,C3,2
Costa Rica,E2,1
Costa Rica,F1,18
Costa Rica,F2,3
Costa Rica,G1,3
Costa Rica,G4,2
Costa Rica,H1B,15
Costa Rica,H2A,94
Costa Rica,H2B,20
Costa Rica,H3,3
Costa Rica,H4,11
Costa Rica,I,3
Costa Rica,J1,268
Costa Rica,J2,1
Costa Rica,K1,10
Costa Rica,K2,3
Costa Rica,L1,34
Costa Rica,L2,30
Costa Rica,M1,3
Costa Rica,O1,1
Costa Rica,O2,9
Costa Rica,P1,2
Costa Rica,R1,1
Costa Rica,R2,1
Cote d'Ivoire,A1,10
Cote d'Ivoire,A2,17
Cote d'Ivoire,B1/B2,614
Cote d'Ivoire,C1,2
Cote d'Ivoire,C1/D,8
Cote d'Ivoire,F1,16
Cote d'Ivoire,G1,5
Cote d'Ivoire,G2,18
Cote d'Ivoire,G4,24
Cote d'Ivoire,H1B,1
Cote d'Ivoire,J1,1
Cote d'Ivoire,K1,5
Cote d'Ivoire,O1,1
Cote d'Ivoire,R1,1
Croatia,A1,2
Croatia,A2,13
Croatia,B1,9
Croatia,B1/B2,106
Croatia,C1/D,67
Croatia,E2,3
Croatia,F1,2
Croatia,G2,1
Croatia,H1B,5
Croatia,H2B,2
Croatia,I,4
Croatia,J1,14
Croatia,J2,4
Croatia,K1,2
Croatia,L1,8
Croatia,L2,2
Croatia,NATO2,6
Croatia,NATO4,1
Croatia,NATO6,1
Croatia,O1,3
Croatia,O3,2
Croatia,P1,6
Croatia,R1,1
Cuba,A1,14
Cuba,A2,13
Cuba,B1,74
Cuba,B1/B2,210
Cuba,B2,823
Cuba,C1,1
Cuba,C1/D,1
Cuba,F1,3
Cuba,G1,8
Cuba,G2,10
Cuba,G4,4
Cuba,I,1
Cuba,J1,5
Cuba,J2,1
Cuba,K1,37
Cuba,K2,7
Cuba,L1,3
Cuba,L2,5
Cuba,O2,1
Cuba,P1,5
Cuba,P3,6
Cuba,R1,1
Cuba,R2,4
Cuba,TD,1
Cyprus,A2,7
Cyprus,B1/B2,317
Cyprus,C1/D,7
Cyprus,F1,2
Cyprus,G1,2
Cyprus,G2,5
Cyprus,G4,1
Cyprus,H1B,2
Cyprus,I,4
Cyprus,J1,5
Cyprus,L1,1
Cyprus,O1,1
Cyprus,P3,2
Czech Republic,A2,9
Czech Republic,B1,1
Czech Republic,B1/B2,125
Czech Republic,C1/D,15
Czech Republic,E2,4
Czech Republic,F1,7
Czech Republic,F2,3
Czech Republic,G2,4
Czech Republic,G3,1
Czech Republic,G4,1
Czech Republic,H2B,5
Czech Republic,H4,2
Czech Republic,I,2
Czech Republic,J1,33
Czech Republic,J2,8
Czech Republic,K1,2
Czech Republic,L1,21
Czech Republic,L2,13
Czech Republic,NATO2,15
Czech Republic,NATO4,1
Czech Republic,NATO6,2
Czech Republic,O1,3
Czech Republic,O2,1
Czech Republic,P1,7
Czech Republic,R1,2
Denmark,A2,21
Denmark,B1,1
Denmark,B1/B2,150
Denmark,C1/D,61
Denmark,E1,1
Denmark,E2,34
Denmark,F1,2
Denmark,G2,12
Denmark,G4,6
Denmark,H1B,2
Denmark,I,13
Denmark,J1,22
Denmark,J2,2
Denmark,K1,1
Denmark,L1,28
Denmark,L2,14
Denmark,NATO2,2
Denmark,O1,6
Denmark,O2,2
Denmark,O3,3
Denmark,P1,3
Djibouti,A1,3
Djibouti,A2,1
Djibouti,B1,2
Djibouti,B1/B2,31
Djibouti,F1,3
Djibouti,G1,3
Djibouti,G2,4
Djibouti,G4,2
Djibouti,I,1
Dominica,A2,2
Dominica,B1,1
Dominica,B1/B2,256
Dominica,C1/D,2
Dominica,C3,1
Dominica,F1,3
Dominica,F2,1
Dominica,G4,1
Dominica,H1B,3
Dominica,J1,1
Dominica,J2,2
Dominican Republic,A1,30
Dominican Republic,A2,66
Dominican Republic,B1,58
Dominican Republic,B1/B2,"14,741"
Dominican Republic,B2,17
Dominican Republic,C1,5
Dominican Republic,C1/D,48
Dominican Republic,C3,3
Dominican Republic,E2,1
Dominican Republic,F1,48
Dominican Republic,G2,6
Dominican Republic,G4,5
Dominican Republic,H1B,20
Dominican Republic,H2A,3
Dominican Republic,H2B,25
Dominican Republic,H4,14
Dominican Republic,I,51
Dominican Republic,J1,48
Dominican Republic,J2,8
Dominican Republic,K1,130
Dominican Republic,K2,33
Dominican Republic,L1,12
Dominican Republic,L2,8
Dominican Republic,M1,1
Dominican Republic,O1,6
Dominican Republic,O2,34
Dominican Republic,O3,1
Dominican Republic,P1,71
Dominican Republic,P4,5
Dominican Republic,Q1,1
Dominican Republic,R1,4
Dominican Republic,T3,2
Dominican Republic,TD,2
Dominican Republic,U3,1
Ecuador,A1,3
Ecuador,A2,43
Ecuador,B1,26
Ecuador,B1/B2,"18,357"
Ecuador,B2,6
Ecuador,C1,1
Ecuador,C1/D,42
Ecuador,C3,28
Ecuador,E2,1
Ecuador,F1,59
Ecuador,F2,11
Ecuador,G1,5
Ecuador,G2,3
Ecuador,G4,8
Ecuador,H1B,27
Ecuador,H2A,1
Ecuador,H2B,9
Ecuador,H4,5
Ecuador,I,1
Ecuador,J1,144
Ecuador,J2,5
Ecuador,K1,22
Ecuador,K2,11
Ecuador,L1,7
Ecuador,L2,5
Ecuador,M1,1
Ecuador,O1,6
Ecuador,O2,1
Ecuador,O3,10
Ecuador,P1,3
Ecuador,P3,1
Ecuador,R1,8
Ecuador,R2,3
Ecuador,U3,3
Egypt,A2,96
Egypt,B1,9
Egypt,B1/B2,"4,183"
Egypt,B2,11
Egypt,C1,6
Egypt,C1/D,189
Egypt,E2,1
Egypt,F1,55
Egypt,F2,31
Egypt,G1,5
Egypt,G2,6
Egypt,G4,22
Egypt,H1B,43
Egypt,H4,30
Egypt,I,23
Egypt,J1,62
Egypt,J2,14
Egypt,K1,5
Egypt,K2,2
Egypt,L1,28
Egypt,L2,37
Egypt,M1,6
Egypt,O1,6
Egypt,O2,9
Egypt,O3,2
Egypt,P3,3
Egypt,R1,3
Egypt,R2,1
El Salvador,A1,3
El Salvador,A2,39
El Salvador,B1,5
El Salvador,B1/B2,"4,752"
El Salvador,B2,17
El Salvador,C1,4
El Salvador,C1/D,10
El Salvador,C3,6
El Salvador,F1,7
El Salvador,F2,2
El Salvador,G2,3
El Salvador,G4,7
El Salvador,H1B,13
El Salvador,H2A,10
El Salvador,H2B,223
El Salvador,H4,1
El Salvador,I,7
El Salvador,J1,17
El Salvador,K1,8
El Salvador,K2,5
El Salvador,L1,7
El Salvador,L2,7
El Salvador,O3,3
El Salvador,P1,2
El Salvador,R1,4
El Salvador,R2,1
El Salvador,U3,8
El Salvador,U4,3
Equatorial Guinea,A2,6
Equatorial Guinea,B1/B2,100
Equatorial Guinea,B2,1
Equatorial Guinea,F1,12
Equatorial Guinea,F2,1
Equatorial Guinea,G2,3
Equatorial Guinea,L1,1
Eritrea,B1,3
Eritrea,B1/B2,109
Eritrea,B2,4
Eritrea,F1,3
Eritrea,J1,1
Eritrea,K1,11
Eritrea,K2,1
Estonia,A2,9
Estonia,B1,1
Estonia,B1/B2,23
Estonia,C1/D,14
Estonia,E2,11
Estonia,F1,2
Estonia,G1,1
Estonia,G2,4
Estonia,H1B,1
Estonia,H2B,3
Estonia,I,5
Estonia,J1,4
Estonia,K1,1
Estonia,L1,1
Estonia,NATO2,12
Estonia,O1,1
Estonia,O2,1
Estonia,P1,3
Eswatini,A2,5
Eswatini,B1/B2,29
Eswatini,C1/D,2
Eswatini,G2,6
Eswatini,G4,1
Eswatini,J1,1
Ethiopia,A1,12
Ethiopia,A2,10
Ethiopia,B1,1
Ethiopia,B1/B2,"1,704"
Ethiopia,C1/D,122
Ethiopia,C3,2
Ethiopia,D,7
Ethiopia,F1,69
Ethiopia,F2,4
Ethiopia,G1,14
Ethiopia,G2,3
Ethiopia,G4,53
Ethiopia,H1B,12
Ethiopia,H4,8
Ethiopia,J1,18
Ethiopia,J2,4
Ethiopia,K1,114
Ethiopia,K2,9
Ethiopia,L1,3
Ethiopia,L2,5
Ethiopia,O1,1
Ethiopia,P1,3
Ethiopia,R1,1
Fiji,A1,2
Fiji,A2,6
Fiji,B1/B2,186
Fiji,B2,1
Fiji,C1,8
Fiji,C1/D,23
Fiji,C3,5
Fiji,F1,3
Fiji,F2,4
Fiji,G2,1
Fiji,G4,9
Fiji,I,4
Fiji,J1,7
Fiji,K1,2
Finland,A2,26
Finland,B1,7
Finland,B1/B2,49
Finland,B2,1
Finland,C1,1
Finland,C1/D,54
Finland,C3,3
Finland,E2,5
Finland,F1,5
Finland,G1,1
Finland,G2,7
Finland,G4,6
Finland,H1B,6
Finland,H4,2
Finland,I,1
Finland,J1,12
Finland,J2,3
Finland,K1,1
Finland,L1,35
Finland,L2,8
Finland,M1,1
Finland,NATO2,62
Finland,NATO4,1
Finland,O1,4
Finland,P1,7
Finland,P3,3
Finland,P4,2
France,A1,2
France,A2,41
France,B1,14
France,B1/B2,884
France,B2,4
France,C1,1
France,C1/D,249
France,C3,4
France,E1,37
France,E2,327
France,F1,151
France,F2,2
France,G1,4
France,G2,25
France,G3,5
France,G4,72
France,H1B,115
France,H2B,5
France,H4,18
France,I,88
France,J1,407
France,J2,33
France,K1,15
France,K2,2
France,L1,250
France,L2,233
France,M1,12
France,NATO1,1
France,NATO2,18
France,NATO4,3
France,O1,88
France,O2,26
France,O3,9
France,P1,70
France,P2,1
France,P3,7
France,P4,2
France,Q1,23
France,R1,6
France,R2,2
Gabon,A1,1
Gabon,A2,12
Gabon,B1,1
Gabon,B1/B2,110
Gabon,F1,4
Gabon,G1,4
Gabon,G2,10
Gabon,H1B,1
Gabon,H4,1
Gabon,J1,2
Gabon,K1,1
Gabon,O1,1
Gabon,R1,1
"Gambia, The",A2,8
"Gambia, The",B1/B2,101
"Gambia, The",B2,1
"Gambia, The",C1,1
"Gambia, The",C1/D,1
"Gambia, The",F1,7
"Gambia, The",F2,1
"Gambia, The",G2,2
"Gambia, The",G4,5
"Gambia, The",J1,1
"Gambia, The",K1,15
"Gambia, The",K2,2
Georgia,A1,5
Georgia,A2,6
Georgia,B1/B2,"1,301"
Georgia,C1/D,49
Georgia,C3,1
Georgia,E2,1
Georgia,F1,7
Georgia,F2,1
Georgia,G2,12
Georgia,G4,2
Georgia,H1B,5
Georgia,H4,1
Georgia,I,5
Georgia,J1,19
Georgia,J2,4
Georgia,K1,4
Georgia,K2,1
Georgia,L1,4
Georgia,L2,1
Georgia,O1,1
Germany,A1,6
Germany,A2,103
Germany,B1,3
Germany,B1/B2,"2,144"
Germany,B2,8
Germany,C1,1
Germany,C1/D,569
Germany,C3,2
Germany,E1,15
Germany,E2,252
Germany,E3D,2
Germany,F1,135
Germany,G1,1
Germany,G2,30
Germany,G3,3
Germany,G4,52
Germany,H1B,70
Germany,H2A,1
Germany,H3,2
Germany,H4,22
Germany,I,89
Germany,J1,401
Germany,J2,25
Germany,K1,20
Germany,K2,3
Germany,L1,270
Germany,L2,124
Germany,M1,20
Germany,NATO2,27
Germany,NATO4,1
Germany,NATO6,34
Germany,O1,60
Germany,O2,20
Germany,O3,11
Germany,P1,127
Germany,P2,1
Germany,P3,3
Germany,Q1,19
Germany,R1,7
Germany,TD,1
Ghana,A1,3
Ghana,A2,142
Ghana,B1,1
Ghana,B1/B2,"2,021"
Ghana,B2,1
Ghana,C1,3
Ghana,C1/D,30
Ghana,C3,4
Ghana,F1,157
Ghana,F2,51
Ghana,G2,16
Ghana,G4,27
Ghana,H1B,51
Ghana,H4,49
Ghana,I,4
Ghana,J1,38
Ghana,J2,22
Ghana,K1,31
Ghana,K2,9
Ghana,L1,4
Ghana,L2,5
Ghana,M1,1
Ghana,O1,2
Ghana,O2,1
Ghana,P1,2
Ghana,P3,13
Ghana,R1,3
Gibraltar,B1/B2,1
Great Britain and Northern Ireland,A1,5
Great Britain and Northern Ireland,A2,237
Great Britain and Northern Ireland,B1,154
Great Britain and Northern Ireland,B1/B2,"2,867"
Great Britain and Northern Ireland,B2,3
Great Britain and Northern Ireland,C1/D,644
Great Britain and Northern Ireland,C3,7
Great Britain and Northern Ireland,E1,18
Great Britain and Northern Ireland,E2,242
Great Britain and Northern Ireland,E3D,10
Great Britain and Northern Ireland,F1,100
Great Britain and Northern Ireland,G2,30
Great Britain and Northern Ireland,G4,46
Great Britain and Northern Ireland,H1B,152
Great Britain and Northern Ireland,H2B,44
Great Britain and Northern Ireland,H3,1
Great Britain and Northern Ireland,H4,41
Great Britain and Northern Ireland,I,220
Great Britain and Northern Ireland,J1,138
Great Britain and Northern Ireland,J2,13
Great Britain and Northern Ireland,K1,105
Great Britain and Northern Ireland,K2,2
Great Britain and Northern Ireland,L1,413
Great Britain and Northern Ireland,L2,231
Great Britain and Northern Ireland,M1,52
Great Britain and Northern Ireland,NATO2,45
Great Britain and Northern Ireland,NATO4,2
Great Britain and Northern Ireland,NATO6,235
Great Britain and Northern Ireland,O1,247
Great Britain and Northern Ireland,O2,197
Great Britain and Northern Ireland,O3,35
Great Britain and Northern Ireland,P1,142
Great Britain and Northern Ireland,P2,1
Great Britain and Northern Ireland,P3,7
Great Britain and Northern Ireland,P4,1
Great Britain and Northern Ireland,Q1,13
Great Britain and Northern Ireland,R1,15
Great Britain and Northern Ireland,R2,12
Great Britain and Northern Ireland,TD,2
Greece,A1,3
Greece,A2,25
Greece,B1,7
Greece,B1/B2,176
Greece,C1/D,187
Greece,F1,24
Greece,G1,4
Greece,G2,6
Greece,G4,5
Greece,H1B,41
Greece,H2A,1
Greece,H2B,16
Greece,H4,6
Greece,I,16
Greece,J1,45
Greece,J2,4
Greece,K1,4
Greece,L1,9
Greece,L2,3
Greece,NATO2,8
Greece,NATO6,2
Greece,O1,11
Greece,O2,12
Greece,O3,4
Greece,P1,1
Greece,P3,28
Greece,R1,4
Greece,TD,1
Grenada,A2,6
Grenada,B1,1
Grenada,B1/B2,262
Grenada,B2,3
Grenada,C1,1
Grenada,C1/D,4
Grenada,C3,1
Grenada,F1,2
Grenada,G2,1
Grenada,H1B,1
Grenada,J1,2
Grenada,K1,1
Grenada,L1,1
Grenada,P3,1
Guatemala,A1,6
Guatemala,A2,46
Guatemala,B1,8
Guatemala,B1/B2,"7,221"
Guatemala,BBBCC,1
Guatemala,C1,2
Guatemala,C1/D,18
Guatemala,C3,6
Guatemala,F1,33
Guatemala,F2,1
Guatemala,G1,3
Guatemala,G2,3
Guatemala,G4,4
Guatemala,G5,1
Guatemala,H1B,13
Guatemala,H2A,156
Guatemala,H2B,837
Guatemala,H4,7
Guatemala,I,6
Guatemala,J1,21
Guatemala,J2,2
Guatemala,K1,12
Guatemala,K2,7
Guatemala,L1,10
Guatemala,L2,10
Guatemala,M1,5
Guatemala,O1,1
Guatemala,O2,1
Guatemala,P1,4
Guatemala,P3,11
Guatemala,P4,4
Guatemala,R1,5
Guatemala,R2,2
Guatemala,T4,1
Guatemala,U3,6
Guinea,A1,1
Guinea,A2,9
Guinea,B1/B2,250
Guinea,B2,1
Guinea,C1,1
Guinea,F1,4
Guinea,G1,2
Guinea,G2,5
Guinea,G4,5
Guinea,H4,1
Guinea,J1,2
Guinea,K1,12
Guinea,P1,2
Guinea,P3,1
Guinea-Bissau,A2,2
Guinea-Bissau,B1/B2,6
Guinea-Bissau,G2,3
Guinea-Bissau,H1B,1
Guinea-Bissau,J1,1
Guinea-Bissau,P1,1
Guyana,A1,1
Guyana,A2,12
Guyana,B1,4
Guyana,B1/B2,"3,480"
Guyana,B2,6
Guyana,C1,2
Guyana,C1/D,13
Guyana,C3,11
Guyana,F1,6
Guyana,F2,3
Guyana,G4,1
Guyana,I,1
Guyana,J1,6
Guyana,J2,10
Guyana,K1,9
Guyana,K2,2
Guyana,M1,1
Haiti,A1,8
Haiti,A2,43
Haiti,B1,1
Haiti,B1/B2,813
Haiti,B2,1
Haiti,C1,14
Haiti,C1/D,6
Haiti,C2,1
Haiti,C3,13
Haiti,F1,6
Haiti,F2,2
Haiti,G1,3
Haiti,G2,1
Haiti,G4,20
Haiti,H1B,2
Haiti,I,1
Haiti,J1,4
Haiti,J2,3
Haiti,K1,15
Haiti,L1,3
Haiti,L2,2
Haiti,P1,3
Haiti,P3,34
Honduras,A1,2
Honduras,A2,89
Honduras,B1,3
Honduras,B1/B2,"6,911"
Honduras,B2,23
Honduras,C1,8
Honduras,C1/D,74
Honduras,C3,1
Honduras,D,1
Honduras,E2,12
Honduras,F1,31
Honduras,F2,1
Honduras,G4,5
Honduras,H1B,17
Honduras,H2A,100
Honduras,H2B,494
Honduras,H4,5
Honduras,I,4
Honduras,J1,22
Honduras,J2,4
Honduras,K1,38
Honduras,K2,13
Honduras,L1,4
Honduras,L2,3
Honduras,O2,1
Honduras,P1,1
Honduras,T3,1
Honduras,U2,1
Honduras,U3,5
Hong Kong S.A.R.,B1,7
Hong Kong S.A.R.,B1/B2,"3,537"
Hong Kong S.A.R.,C1/D,111
Hong Kong S.A.R.,F1,30
Hong Kong S.A.R.,G4,3
Hong Kong S.A.R.,H1B,21
Hong Kong S.A.R.,H4,6
Hong Kong S.A.R.,J1,16
Hong Kong S.A.R.,J2,1
Hong Kong S.A.R.,K1,3
Hong Kong S.A.R.,K2,1
Hong Kong S.A.R.,L1,8
Hong Kong S.A.R.,L2,3
Hong Kong S.A.R.,M1,8
Hong Kong S.A.R.,O1,6
Hong Kong S.A.R.,O3,1
Hong Kong S.A.R.,R1,1
Hungary,A1,3
Hungary,A2,19
Hungary,B1,11
Hungary,B1/B2,413
Hungary,C1/D,33
Hungary,E2,1
Hungary,F1,4
Hungary,G1,2
Hungary,G2,13
Hungary,G4,5
Hungary,H1B,6
Hungary,H2B,16
Hungary,H4,5
Hungary,I,3
Hungary,J1,31
Hungary,J2,3
Hungary,K1,8
Hungary,L1,12
Hungary,L2,14
Hungary,NATO2,11
Hungary,NATO4,1
Hungary,NATO6,1
Hungary,O1,9
Hungary,O3,1
Hungary,P1,10
Hungary,R1,1
Iceland,A1,2
Iceland,A2,2
Iceland,B1/B2,36
Iceland,B2,1
Iceland,C1/D,18
Iceland,F1,2
Iceland,G2,3
Iceland,G4,1
Iceland,H1B,1
Iceland,H4,1
Iceland,J1,3
Iceland,J2,1
Iceland,K1,1
Iceland,O1,1
Iceland,Q1,1
India,A1,4
India,A2,137
India,A3,21
India,B1,49
India,B1/B2,"86,843"
India,B2,44
India,C1,73
India,C1/D,"4,408"
India,C3,7
India,E2,8
India,E3D,13
India,F1,581
India,F2,118
India,G1,14
India,G2,19
India,G4,102
India,H1B,"13,100"
India,H3,5
India,H4,"8,783"
India,I,18
India,J1,686
India,J2,235
India,K1,62
India,K2,4
India,L1,"1,824"
India,L2,"2,091"
India,M1,42
India,O1,119
India,O2,47
India,O3,41
India,P1,3
India,P3,93
India,P4,1
India,R1,83
India,R2,48
India,T2,1
India,TD,25
India,U2,4
India,U3,4
India,U5,1
Indonesia,A1,12
Indonesia,A2,247
Indonesia,B1,63
Indonesia,B1/B2,"4,012"
Indonesia,B2,4
Indonesia,C1,13
Indonesia,C1/D,"1,378"
Indonesia,C3,4
Indonesia,E3D,2
Indonesia,F1,44
Indonesia,F2,3
Indonesia,G1,9
Indonesia,G2,38
Indonesia,G4,33
Indonesia,H1B,43
Indonesia,H4,4
Indonesia,I,2
Indonesia,J1,315
Indonesia,J2,10
Indonesia,K1,31
Indonesia,K2,2
Indonesia,L1,19
Indonesia,L2,16
Indonesia,M1,1
Indonesia,O1,4
Indonesia,P1,1
Indonesia,R1,2
Iran,A3,1
Iran,B1,2
Iran,B1/B2,"1,202"
Iran,B2,3
Iran,F1,388
Iran,F2,85
Iran,G1,8
Iran,G2,8
Iran,G4,17
Iran,H1B,5
Iran,H4,3
Iran,I,1
Iran,J1,71
Iran,J2,35
Iran,K1,67
Iran,K2,3
Iran,L1,1
Iran,O1,1
Iran,O2,7
Iran,TD,3
Iraq,A1,10
Iraq,A2,37
Iraq,B1,11
Iraq,B1/B2,599
Iraq,B2,38
Iraq,C1,1
Iraq,C1/D,3
Iraq,F1,9
Iraq,F2,8
Iraq,G1,1
Iraq,G2,4
Iraq,G4,3
Iraq,H1B,5
Iraq,H4,5
Iraq,I,5
Iraq,J1,11
Iraq,J2,2
Iraq,K1,51
Iraq,K2,2
Iraq,O1,1
Iraq,P3,3
Ireland,A2,17
Ireland,B1,5
Ireland,B1/B2,253
Ireland,C1/D,89
Ireland,E1,2
Ireland,E2,21
Ireland,F1,19
Ireland,G2,6
Ireland,G4,9
Ireland,H1B,40
Ireland,H2A,1
Ireland,H2B,15
Ireland,H4,3
Ireland,I,37
Ireland,J1,82
Ireland,K1,4
Ireland,L1,69
Ireland,L2,17
Ireland,M1,2
Ireland,NATO6,1
Ireland,O1,22
Ireland,O2,8
Ireland,O3,1
Ireland,P1,23
Ireland,P3,47
Ireland,R1,1
Ireland,TD,1
Israel,A1,7
Israel,A2,196
Israel,B1,4
Israel,B1/B2,"1,738"
Israel,B2,4
Israel,C1/D,50
Israel,C3,1
Israel,E1,17
Israel,E2,45
Israel,E3D,6
Israel,F1,39
Israel,F2,4
Israel,G1,7
Israel,G2,1
Israel,G4,2
Israel,H1B,19
Israel,H4,20
Israel,I,6
Israel,J1,42
Israel,J2,28
Israel,K1,1
Israel,L1,62
Israel,L2,97
Israel,M1,5
Israel,O1,32
Israel,O2,15
Israel,O3,28
Israel,P1,4
Israel,P3,1
Israel,R1,6
Israel,R2,6
Italy,A1,6
Italy,A2,50
Italy,A3,1
Italy,B1,5
Italy,B1/B2,"1,294"
Italy,B2,1
Italy,C1,1
Italy,C1/D,303
Italy,E1,36
Italy,E2,143
Italy,F1,155
Italy,F2,6
Italy,G1,1
Italy,G2,17
Italy,G3,1
Italy,G4,51
Italy,H1B,70
Italy,H2B,33
Italy,H3,2
Italy,H4,8
Italy,I,35
Italy,J1,430
Italy,J2,8
Italy,K1,17
Italy,K2,1
Italy,L1,109
Italy,L2,40
Italy,M1,3
Italy,NATO2,96
Italy,NATO4,4
Italy,NATO6,3
Italy,O1,72
Italy,O2,26
Italy,O3,15
Italy,P1,49
Italy,P3,1
Italy,Q1,24
Italy,R1,8
Jamaica,A2,32
Jamaica,B1,47
Jamaica,B1/B2,"8,007"
Jamaica,B2,5
Jamaica,C1,12
Jamaica,C1/D,81
Jamaica,C3,24
Jamaica,E2,6
Jamaica,F1,52
Jamaica,F2,8
Jamaica,G2,1
Jamaica,G4,8
Jamaica,H1B,55
Jamaica,H2A,18
Jamaica,H2B,612
Jamaica,H4,49
Jamaica,I,6
Jamaica,J1,28
Jamaica,J2,111
Jamaica,K1,62
Jamaica,K2,10
Jamaica,L1,2
Jamaica,L2,3
Jamaica,O1,1
Jamaica,O2,13
Jamaica,O3,4
Jamaica,P3,1
Jamaica,Q1,1
Jamaica,R1,2
Jamaica,R2,3
Jamaica,U3,1
Japan,A1,18
Japan,A2,706
Japan,B1,26
Japan,B1/B2,713
Japan,C1,1
Japan,C1/D,576
Japan,C3,84
Japan,CW1,2
Japan,E1,70
Japan,E2,"1,184"
Japan,E3D,3
Japan,F1,132
Japan,F2,17
Japan,G1,7
Japan,G2,24
Japan,G4,29
Japan,H1B,64
Japan,H2B,1
Japan,H4,36
Japan,I,139
Japan,J1,189
Japan,J2,100
Japan,K1,33
Japan,K2,1
Japan,L1,221
Japan,L2,221
Japan,M1,23
Japan,NATO6,1
Japan,O1,50
Japan,O2,19
Japan,O3,12
Japan,P1,51
Japan,P3,8
Japan,P4,1
Japan,Q1,5
Japan,R1,2
Jordan,A2,129
Jordan,B1,6
Jordan,B1/B2,"2,741"
Jordan,B2,2
Jordan,C1,1
Jordan,C1/D,37
Jordan,E2,7
Jordan,F1,30
Jordan,F2,5
Jordan,G2,1
Jordan,G4,13
Jordan,H1B,34
Jordan,H4,19
Jordan,I,2
Jordan,J1,36
Jordan,J2,17
Jordan,K1,12
Jordan,L1,3
Jordan,L2,8
Jordan,O1,2
Kazakhstan,A2,10
Kazakhstan,B1/B2,"2,135"
Kazakhstan,B2,7
Kazakhstan,C1/D,7
Kazakhstan,D,1
Kazakhstan,E2,8
Kazakhstan,F1,27
Kazakhstan,F2,20
Kazakhstan,G2,11
Kazakhstan,H1B,12
Kazakhstan,H2B,1
Kazakhstan,H4,9
Kazakhstan,I,3
Kazakhstan,J1,22
Kazakhstan,J2,17
Kazakhstan,K1,2
Kazakhstan,L1,9
Kazakhstan,L2,11
Kazakhstan,O3,5
Kazakhstan,P1,3
Kenya,A1,5
Kenya,A2,32
Kenya,B1,41
Kenya,B1/B2,"1,098"
Kenya,B2,143
Kenya,C1,5
Kenya,C1/D,143
Kenya,F1,67
Kenya,F2,18
Kenya,G2,25
Kenya,G4,33
Kenya,H1B,16
Kenya,H4,32
Kenya,I,2
Kenya,J1,16
Kenya,J2,30
Kenya,K1,45
Kenya,K2,4
Kenya,L1,2
Kenya,L2,2
Kenya,M1,2
Kenya,O1,3
Kenya,P4,3
Kenya,R1,7
Kenya,R2,2
Kiribati,B1/B2,3
Kiribati,C3,3
Kiribati,G2,1
Kiribati,J1,3
"Korea, South",A2,563
"Korea, South",B1,3
"Korea, South",B1/B2,"1,047"
"Korea, South",C1/D,439
"Korea, South",C3,5
"Korea, South",CW1,6
"Korea, South",CW2,2
"Korea, South",E1,3
"Korea, South",E2,363
"Korea, South",F1,324
"Korea, South",F2,115
"Korea, South",G2,1
"Korea, South",G4,19
"Korea, South",H1B,236
"Korea, South",H2A,1
"Korea, South",H2B,1
"Korea, South",H3,2
"Korea, South",H4,62
"Korea, South",I,12
"Korea, South",J1,466
"Korea, South",J2,250
"Korea, South",K1,24
"Korea, South",L1,236
"Korea, South",L2,253
"Korea, South",M1,10
"Korea, South",M2,1
"Korea, South",O1,60
"Korea, South",O2,117
"Korea, South",O3,26
"Korea, South",P1,54
"Korea, South",P3,1
"Korea, South",P4,2
"Korea, South",R1,15
"Korea, South",R2,23
"Korea, South",TD,6
Kosovo,A2,7
Kosovo,B1,1
Kosovo,B1/B2,714
Kosovo,B2,10
Kosovo,C1/D,1
Kosovo,G2,9
Kosovo,G4,2
Kosovo,H1B,1
Kosovo,I,1
Kosovo,J1,1
Kosovo,K1,5
Kosovo,L1,1
Kosovo,O1,1
Kosovo,O2,3
Kosovo,P3,9
Kuwait,A2,58
Kuwait,B1/B2,829
Kuwait,C1/D,6
Kuwait,F1,55
Kuwait,F2,14
Kuwait,G2,4
Kuwait,H1B,2
Kuwait,J1,1
Kuwait,O1,1
Kyrgyzstan,A1,3
Kyrgyzstan,A2,2
Kyrgyzstan,B1/B2,887
Kyrgyzstan,C1,21
Kyrgyzstan,D,24
Kyrgyzstan,F1,50
Kyrgyzstan,F2,4
Kyrgyzstan,G2,19
Kyrgyzstan,G4,2
Kyrgyzstan,H1B,1
Kyrgyzstan,J1,9
Kyrgyzstan,K1,3
Kyrgyzstan,L1,1
Kyrgyzstan,L2,4
Kyrgyzstan,M1,2
Kyrgyzstan,P1,4
Laos,A1,5
Laos,A2,4
Laos,B1/B2,37
Laos,F1,1
Laos,G2,13
Laos,G4,2
Laos,I,1
Laos,K1,89
Laos,K2,5
Latvia,A2,7
Latvia,B1,2
Latvia,B1/B2,47
Latvia,C1/D,67
Latvia,E1,3
Latvia,F1,4
Latvia,G1,1
Latvia,G2,5
Latvia,H1B,2
Latvia,H2B,1
Latvia,H4,2
Latvia,I,2
Latvia,J1,10
Latvia,L1,4
Latvia,L2,2
Latvia,NATO2,13
Latvia,NATO6,1
Latvia,O3,1
Latvia,P1,9
Latvia,P4,5
Lebanon,A2,5
Lebanon,A3,1
Lebanon,B1/B2,813
Lebanon,B2,1
Lebanon,C1,1
Lebanon,C1/D,16
Lebanon,E1,1
Lebanon,F1,7
Lebanon,G2,1
Lebanon,G4,8
Lebanon,H1B,5
Lebanon,I,3
Lebanon,J1,12
Lebanon,J2,1
Lebanon,K1,27
Lebanon,K2,2
Lebanon,L1,5
Lebanon,L2,8
Lebanon,O1,1
Lebanon,O3,1
Lesotho,A2,1
Lesotho,B1/B2,12
Lesotho,G1,4
Lesotho,G2,4
Lesotho,G4,3
Lesotho,J1,1
Liberia,A1,9
Liberia,A2,13
Liberia,B1/B2,57
Liberia,B2,1
Liberia,F1,1
Liberia,F2,3
Liberia,G2,4
Liberia,G4,3
Liberia,K1,23
Liberia,K2,4
Libya,A1,10
Libya,A2,5
Libya,B1,9
Libya,B1/B2,269
Libya,B2,1
Libya,D,4
Libya,F1,12
Libya,F2,8
Libya,G1,3
Libya,G2,5
Libya,G4,5
Libya,H1B,4
Libya,H4,1
Libya,J1,3
Libya,J2,1
Libya,O1,2
Liechtenstein,A2,2
Liechtenstein,B1,1
Liechtenstein,C1/D,1
Lithuania,A2,15
Lithuania,B1,5
Lithuania,B1/B2,46
Lithuania,C1/D,16
Lithuania,E2,19
Lithuania,F1,5
Lithuania,G2,4
Lithuania,G4,1
Lithuania,H1B,2
Lithuania,I,1
Lithuania,J1,9
Lithuania,J2,3
Lithuania,K1,3
Lithuania,L1,7
Lithuania,L2,2
Lithuania,NATO2,24
Lithuania,O1,2
Lithuania,O2,1
Lithuania,O3,1
Lithuania,P3,6
Luxembourg,A1,3
Luxembourg,A2,18
Luxembourg,B1/B2,15
Luxembourg,C1/D,2
Luxembourg,F1,1
Luxembourg,G2,2
Luxembourg,G4,4
Luxembourg,H1B,2
Luxembourg,I,1
Luxembourg,J1,1
Luxembourg,L1,3
Luxembourg,L2,4
Luxembourg,O1,1
Luxembourg,O2,1
Luxembourg,P1,2
Macau S.A.R.,B1/B2,143
Macau S.A.R.,C1/D,1
Macau S.A.R.,F1,4
Macau S.A.R.,G2,2
Macau S.A.R.,H1B,1
Macau S.A.R.,J1,1
Madagascar,A1,4
Madagascar,A2,9
Madagascar,B1/B2,102
Madagascar,C1/D,142
Madagascar,F1,10
Madagascar,F2,1
Madagascar,G2,11
Madagascar,G4,13
Madagascar,H4,1
Madagascar,J1,5
Madagascar,K1,1
Madagascar,K2,2
Madagascar,M1,1
Malawi,A1,1
Malawi,A2,11
Malawi,B1,4
Malawi,B1/B2,152
Malawi,B2,3
Malawi,C1,1
Malawi,C1/D,2
Malawi,C3,1
Malawi,F1,12
Malawi,F2,8
Malawi,G2,23
Malawi,G4,7
Malawi,H1B,1
Malawi,O1,1
Malaysia,A2,45
Malaysia,B1,27
Malaysia,B1/B2,"2,040"
Malaysia,B2,2
Malaysia,C1,2
Malaysia,C1/D,204
Malaysia,C4/D3,15
Malaysia,E2,1
Malaysia,E3D,1
Malaysia,F1,21
Malaysia,G2,2
Malaysia,G4,9
Malaysia,H1B,33
Malaysia,H3,2
Malaysia,H4,11
Malaysia,J1,154
Malaysia,J2,4
Malaysia,K1,2
Malaysia,L1,49
Malaysia,L2,12
Malaysia,M1,2
Malaysia,O1,3
Malaysia,O2,2
Malaysia,R1,2
Malaysia,R2,1
Maldives,B1/B2,47
Maldives,C1,1
Maldives,G2,7
Maldives,J1,1
Mali,A2,14
Mali,B1/B2,347
Mali,F1,12
Mali,G2,4
Mali,G4,5
Mali,J1,3
Mali,K1,3
Mali,O1,2
Malta,A2,5
Malta,B1,1
Malta,B1/B2,12
Malta,C1/D,2
Malta,H1B,1
Malta,I,2
Malta,O2,1
Malta,P1,1
Marshall Islands,B1/B2,1
Marshall Islands,B2,2
Marshall Islands,C1,1
Mauritania,A1,2
Mauritania,A2,7
Mauritania,B1,1
Mauritania,B1/B2,99
Mauritania,B2,1
Mauritania,F1,1
Mauritania,G1,3
Mauritania,G2,17
Mauritania,G4,6
Mauritania,I,1
Mauritania,J1,7
Mauritania,L1,2
Mauritania,L2,2
Mauritius,B1/B2,154
Mauritius,C1/D,68
Mauritius,F1,4
Mauritius,G1,1
Mauritius,G2,4
Mauritius,G4,1
Mauritius,H1B,2
Mauritius,H2B,15
Mauritius,J1,13
Mauritius,J2,1
Mauritius,L1,1
Mexico,A1,7
Mexico,A2,149
Mexico,B1,572
Mexico,B1/B2,"2,017"
Mexico,B2,9
Mexico,BBBCC,"204,237"
Mexico,BBBCV,"3,345"
Mexico,C1,8
Mexico,C1/D,400
Mexico,D,2
Mexico,E1,18
Mexico,E2,122
Mexico,E3D,1
Mexico,F1,163
Mexico,F2,24
Mexico,G1,2
Mexico,G2,1
Mexico,G4,27
Mexico,H1B,313
Mexico,H2A,"13,461"
Mexico,H2B,"9,307"
Mexico,H3,27
Mexico,H4,430
Mexico,I,96
Mexico,J1,284
Mexico,J2,22
Mexico,K1,363
Mexico,K2,71
Mexico,L1,292
Mexico,L2,314
Mexico,M1,21
Mexico,O1,73
Mexico,O2,195
Mexico,O3,31
Mexico,P1,489
Mexico,P3,147
Mexico,P4,20
Mexico,Q1,18
Mexico,R1,22
Mexico,R2,4
Mexico,T2,1
Mexico,TD,793
Mexico,TN,"1,089"
Mexico,U1,9
Mexico,U2,4
Mexico,U3,19
Mexico,U4,1
"Micronesia, Federated States of",J1,2
Moldova,A2,10
Moldova,B1/B2,240
Moldova,B2,2
Moldova,C1/D,10
Moldova,E2,1
Moldova,F1,3
Moldova,G2,3
Moldova,G4,3
Moldova,J1,8
Moldova,K1,6
Moldova,K2,2
Moldova,L1,1
Moldova,L2,1
Moldova,O2,1
Moldova,P1,8
Moldova,P3,26
Moldova,TD,1
Monaco,B1/B2,1
Monaco,C1/D,1
Mongolia,A2,20
Mongolia,B1/B2,"1,746"
Mongolia,C1/D,1
Mongolia,E2,7
Mongolia,E3D,1
Mongolia,F1,36
Mongolia,F2,7
Mongolia,G2,34
Mongolia,G4,4
Mongolia,H1B,7
Mongolia,H4,2
Mongolia,I,5
Mongolia,J1,33
Mongolia,J2,4
Mongolia,K1,1
Mongolia,L1,1
Mongolia,M1,2
Mongolia,P4,1
Mongolia,R1,3
Mongolia,TD,1
Montenegro,A1,2
Montenegro,A2,22
Montenegro,B1,2
Montenegro,B1/B2,435
Montenegro,C1/D,207
Montenegro,F1,1
Montenegro,G2,4
Montenegro,H1B,2
Montenegro,J1,3
Montenegro,K1,4
Montenegro,L1,1
Montenegro,NATO2,4
Montenegro,O1,1
Montenegro,P3,2
Morocco,A1,1
Morocco,A2,48
Morocco,A3,2
Morocco,B1,5
Morocco,B1/B2,"2,354"
Morocco,B2,27
Morocco,C1,1
Morocco,C1/D,90
Morocco,E3D,1
Morocco,F1,33
Morocco,G2,5
Morocco,G4,10
Morocco,G5,1
Morocco,H1B,8
Morocco,H4,1
Morocco,I,1
Morocco,J1,9
Morocco,K1,58
Morocco,K2,3
Morocco,L1,2
Morocco,L2,4
Morocco,O1,1
Morocco,O3,1
Morocco,P1,1
Mozambique,A2,9
Mozambique,B1,1
Mozambique,B1/B2,134
Mozambique,B2,1
Mozambique,C1,17
Mozambique,C1/D,1
Mozambique,C3,13
Mozambique,F1,2
Mozambique,G1,9
Mozambique,G2,6
Mozambique,G4,9
Mozambique,J1,9
Mozambique,J2,3
Mozambique,L1,1
Mozambique,L2,3
Mozambique,R1,1
Namibia,A2,6
Namibia,B1,5
Namibia,B1/B2,105
Namibia,C1/D,7
Namibia,F1,2
Namibia,G1,5
Namibia,G2,2
Namibia,G4,1
Namibia,J1,5
Namibia,J2,1
Namibia,K1,1
Nauru,A1,2
Nauru,A2,2
Nauru,B2,1
Nepal,A2,5
Nepal,B1,1
Nepal,B1/B2,"1,669"
Nepal,B2,2
Nepal,C1,6
Nepal,C1/D,36
Nepal,F1,712
Nepal,F2,22
Nepal,G2,6
Nepal,G4,28
Nepal,H1B,128
Nepal,H4,24
Nepal,J1,25
Nepal,J2,13
Nepal,K1,17
Nepal,L1,11
Nepal,L2,6
Nepal,M1,1
Nepal,O1,2
Nepal,O3,2
Nepal,R1,1
Nepal,R2,2
Nepal,TD,2
Nepal,U2,1
Nepal,U3,1
Netherlands,A2,56
Netherlands,B1,66
Netherlands,B1/B2,545
Netherlands,B2,1
Netherlands,C1/D,88
Netherlands,E1,3
Netherlands,E2,15
Netherlands,F1,16
Netherlands,G2,9
Netherlands,G4,11
Netherlands,H1B,17
Netherlands,H4,1
Netherlands,I,13
Netherlands,J1,62
Netherlands,J2,7
Netherlands,K1,13
Netherlands,K2,2
Netherlands,L1,48
Netherlands,L2,27
Netherlands,M1,3
Netherlands,NATO2,3
Netherlands,NATO4,1
Netherlands,NATO6,66
Netherlands,O1,17
Netherlands,O2,10
Netherlands,O3,3
Netherlands,P1,69
Netherlands,Q1,1
New Zealand,A1,4
New Zealand,A2,44
New Zealand,B1,2
New Zealand,B1/B2,275
New Zealand,C1,1
New Zealand,C1/D,115
New Zealand,C3,11
New Zealand,E1,3
New Zealand,E2,8
New Zealand,E3D,3
New Zealand,F1,12
New Zealand,G2,1
New Zealand,G4,8
New Zealand,H1B,18
New Zealand,H2B,9
New Zealand,H4,6
New Zealand,I,5
New Zealand,J1,49
New Zealand,J2,2
New Zealand,K1,5
New Zealand,L1,9
New Zealand,L2,5
New Zealand,M1,1
New Zealand,O1,20
New Zealand,O2,5
New Zealand,O3,3
New Zealand,P1,5
New Zealand,P3,2
New Zealand,R1,6
Nicaragua,B1,41
Nicaragua,B1/B2,"1,718"
Nicaragua,B2,3
Nicaragua,C1,15
Nicaragua,C1/D,108
Nicaragua,C3,1
Nicaragua,F1,13
Nicaragua,G4,6
Nicaragua,H1B,7
Nicaragua,H2A,31
Nicaragua,H2B,1
Nicaragua,H4,6
Nicaragua,I,1
Nicaragua,J1,8
Nicaragua,K1,6
Nicaragua,K2,1
Nicaragua,L1,3
Nicaragua,L2,7
Nicaragua,P1,1
Nicaragua,P3,1
Nicaragua,R1,2
Nicaragua,U2,1
Niger,A1,3
Niger,B1,3
Niger,B1/B2,91
Niger,F1,18
Niger,G1,3
Niger,G2,1
Niger,G4,10
Niger,P1,1
Nigeria,A1,7
Nigeria,A2,61
Nigeria,B1,6
Nigeria,B1/B2,"5,985"
Nigeria,B2,5
Nigeria,C1,3
Nigeria,C1/D,30
Nigeria,C3,3
Nigeria,F1,249
Nigeria,F2,56
Nigeria,G1,6
Nigeria,G2,94
Nigeria,G4,47
Nigeria,G5,1
Nigeria,H1B,117
Nigeria,H4,76
Nigeria,I,17
Nigeria,J1,58
Nigeria,J2,30
Nigeria,K1,81
Nigeria,K2,5
Nigeria,L1,14
Nigeria,L2,20
Nigeria,O1,14
Nigeria,O2,6
Nigeria,O3,2
Nigeria,P1,2
Nigeria,P3,7
Nigeria,R1,14
Nigeria,R2,1
*Non-Nationality Based Issuances,B1,3
*Non-Nationality Based Issuances,B1/B2,163
*Non-Nationality Based Issuances,C1/D,16
*Non-Nationality Based Issuances,E2,1
*Non-Nationality Based Issuances,F1,4
*Non-Nationality Based Issuances,F2,1
*Non-Nationality Based Issuances,G4,8
*Non-Nationality Based Issuances,H1B,1
*Non-Nationality Based Issuances,J1,10
*Non-Nationality Based Issuances,K1,4
*Non-Nationality Based Issuances,L1,1
*Non-Nationality Based Issuances,O1,1
North Macedonia,A1,4
North Macedonia,A2,17
North Macedonia,B1,3
North Macedonia,B1/B2,496
North Macedonia,C1/D,12
North Macedonia,E2,2
North Macedonia,F1,3
North Macedonia,G2,5
North Macedonia,G4,5
North Macedonia,H1B,2
North Macedonia,H2B,1
North Macedonia,H4,1
North Macedonia,I,2
North Macedonia,J1,13
North Macedonia,J2,2
North Macedonia,K1,1
North Macedonia,L2,1
North Macedonia,NATO2,2
North Macedonia,P3,11
Norway,A1,3
Norway,A2,35
Norway,B1,2
Norway,B1/B2,252
Norway,C1/D,111
Norway,C3,1
Norway,E2,11
Norway,F1,37
Norway,G2,2
Norway,G4,6
Norway,H1B,2
Norway,H2B,1
Norway,H4,1
Norway,I,19
Norway,J1,19
Norway,K1,1
Norway,L1,19
Norway,L2,7
Norway,M1,4
Norway,NATO2,8
Norway,O1,11
Norway,O2,7
Norway,P1,12
Norway,Q1,7
Norway,R1,1
Oman,A2,39
Oman,B1,1
Oman,B1/B2,216
Oman,C1/D,17
Oman,F1,95
Oman,F2,4
Oman,G2,9
Oman,H1B,1
Oman,J1,1
Oman,L1,1
Oman,L2,4
Oman,M1,1
Pakistan,A1,14
Pakistan,A2,77
Pakistan,A3,1
Pakistan,B1,8
Pakistan,B1/B2,"8,990"
Pakistan,B2,21
Pakistan,C1,1
Pakistan,C1/D,36
Pakistan,E1,11
Pakistan,E2,10
Pakistan,E3D,2
Pakistan,F1,148
Pakistan,F2,42
Pakistan,G1,14
Pakistan,G2,5
Pakistan,G4,42
Pakistan,H1B,123
Pakistan,H4,143
Pakistan,I,9
Pakistan,J1,116
Pakistan,J2,58
Pakistan,K1,20
Pakistan,K2,1
Pakistan,L1,31
Pakistan,L2,45
Pakistan,M1,6
Pakistan,O1,5
Pakistan,O2,10
Pakistan,P1,2
Pakistan,P3,13
Pakistan,P4,7
Pakistan,R1,4
Pakistan,R2,8
Pakistan,TD,6
Pakistan,U3,1
Palau,A2,2
Palau,B1/B2,1
Palau,J1,1
Palestinian Authority Travel Document,B1,4
Palestinian Authority Travel Document,B1/B2,"1,169"
Palestinian Authority Travel Document,B2,2
Palestinian Authority Travel Document,F1,10
Palestinian Authority Travel Document,F2,11
Palestinian Authority Travel Document,G4,4
Palestinian Authority Travel Document,H1B,3
Palestinian Authority Travel Document,H4,5
Palestinian Authority Travel Document,I,3
Palestinian Authority Travel Document,J1,9
Palestinian Authority Travel Document,J2,3
Palestinian Authority Travel Document,K1,2
Palestinian Authority Travel Document,L1,1
Panama,A1,26
Panama,A2,47
Panama,B1,7
Panama,B1/B2,"3,427"
Panama,B2,1
Panama,C1,3
Panama,C1/D,115
Panama,C3,1
Panama,F1,28
Panama,F2,1
Panama,G1,13
Panama,G4,9
Panama,H1B,11
Panama,H2B,1
Panama,H4,1
Panama,I,3
Panama,J1,10
Panama,J2,1
Panama,K1,4
Panama,L1,1
Panama,L2,1
Panama,O1,4
Panama,O2,4
Panama,O3,4
Panama,P1,6
Panama,P4,1
Panama,R1,2
Papua New Guinea,A1,5
Papua New Guinea,A2,15
Papua New Guinea,B1,3
Papua New Guinea,B1/B2,49
Papua New Guinea,C1,5
Papua New Guinea,C3,2
Papua New Guinea,G2,9
Papua New Guinea,G4,1
Papua New Guinea,J1,3
Papua New Guinea,L2,5
Papua New Guinea,R1,1
Paraguay,A1,2
Paraguay,A2,32
Paraguay,B1,20
Paraguay,B1/B2,"1,128"
Paraguay,B2,4
Paraguay,C1,2
Paraguay,C1/D,1
Paraguay,E2,1
Paraguay,F1,1
Paraguay,G2,7
Paraguay,G4,7
Paraguay,H1B,2
Paraguay,H2B,1
Paraguay,I,1
Paraguay,J1,297
Paraguay,K1,2
Paraguay,M1,2
Paraguay,O1,1
Paraguay,P1,8
Paraguay,TD,1
Peru,A1,10
Peru,A2,83
Peru,B1,62
Peru,B1/B2,"8,091"
Peru,B2,17
Peru,BBBCC,3
Peru,C1,53
Peru,C1/D,169
Peru,C3,17
Peru,E2,2
Peru,F1,122
Peru,F2,6
Peru,G1,4
Peru,G2,2
Peru,G4,24
Peru,G5,2
Peru,H1B,37
Peru,H2A,73
Peru,H2B,20
Peru,H4,9
Peru,I,9
Peru,J1,"3,879"
Peru,J2,3
Peru,K1,74
Peru,K2,15
Peru,L1,24
Peru,L2,30
Peru,M1,6
Peru,O1,3
Peru,O3,3
Peru,P1,4
Peru,P3,2
Peru,R1,6
Peru,T3,1
Peru,TD,2
Philippines,A1,2
Philippines,A2,192
Philippines,A3,7
Philippines,B1,312
Philippines,B1/B2,"12,504"
Philippines,B2,7
Philippines,C1,111
Philippines,C1/D,"4,183"
Philippines,C3,3
Philippines,C4/D3,1
Philippines,CW1,45
Philippines,CW2,19
Philippines,E2,5
Philippines,E2C,1
Philippines,E3D,1
Philippines,F1,36
Philippines,F2,2
Philippines,G1,2
Philippines,G2,7
Philippines,G4,23
Philippines,G5,1
Philippines,H1B,307
Philippines,H2B,184
Philippines,H4,196
Philippines,I,3
Philippines,J1,183
Philippines,J2,259
Philippines,K1,899
Philippines,K2,164
Philippines,L1,120
Philippines,L2,99
Philippines,O1,12
Philippines,O2,22
Philippines,O3,1
Philippines,P1,2
Philippines,R1,16
Philippines,R2,10
Philippines,T2,3
Philippines,T3,12
Philippines,TD,4
Poland,A1,3
Poland,A2,62
Poland,B1,17
Poland,B1/B2,593
Poland,B2,6
Poland,C1/D,148
Poland,E2,14
Poland,F1,16
Poland,G1,4
Poland,G2,5
Poland,G4,2
Poland,H1B,20
Poland,H2B,14
Poland,H3,1
Poland,H4,16
Poland,I,11
Poland,J1,65
Poland,J2,5
Poland,K1,10
Poland,K2,1
Poland,L1,45
Poland,L2,22
Poland,NATO2,28
Poland,NATO4,2
Poland,NATO6,2
Poland,O1,10
Poland,O2,1
Poland,O3,2
Poland,P1,33
Poland,P3,18
Poland,R1,4
Poland,TD,1
Portugal,A2,18
Portugal,B1,8
Portugal,B1/B2,401
Portugal,B2,3
Portugal,C1,2
Portugal,C1/D,179
Portugal,D,1
Portugal,E2,1
Portugal,F1,22
Portugal,F2,5
Portugal,G1,1
Portugal,G2,5
Portugal,G4,7
Portugal,G5,1
Portugal,H1B,16
Portugal,H2B,24
Portugal,H4,3
Portugal,I,10
Portugal,J1,25
Portugal,J2,3
Portugal,K1,6
Portugal,L1,23
Portugal,L2,7
Portugal,M1,1
Portugal,NATO2,25
Portugal,NATO4,3
Portugal,NATO6,2
Portugal,O1,11
Portugal,O2,2
Portugal,O3,1
Portugal,P1,9
Portugal,R1,2
Portugal,U3,1
Qatar,A1,9
Qatar,A2,73
Qatar,A3,6
Qatar,B1/B2,342
Qatar,C1/D,1
Qatar,F1,6
Qatar,G1,1
Qatar,G2,2
Qatar,J1,2
Romania,A1,1
Romania,A2,74
Romania,B1,20
Romania,B1/B2,"4,971"
Romania,B2,4
Romania,C1,1
Romania,C1/D,289
Romania,D,1
Romania,E1,1
Romania,E2,5
Romania,F1,11
Romania,F2,2
Romania,G2,18
Romania,G4,5
Romania,H1B,5
Romania,H2A,2
Romania,H2B,34
Romania,H4,1
Romania,I,14
Romania,J1,13
Romania,J2,2
Romania,K1,5
Romania,L1,14
Romania,L2,6
Romania,NATO2,33
Romania,NATO4,4
Romania,NATO6,3
Romania,O1,6
Romania,O2,2
Romania,P1,4
Romania,P3,26
Romania,R1,6
Romania,R2,11
Russia,A1,1
Russia,A2,23
Russia,B1,7
Russia,B1/B2,"3,770"
Russia,B2,9
Russia,BBBCC,1
Russia,C1,2
Russia,C1/D,304
Russia,E2,2
Russia,F1,41
Russia,F2,9
Russia,G2,31
Russia,G4,43
Russia,H1B,27
Russia,H4,20
Russia,I,3
Russia,J1,17
Russia,J2,6
Russia,K1,38
Russia,K2,13
Russia,L1,39
Russia,L2,49
Russia,M1,1
Russia,O1,33
Russia,O2,1
Russia,O3,20
Russia,P1,22
Russia,P3,4
Russia,P4,4
Russia,R1,3
Russia,R2,4
Russia,TD,1
Rwanda,A2,10
Rwanda,B1,20
Rwanda,B1/B2,98
Rwanda,B2,2
Rwanda,F1,4
Rwanda,G1,1
Rwanda,G2,3
Rwanda,G4,2
Rwanda,G5,1
Rwanda,H1B,6
Rwanda,H4,1
Rwanda,J1,1
Rwanda,K1,1
Saint Kitts and Nevis,B1,1
Saint Kitts and Nevis,B1/B2,281
Saint Kitts and Nevis,B2,2
Saint Kitts and Nevis,F1,6
Saint Kitts and Nevis,G4,1
Saint Kitts and Nevis,H1B,2
Saint Kitts and Nevis,J1,1
Saint Kitts and Nevis,L1,1
Saint Kitts and Nevis,L2,1
Saint Lucia,B1/B2,336
Saint Lucia,C1,1
Saint Lucia,C1/D,20
Saint Lucia,C3,1
Saint Lucia,F1,6
Saint Lucia,G4,4
Saint Lucia,H1B,4
Saint Lucia,H2B,1
Saint Lucia,J1,2
Saint Lucia,K1,1
Saint Vincent and the Grenadines,B1,13
Saint Vincent and the Grenadines,B1/B2,166
Saint Vincent and the Grenadines,C1/D,13
Saint Vincent and the Grenadines,C3,1
Saint Vincent and the Grenadines,F1,1
Saint Vincent and the Grenadines,F2,1
Saint Vincent and the Grenadines,K1,1
Saint Vincent and the Grenadines,K2,1
Saint Vincent and the Grenadines,M1,2
Samoa,B1/B2,12
Samoa,C1/D,4
Samoa,C3,2
Samoa,R1,1
San Marino,A2,2
Sao Tome and Principe,B1/B2,2
Sao Tome and Principe,G2,3
Sao Tome and Principe,G4,2
Sao Tome and Principe,J1,2
Saudi Arabia,A1,20
Saudi Arabia,A2,621
Saudi Arabia,A3,2
Saudi Arabia,B1,4
Saudi Arabia,B1/B2,"4,436"
Saudi Arabia,B2,13
Saudi Arabia,C1,1
Saudi Arabia,D,60
Saudi Arabia,F1,221
Saudi Arabia,F2,112
Saudi Arabia,G1,1
Saudi Arabia,G2,24
Saudi Arabia,G4,5
Saudi Arabia,H1B,12
Saudi Arabia,H4,9
Saudi Arabia,J1,21
Saudi Arabia,J2,9
Saudi Arabia,K1,4
Saudi Arabia,L1,2
Saudi Arabia,L2,9
Saudi Arabia,M1,35
Saudi Arabia,O1,4
Saudi Arabia,O2,1
Saudi Arabia,P1,1
Senegal,A1,7
Senegal,A2,18
Senegal,B1,2
Senegal,B1/B2,532
Senegal,C1,1
Senegal,D,1
Senegal,F1,11
Senegal,G1,4
Senegal,G2,10
Senegal,G4,16
Senegal,H1B,1
Senegal,H4,1
Senegal,I,1
Senegal,J1,1
Senegal,J2,3
Senegal,K1,11
Senegal,M1,1
Senegal,O1,1
Senegal,P1,2
Serbia,A1,3
Serbia,A2,19
Serbia,B1,10
Serbia,B1/B2,"1,537"
Serbia,B2,14
Serbia,C1,2
Serbia,C1/D,168
Serbia,E2,7
Serbia,F1,10
Serbia,G2,3
Serbia,G4,5
Serbia,H1B,17
Serbia,H2B,8
Serbia,H4,6
Serbia,I,10
Serbia,J1,10
Serbia,J2,1
Serbia,K1,8
Serbia,K2,1
Serbia,L1,15
Serbia,O1,5
Serbia,O2,1
Serbia,O3,1
Serbia,P1,11
Serbia,P3,2
Serbia,R1,1
Serbia,TD,1
Seychelles,A2,1
Seychelles,B1/B2,9
Seychelles,C1,1
Seychelles,G2,3
Seychelles,G4,2
Sierra Leone,A1,1
Sierra Leone,A2,49
Sierra Leone,B1/B2,160
Sierra Leone,B2,3
Sierra Leone,F1,15
Sierra Leone,G1,3
Sierra Leone,G2,14
Sierra Leone,H1B,1
Sierra Leone,J1,2
Sierra Leone,J2,2
Sierra Leone,K1,4
Sierra Leone,P1,1
Singapore,A1,1
Singapore,A2,118
Singapore,B1,1
Singapore,B1/B2,69
Singapore,C1,2
Singapore,C1/D,146
Singapore,E2,7
Singapore,F1,37
Singapore,G1,1
Singapore,G2,3
Singapore,G4,2
Singapore,H1B,50
Singapore,H1B1,70
Singapore,H4,23
Singapore,I,1
Singapore,J1,63
Singapore,K1,4
Singapore,L1,25
Singapore,L2,16
Singapore,M1,2
Singapore,O1,5
Singapore,O3,3
Singapore,P1,1
Singapore,P4,1
Singapore,TD,1
Slovakia,A2,4
Slovakia,B1,21
Slovakia,B1/B2,76
Slovakia,C1/D,8
Slovakia,E2,11
Slovakia,F1,7
Slovakia,G1,2
Slovakia,G2,4
Slovakia,G3,1
Slovakia,H1B,4
Slovakia,H4,2
Slovakia,J1,19
Slovakia,L1,8
Slovakia,L2,5
Slovakia,NATO2,11
Slovakia,O1,3
Slovakia,O2,1
Slovakia,O3,1
Slovakia,P1,4
Slovenia,A2,5
Slovenia,B1,1
Slovenia,B1/B2,45
Slovenia,C1/D,7
Slovenia,E2,1
Slovenia,F1,3
Slovenia,G2,7
Slovenia,H1B,2
Slovenia,I,2
Slovenia,J1,7
Slovenia,L1,1
Slovenia,NATO2,1
Slovenia,NATO6,3
Slovenia,O3,1
Slovenia,P1,8
Solomon Islands,A2,1
Solomon Islands,B1/B2,5
Solomon Islands,C1,2
Solomon Islands,C3,1
Solomon Islands,G2,1
Solomon Islands,J1,4
Somalia,A1,3
Somalia,A2,4
Somalia,B1/B2,14
Somalia,G2,1
Somalia,K1,11
South Africa,A1,8
South Africa,A2,23
South Africa,B1,22
South Africa,B1/B2,"3,852"
South Africa,B2,7
South Africa,C1,5
South Africa,C1/D,438
South Africa,E2,2
South Africa,F1,34
South Africa,F2,1
South Africa,G1,1
South Africa,G2,7
South Africa,G4,20
South Africa,H1B,25
South Africa,H2A,111
South Africa,H2B,230
South Africa,H4,35
South Africa,I,10
South Africa,J1,221
South Africa,J2,7
South Africa,K1,10
South Africa,K2,4
South Africa,L1,42
South Africa,L2,57
South Africa,M1,1
South Africa,O1,7
South Africa,O2,24
South Africa,O3,2
South Africa,P1,5
South Africa,R1,7
South Africa,R2,5
South Sudan,A2,2
South Sudan,B1,6
South Sudan,B1/B2,5
South Sudan,B2,4
South Sudan,F1,8
South Sudan,G1,1
South Sudan,G2,18
South Sudan,G4,2
South Sudan,H1B,2
South Sudan,K1,4
South Sudan,O1,16
South Sudan,R1,1
Spain,A1,2
Spain,A2,33
Spain,A3,1
Spain,B1,6
Spain,B1/B2,"2,117"
Spain,B2,23
Spain,BBBCC,1
Spain,C1,1
Spain,C1/D,298
Spain,C3,2
Spain,E1,14
Spain,E2,122
Spain,F1,78
Spain,F2,7
Spain,G1,1
Spain,G2,4
Spain,G3,2
Spain,G4,39
Spain,H1B,70
Spain,H2B,7
Spain,H3,1
Spain,H4,11
Spain,I,49
Spain,J1,185
Spain,J2,17
Spain,K1,5
Spain,K2,1
Spain,L1,95
Spain,L2,61
Spain,M1,2
Spain,NATO2,4
Spain,NATO4,3
Spain,NATO6,4
Spain,O1,44
Spain,O2,23
Spain,O3,4
Spain,P1,63
Spain,P3,8
Spain,P4,5
Spain,R1,4
Spain,TD,1
Sri Lanka,A1,3
Sri Lanka,A2,6
Sri Lanka,B1,1
Sri Lanka,B1/B2,875
Sri Lanka,B2,1
Sri Lanka,C1,4
Sri Lanka,C1/D,65
Sri Lanka,E2,2
Sri Lanka,F1,10
Sri Lanka,F2,5
Sri Lanka,G1,8
Sri Lanka,G2,12
Sri Lanka,G4,6
Sri Lanka,H1B,16
Sri Lanka,H4,11
Sri Lanka,I,1
Sri Lanka,J1,7
Sri Lanka,J2,3
Sri Lanka,K1,6
Sri Lanka,K2,1
Sri Lanka,L1,6
Sri Lanka,L2,8
Sri Lanka,M1,1
Sri Lanka,R1,4
Sri Lanka,TD,1
Sudan,A1,12
Sudan,A3,3
Sudan,B1,10
Sudan,B1/B2,312
Sudan,B2,1
Sudan,C1,1
Sudan,D,1
Sudan,F1,10
Sudan,F2,2
Sudan,G1,10
Sudan,G2,20
Sudan,G4,7
Sudan,H1B,9
Sudan,H4,6
Sudan,J1,5
Sudan,J2,1
Sudan,K1,6
Sudan,L1,1
Sudan,M1,2
Suriname,A1,1
Suriname,A2,9
Suriname,B1/B2,661
Suriname,C1,1
Suriname,C1/D,1
Suriname,C3,5
Suriname,E2,2
Suriname,F1,5
Suriname,G2,3
Suriname,G4,1
Suriname,H1B,1
Suriname,I,1
Sweden,A1,2
Sweden,A2,124
Sweden,B1,3
Sweden,B1/B2,512
Sweden,B2,1
Sweden,C1/D,39
Sweden,D,1
Sweden,E2,17
Sweden,E3D,1
Sweden,F1,29
Sweden,F2,1
Sweden,G2,8
Sweden,G4,21
Sweden,H1B,17
Sweden,H2B,1
Sweden,H4,2
Sweden,I,19
Sweden,J1,58
Sweden,J2,6
Sweden,K1,4
Sweden,L1,36
Sweden,L2,34
Sweden,M1,1
Sweden,NATO2,25
Sweden,NATO4,1
Sweden,O1,26
Sweden,O2,13
Sweden,O3,6
Sweden,P1,20
Sweden,P2,1
Sweden,P4,3
Sweden,Q1,1
Sweden,R1,2
Sweden,R2,3
Switzerland,A1,1
Switzerland,A2,17
Switzerland,B1,2
Switzerland,B1/B2,363
Switzerland,B2,1
Switzerland,C1/D,72
Switzerland,C3,1
Switzerland,E2,14
Switzerland,F1,63
Switzerland,G1,1
Switzerland,G2,1
Switzerland,G4,17
Switzerland,H1B,11
Switzerland,H3,1
Switzerland,H4,6
Switzerland,I,10
Switzerland,J1,53
Switzerland,J2,7
Switzerland,L1,17
Switzerland,L2,13
Switzerland,M1,3
Switzerland,O1,13
Switzerland,O2,2
Switzerland,O3,1
Switzerland,P1,14
Switzerland,R1,2
Switzerland,TD,1
Syria,B1,1
Syria,B1/B2,423
Syria,B2,1
Syria,F1,15
Syria,F2,1
Syria,G4,3
Syria,H1B,3
Syria,H4,3
Syria,I,1
Syria,J1,6
Syria,J2,2
Syria,K1,52
Syria,K2,1
Syria,P3,1
Syria,TD,2
Taiwan,B1,2
Taiwan,B1/B2,856
Taiwan,C1,7
Taiwan,C1/D,341
Taiwan,E1,54
Taiwan,E2,155
Taiwan,F1,92
Taiwan,F2,10
Taiwan,G4,5
Taiwan,H1B,164
Taiwan,H4,21
Taiwan,I,9
Taiwan,J1,51
Taiwan,J2,9
Taiwan,K1,10
Taiwan,K2,1
Taiwan,L1,111
Taiwan,L2,47
Taiwan,M1,23
Taiwan,O1,21
Taiwan,O2,51
Taiwan,O3,9
Taiwan,P1,21
Taiwan,P3,13
Taiwan,R1,13
Taiwan,TD,2
Tajikistan,A2,13
Tajikistan,B1/B2,246
Tajikistan,F1,11
Tajikistan,F2,1
Tajikistan,G2,4
Tajikistan,G4,8
Tajikistan,H1B,1
Tajikistan,I,1
Tajikistan,J1,16
Tajikistan,K1,2
Tajikistan,K2,1
Tajikistan,P1,1
Tanzania,A1,4
Tanzania,A2,100
Tanzania,B1,7
Tanzania,B1/B2,522
Tanzania,C1,2
Tanzania,C1/D,16
Tanzania,C3,10
Tanzania,F1,9
Tanzania,F2,1
Tanzania,G1,12
Tanzania,G2,23
Tanzania,G4,33
Tanzania,H1B,5
Tanzania,H4,3
Tanzania,J1,6
Tanzania,K1,2
Tanzania,K2,1
Tanzania,L1,2
Tanzania,L2,1
Tanzania,R1,2
Thailand,A1,5
Thailand,A2,170
Thailand,A3,1
Thailand,B1,4
Thailand,B1/B2,"3,352"
Thailand,B2,1
Thailand,C1,1
Thailand,C1/D,250
Thailand,C3,4
Thailand,CW1,1
Thailand,E1,1
Thailand,E2,45
Thailand,F1,93
Thailand,F2,3
Thailand,G2,11
Thailand,G4,9
Thailand,H1B,25
Thailand,H2A,11
Thailand,H2B,7
Thailand,H4,5
Thailand,I,4
Thailand,J1,62
Thailand,J2,9
Thailand,K1,73
Thailand,K2,28
Thailand,L1,14
Thailand,L2,13
Thailand,O1,8
Thailand,O2,7
Thailand,P1,6
Thailand,R1,3
Thailand,TD,1
Timor-Leste,A2,10
Timor-Leste,B1/B2,2
Timor-Leste,F1,1
Timor-Leste,G4,1
Timor-Leste,H1B,1
Timor-Leste,J1,1
Togo,A1,1
Togo,A2,15
Togo,B1/B2,145
Togo,B2,2
Togo,C1,3
Togo,F1,3
Togo,F2,1
Togo,G2,5
Togo,G4,2
Togo,I,1
Togo,J1,1
Togo,K1,1
Togo,L1,1
Tonga,A1,2
Tonga,A2,11
Tonga,B1/B2,72
Tonga,C1,1
Tonga,G4,1
Tonga,J1,2
Tonga,J2,1
Tonga,R1,6
Trinidad and Tobago,A1,7
Trinidad and Tobago,A2,4
Trinidad and Tobago,B1,1
Trinidad and Tobago,B1/B2,"3,489"
Trinidad and Tobago,B2,1
Trinidad and Tobago,C1,2
Trinidad and Tobago,C1/D,39
Trinidad and Tobago,C3,6
Trinidad and Tobago,F1,9
Trinidad and Tobago,F2,1
Trinidad and Tobago,G1,3
Trinidad and Tobago,G4,15
Trinidad and Tobago,H1B,17
Trinidad and Tobago,H4,4
Trinidad and Tobago,J1,2
Trinidad and Tobago,J2,1
Trinidad and Tobago,L1,19
Trinidad and Tobago,L2,20
Trinidad and Tobago,M1,3
Trinidad and Tobago,O1,1
Trinidad and Tobago,P1,5
Trinidad and Tobago,P3,26
Trinidad and Tobago,R2,1
Tunisia,A1,1
Tunisia,A2,44
Tunisia,B1,3
Tunisia,B1/B2,975
Tunisia,B2,26
Tunisia,C1/D,61
Tunisia,E2,2
Tunisia,F1,24
Tunisia,F2,2
Tunisia,G2,1
Tunisia,G4,10
Tunisia,H1B,5
Tunisia,H4,1
Tunisia,I,3
Tunisia,J1,7
Tunisia,K1,10
Tunisia,L1,2
Turkey,A1,5
Turkey,A2,28
Turkey,B1,5
Turkey,B1/B2,"10,437"
Turkey,B2,8
Turkey,C1/D,609
Turkey,E1,6
Turkey,E2,70
Turkey,F1,100
Turkey,F2,22
Turkey,G1,1
Turkey,G2,13
Turkey,G4,16
Turkey,H1B,82
Turkey,H2B,53
Turkey,H3,1
Turkey,H4,42
Turkey,I,12
Turkey,J1,106
Turkey,J2,42
Turkey,K1,44
Turkey,K2,1
Turkey,L1,41
Turkey,L2,50
Turkey,M1,1
Turkey,NATO2,8
Turkey,NATO4,3
Turkey,NATO6,5
Turkey,O1,15
Turkey,O3,5
Turkey,P1,1
Turkey,P3,3
Turkey,R1,2
Turkey,R2,4
Turkey,TD,1
Turkmenistan,A2,13
Turkmenistan,B1,1
Turkmenistan,B1/B2,187
Turkmenistan,C1/D,1
Turkmenistan,F1,43
Turkmenistan,F2,2
Turkmenistan,G4,1
Turkmenistan,H1B,2
Turkmenistan,H4,6
Turkmenistan,J1,22
Turkmenistan,K1,1
Turkmenistan,L1,1
Turks and Caicos Islands,B1/B2,21
Turks and Caicos Islands,F1,2
Tuvalu,C3,1
Tuvalu,G1,4
Uganda,A1,4
Uganda,A2,30
Uganda,B1,3
Uganda,B1/B2,623
Uganda,C1,6
Uganda,C1/D,34
Uganda,D,2
Uganda,F1,28
Uganda,F2,4
Uganda,G2,21
Uganda,G4,30
Uganda,H1B,7
Uganda,H3,1
Uganda,H4,8
Uganda,I,2
Uganda,J1,26
Uganda,K1,10
Uganda,L1,1
Uganda,L2,1
Uganda,P3,53
Uganda,P4,1
Uganda,R1,5
Ukraine,A1,7
Ukraine,A2,104
Ukraine,B1,27
Ukraine,B1/B2,"3,381"
Ukraine,B2,15
Ukraine,C1,1
Ukraine,C1/D,249
Ukraine,D,1
Ukraine,E2,18
Ukraine,F1,7
Ukraine,G1,1
Ukraine,G2,4
Ukraine,G4,9
Ukraine,G5,1
Ukraine,H1B,17
Ukraine,H2B,1
Ukraine,H4,8
Ukraine,I,2
Ukraine,J1,73
Ukraine,J2,3
Ukraine,K1,4
Ukraine,K2,1
Ukraine,L1,27
Ukraine,L2,39
Ukraine,M1,1
Ukraine,O1,7
Ukraine,O2,12
Ukraine,O3,6
Ukraine,P1,87
Ukraine,P3,6
Ukraine,R1,1
Ukraine,TD,3
United Arab Emirates,A1,1
United Arab Emirates,A2,84
United Arab Emirates,B1,1
United Arab Emirates,B1/B2,"1,300"
United Arab Emirates,B2,8
United Arab Emirates,C3,1
United Arab Emirates,D,29
United Arab Emirates,F1,27
United Arab Emirates,F2,2
United Arab Emirates,G2,2
United Arab Emirates,I,1
United Arab Emirates,J1,3
Unknown,A1,3
Unknown,A2,37
Unknown,B1,36
Unknown,B1/B2,"7,273"
Unknown,B2,9
Unknown,BBBCC,14
Unknown,BBBCV,9
Unknown,C1,5
Unknown,C1/D,507
Unknown,C3,3
Unknown,CW1,4
Unknown,D,1
Unknown,E1,3
Unknown,E2,48
Unknown,E3,2
Unknown,E3D,1
Unknown,E3R,4
Unknown,F1,194
Unknown,F2,11
Unknown,G2,4
Unknown,G4,18
Unknown,H1B,290
Unknown,H2A,5
Unknown,H2B,22
Unknown,H4,240
Unknown,I,10
Unknown,J1,135
Unknown,J2,39
Unknown,L1,98
Unknown,L2,76
Unknown,M1,1
Unknown,NATO2,10
Unknown,O1,6
Unknown,O2,11
Unknown,P1,6
Unknown,P3,7
Unknown,R1,7
Unknown,R2,1
Unknown,TD,1
Unknown,TN,1
Uruguay,A1,2
Uruguay,A2,5
Uruguay,B1,1
Uruguay,B1/B2,"2,191"
Uruguay,B2,5
Uruguay,C1/D,9
Uruguay,E2,2
Uruguay,F1,1
Uruguay,G2,1
Uruguay,G4,9
Uruguay,H1B,2
Uruguay,H2A,2
Uruguay,H4,1
Uruguay,I,1
Uruguay,J1,42
Uruguay,J2,2
Uruguay,L1,2
Uruguay,L2,1
Uruguay,O1,3
Uruguay,O3,2
Uruguay,P1,1
Uruguay,R1,2
Uzbekistan,A1,1
Uzbekistan,A2,58
Uzbekistan,B1,4
Uzbekistan,B1/B2,704
Uzbekistan,B2,7
Uzbekistan,C1,1
Uzbekistan,C1/D,31
Uzbekistan,F1,5
Uzbekistan,F2,2
Uzbekistan,G2,19
Uzbekistan,G4,9
Uzbekistan,H1B,6
Uzbekistan,H4,7
Uzbekistan,I,2
Uzbekistan,J1,35
Uzbekistan,K1,7
Uzbekistan,K2,1
Uzbekistan,L1,1
Uzbekistan,O1,3
Uzbekistan,O3,3
Vanuatu,A1,1
Vanuatu,B1/B2,9
Vanuatu,C3,6
Vanuatu,G2,2
Vanuatu,R1,1
Vatican City,A2,2
Vatican City,B1/B2,1
Venezuela,A2,1
Venezuela,B1,6
Venezuela,B1/B2,"6,025"
Venezuela,B2,14
Venezuela,BBBCC,1
Venezuela,C1,2
Venezuela,C1/D,50
Venezuela,E2,1
Venezuela,F1,38
Venezuela,G3,2
Venezuela,G4,10
Venezuela,H1B,27
Venezuela,H2B,2
Venezuela,H4,11
Venezuela,I,5
Venezuela,J1,21
Venezuela,J2,1
Venezuela,K1,18
Venezuela,K2,9
Venezuela,L1,23
Venezuela,L2,25
Venezuela,M1,1
Venezuela,O1,11
Venezuela,O2,3
Venezuela,O3,12
Venezuela,P1,34
Venezuela,P4,3
Venezuela,R1,1
Venezuela,TD,1
Vietnam,A1,12
Vietnam,A2,44
Vietnam,B1,14
Vietnam,B1/B2,"8,427"
Vietnam,B2,10
Vietnam,C1,4
Vietnam,C1/D,480
Vietnam,C3,4
Vietnam,F1,442
Vietnam,F2,7
Vietnam,G1,4
Vietnam,G2,20
Vietnam,G4,20
Vietnam,H1B,56
Vietnam,H4,17
Vietnam,I,2
Vietnam,J1,47
Vietnam,J2,9
Vietnam,K1,171
Vietnam,K2,41
Vietnam,L1,28
Vietnam,L2,26
Vietnam,M1,6
Vietnam,O1,7
Vietnam,O2,2
Vietnam,O3,3
Vietnam,P3,2
Vietnam,R1,6
Yemen,A2,10
Yemen,A3,2
Yemen,B1,2
Yemen,B1/B2,314
Yemen,C1/D,2
Yemen,F1,5
Yemen,G2,7
Yemen,G4,7
Yemen,H1B,1
Yemen,H4,1
Yemen,J1,1
Yemen,K1,11
Zambia,A2,17
Zambia,B1,1
Zambia,B1/B2,195
Zambia,C1,5
Zambia,C1/D,18
Zambia,C3,3
Zambia,F1,8
Zambia,F2,4
Zambia,G2,8
Zambia,G4,18
Zambia,H1B,2
Zambia,K1,12
Zambia,K2,1
Zimbabwe,A1,1
Zimbabwe,A2,5
Zimbabwe,B1,5
Zimbabwe,B1/B2,785
Zimbabwe,B2,1
Zimbabwe,C1,17
Zimbabwe,C1/D,407
Zimbabwe,D,1
Zimbabwe,F1,156
Zimbabwe,F2,50
Zimbabwe,G1,9
Zimbabwe,G2,9
Zimbabwe,G4,45
Zimbabwe,H1B,13
Zimbabwe,H4,1
Zimbabwe,I,2
Zimbabwe,J1,32
Zimbabwe,J2,21
Zimbabwe,K1,3
Zimbabwe,L1,4
Zimbabwe,L2,4
Zimbabwe,M1,1
Zimbabwe,O1,1
Zimbabwe,P1,1
Zimbabwe,Q1,1
Zimbabwe,R1,8
Zimbabwe,R2,1
GRAND TOTAL,,"977,715"
"*""Non-nationality based issuances"" includes individuals presenting travel documents issued by a competent authority other than their country of nationality, including, for example, aliens traveling on a Laissez-Passer issued by the United Nations and refugees residing in another country.",,